{
	"credit": "Made with Blockbench",
	"parent": "minecraft:block/cube_column",
	"textures": {
		"1": "block/bookshelf/books",
		"particle": "block/bookshelf/books",
		"end": "block/oak_planks"
	},
	"elements": [
		{
			"from": [7.25, 1, 0],
			"to": [8.25, 15, 16],
			"rotation": {"angle": 0, "axis": "y", "origin": [-9, 17, 0]},
			"faces": {
				"north": {"uv": [0, 0, 1, 16], "texture": "#end"},
				"east": {"uv": [0, 0, 16, 16], "texture": "#end"},
				"south": {"uv": [0, 0, 1, 16], "texture": "#end"},
				"west": {"uv": [0, 0, 16, 16], "texture": "#end"},
				"up": {"uv": [0, 0, 16, 1], "rotation": 90, "texture": "#end"},
				"down": {"uv": [0, 0, 16, 1], "rotation": 270, "texture": "#end"}
			}
		},
		{
			"from": [0, 12.5, 9.25],
			"to": [0.25, 14, 14.75],
			"rotation": {"angle": 0, "axis": "y", "origin": [0, 7, 0]},
			"faces": {
				"north": {"uv": [3.87266, 8.17969, 4.64609, 16], "rotation": 270, "texture": "#1"},
				"east": {"uv": [3.87266, 8.17969, 4.64609, 16], "rotation": 270, "texture": "#1"},
				"south": {"uv": [3.87266, 8.17969, 4.64609, 16], "rotation": 270, "texture": "#1"},
				"west": {"uv": [8.84531, 8.11133, 10.67344, 15.93164], "rotation": 90, "texture": "#1"},
				"up": {"uv": [3.87266, 8.17969, 4.64609, 16], "rotation": 180, "texture": "#1"},
				"down": {"uv": [3.87266, 8.17969, 4.64609, 16], "texture": "#1"}
			}
		},
		{
			"from": [0.25, 12.75, 9.5],
			"to": [6.25, 13.75, 14.5],
			"rotation": {"angle": 0, "axis": "y", "origin": [0, 7, 0]},
			"faces": {
				"north": {"uv": [0, 0, 1, 6], "rotation": 270, "texture": "#1"},
				"east": {"uv": [0, 0, 1, 5], "rotation": 270, "texture": "#1"},
				"south": {"uv": [0, 0, 1, 6], "rotation": 270, "texture": "#1"},
				"west": {"uv": [0, 0, 1, 5], "rotation": 90, "texture": "#1"},
				"up": {"uv": [0, 0, 1.60938, 7.79688], "rotation": 180, "texture": "#1"},
				"down": {"uv": [0, 0, 1.53906, 7.76172], "texture": "#1"}
			}
		},
		{
			"from": [0.25, 12.5, 9.25],
			"to": [6.5, 12.75, 14.75],
			"rotation": {"angle": 0, "axis": "y", "origin": [0, 7, 0]},
			"faces": {
				"north": {"uv": [3.5, 8.03906, 8.72266, 16], "rotation": 270, "texture": "#1"},
				"east": {"uv": [3.5, 8.03906, 8.72266, 16], "rotation": 270, "texture": "#1"},
				"south": {"uv": [3.52344, 8.03906, 8.74609, 16], "rotation": 270, "texture": "#1"},
				"west": {"uv": [3.5, 8.03906, 8.72266, 16], "rotation": 90, "texture": "#1"},
				"up": {"uv": [3.5, 8.03906, 8.72266, 16], "rotation": 180, "texture": "#1"},
				"down": {"uv": [3.52344, 8.03906, 8.74609, 16], "texture": "#1"}
			}
		},
		{
			"from": [0.25, 13.75, 9.25],
			"to": [6.5, 14, 14.75],
			"rotation": {"angle": 0, "axis": "y", "origin": [0, 7, 0]},
			"faces": {
				"north": {"uv": [5.92188, 8.05469, 6.28125, 15.52344], "rotation": 270, "texture": "#1"},
				"east": {"uv": [6.05469, 8.14844, 6.32813, 15.53906], "rotation": 270, "texture": "#1"},
				"south": {"uv": [5.93359, 8.10156, 6.25391, 15.59375], "rotation": 270, "texture": "#1"},
				"west": {"uv": [5.96094, 8.12891, 6.30078, 15.58203], "rotation": 90, "texture": "#1"},
				"up": {"uv": [10.68359, 8.08594, 16, 16], "rotation": 180, "texture": "#1"},
				"down": {"uv": [3.5, 8.03906, 8.72266, 16], "texture": "#1"}
			}
		},
		{
			"from": [0.5, 11, 8.75],
			"to": [0.75, 12.5, 14.25],
			"rotation": {"angle": 0, "axis": "y", "origin": [0, 7, 0]},
			"faces": {
				"north": {"uv": [3.87266, 8.17969, 4.64609, 16], "rotation": 270, "texture": "#1"},
				"east": {"uv": [3.87266, 8.17969, 4.64609, 16], "rotation": 270, "texture": "#1"},
				"south": {"uv": [3.87266, 8.17969, 4.64609, 16], "rotation": 270, "texture": "#1"},
				"west": {"uv": [8.84531, 8.11133, 10.67344, 15.93164], "rotation": 90, "texture": "#1"},
				"up": {"uv": [3.87266, 8.17969, 4.64609, 16], "rotation": 180, "texture": "#1"},
				"down": {"uv": [3.87266, 8.17969, 4.64609, 16], "texture": "#1"}
			}
		},
		{
			"from": [0.75, 11.25, 9],
			"to": [6.75, 12.25, 14],
			"rotation": {"angle": 0, "axis": "y", "origin": [0, 7, 0]},
			"faces": {
				"north": {"uv": [0, 0, 1, 6], "rotation": 270, "texture": "#1"},
				"east": {"uv": [0, 0, 1, 5], "rotation": 270, "texture": "#1"},
				"south": {"uv": [0, 0, 1, 6], "rotation": 270, "texture": "#1"},
				"west": {"uv": [0, 0, 1, 5], "rotation": 90, "texture": "#1"},
				"up": {"uv": [0, 0, 1.60938, 7.79688], "rotation": 180, "texture": "#1"},
				"down": {"uv": [0, 0, 1.53906, 7.76172], "texture": "#1"}
			}
		},
		{
			"from": [0.75, 11, 8.75],
			"to": [7, 11.25, 14.25],
			"rotation": {"angle": 0, "axis": "y", "origin": [0, 7, 0]},
			"faces": {
				"north": {"uv": [3.5, 8.03906, 8.72266, 16], "rotation": 270, "texture": "#1"},
				"east": {"uv": [3.5, 8.03906, 8.72266, 16], "rotation": 270, "texture": "#1"},
				"south": {"uv": [3.52344, 8.03906, 8.74609, 16], "rotation": 270, "texture": "#1"},
				"west": {"uv": [3.5, 8.03906, 8.72266, 16], "rotation": 90, "texture": "#1"},
				"up": {"uv": [3.5, 8.03906, 8.72266, 16], "rotation": 180, "texture": "#1"},
				"down": {"uv": [3.52344, 8.03906, 8.74609, 16], "texture": "#1"}
			}
		},
		{
			"from": [0.75, 12.25, 8.75],
			"to": [7, 12.5, 14.25],
			"rotation": {"angle": 0, "axis": "y", "origin": [0, 7, 0]},
			"faces": {
				"north": {"uv": [5.92188, 8.05469, 6.28125, 15.52344], "rotation": 270, "texture": "#1"},
				"east": {"uv": [6.05469, 8.14844, 6.32813, 15.53906], "rotation": 270, "texture": "#1"},
				"south": {"uv": [5.93359, 8.10156, 6.25391, 15.59375], "rotation": 270, "texture": "#1"},
				"west": {"uv": [5.96094, 8.12891, 6.30078, 15.58203], "rotation": 90, "texture": "#1"},
				"up": {"uv": [10.68359, 8.08594, 16, 16], "rotation": 180, "texture": "#1"},
				"down": {"uv": [3.5, 8.03906, 8.72266, 16], "texture": "#1"}
			}
		},
		{
			"from": [0.75, 9.5, 9.25],
			"to": [1, 11, 14.75],
			"rotation": {"angle": 0, "axis": "y", "origin": [0, 7, 0]},
			"faces": {
				"north": {"uv": [3.94297, 0, 4.71641, 7.82031], "rotation": 270, "texture": "#1"},
				"east": {"uv": [4.16172, 0, 4.93516, 7.82031], "rotation": 270, "texture": "#1"},
				"south": {"uv": [4.12266, 0, 4.89609, 7.82031], "rotation": 270, "texture": "#1"},
				"west": {"uv": [8.84531, 0, 10.67344, 7.82031], "rotation": 90, "texture": "#1"},
				"up": {"uv": [4.05234, 0, 4.82578, 7.82031], "rotation": 180, "texture": "#1"},
				"down": {"uv": [4.12266, 0, 4.89609, 7.82031], "texture": "#1"}
			}
		},
		{
			"from": [1, 9.75, 9.5],
			"to": [7, 10.75, 14.5],
			"rotation": {"angle": 0, "axis": "y", "origin": [0, 7, 0]},
			"faces": {
				"north": {"uv": [0, 0, 1, 6], "rotation": 270, "texture": "#1"},
				"east": {"uv": [0, 0, 1, 5], "rotation": 270, "texture": "#1"},
				"south": {"uv": [0, 0, 1, 6], "rotation": 270, "texture": "#1"},
				"west": {"uv": [0, 0, 1, 5], "rotation": 90, "texture": "#1"},
				"up": {"uv": [0, 0, 1.60938, 7.79688], "rotation": 180, "texture": "#1"},
				"down": {"uv": [0, 0, 1.53906, 7.76172], "texture": "#1"}
			}
		},
		{
			"from": [1, 9.5, 9.25],
			"to": [7.25, 9.75, 14.75],
			"rotation": {"angle": 0, "axis": "y", "origin": [0, 7, 0]},
			"faces": {
				"north": {"uv": [3.52344, 0, 8.74609, 7.96094], "rotation": 270, "texture": "#1"},
				"east": {"uv": [3.5, 0, 8.72266, 7.96094], "rotation": 270, "texture": "#1"},
				"south": {"uv": [3.5, 0, 8.72266, 7.96094], "rotation": 270, "texture": "#1"},
				"west": {"uv": [3.5, 0, 8.72266, 7.96094], "rotation": 90, "texture": "#1"},
				"up": {"uv": [3.5, 0, 8.72266, 7.96094], "rotation": 180, "texture": "#1"},
				"down": {"uv": [3.5, 0, 8.72266, 7.96094], "texture": "#1"}
			}
		},
		{
			"from": [1, 10.75, 9.25],
			"to": [7.25, 11, 14.75],
			"rotation": {"angle": 0, "axis": "y", "origin": [0, 7, 0]},
			"faces": {
				"north": {"uv": [5.94531, 0.01563, 6.30469, 7.48438], "rotation": 270, "texture": "#1"},
				"east": {"uv": [6.05469, 0.10938, 6.32813, 7.5], "rotation": 270, "texture": "#1"},
				"south": {"uv": [5.91016, 0.0625, 6.23047, 7.55469], "rotation": 270, "texture": "#1"},
				"west": {"uv": [5.96094, 0.08984, 6.30078, 7.54297], "rotation": 90, "texture": "#1"},
				"up": {"uv": [10.68359, 0.04688, 16, 7.96094], "rotation": 180, "texture": "#1"},
				"down": {"uv": [3.47656, 0, 8.69922, 7.96094], "texture": "#1"}
			}
		},
		{
			"from": [0, 8, 8.75],
			"to": [0.25, 9.5, 14.25],
			"rotation": {"angle": 0, "axis": "y", "origin": [0, 7, 0]},
			"faces": {
				"north": {"uv": [3.87266, 8.17969, 4.64609, 16], "rotation": 270, "texture": "#1"},
				"east": {"uv": [3.87266, 8.17969, 4.64609, 16], "rotation": 270, "texture": "#1"},
				"south": {"uv": [3.87266, 8.17969, 4.64609, 16], "rotation": 270, "texture": "#1"},
				"west": {"uv": [8.84531, 8.11133, 10.67344, 15.93164], "rotation": 90, "texture": "#1"},
				"up": {"uv": [3.87266, 8.17969, 4.64609, 16], "rotation": 180, "texture": "#1"},
				"down": {"uv": [3.87266, 8.17969, 4.64609, 16], "texture": "#1"}
			}
		},
		{
			"from": [0.25, 8.25, 9],
			"to": [6.25, 9.25, 14],
			"rotation": {"angle": 0, "axis": "y", "origin": [0, 7, 0]},
			"faces": {
				"north": {"uv": [0, 0, 1, 6], "rotation": 270, "texture": "#1"},
				"east": {"uv": [0, 0, 1, 5], "rotation": 270, "texture": "#1"},
				"south": {"uv": [0, 0, 1, 6], "rotation": 270, "texture": "#1"},
				"west": {"uv": [0, 0, 1, 5], "rotation": 90, "texture": "#1"},
				"up": {"uv": [0, 0, 1.60938, 7.79688], "rotation": 180, "texture": "#1"},
				"down": {"uv": [0, 0, 1.53906, 7.76172], "texture": "#1"}
			}
		},
		{
			"from": [0.25, 8, 8.75],
			"to": [6.5, 8.25, 14.25],
			"rotation": {"angle": 0, "axis": "y", "origin": [0, 7, 0]},
			"faces": {
				"north": {"uv": [3.5, 8.03906, 8.72266, 16], "rotation": 270, "texture": "#1"},
				"east": {"uv": [3.5, 8.03906, 8.72266, 16], "rotation": 270, "texture": "#1"},
				"south": {"uv": [3.52344, 8.03906, 8.74609, 16], "rotation": 270, "texture": "#1"},
				"west": {"uv": [3.5, 8.03906, 8.72266, 16], "rotation": 90, "texture": "#1"},
				"up": {"uv": [3.5, 8.03906, 8.72266, 16], "rotation": 180, "texture": "#1"},
				"down": {"uv": [3.52344, 8.03906, 8.74609, 16], "texture": "#1"}
			}
		},
		{
			"from": [0.25, 9.25, 8.75],
			"to": [6.5, 9.5, 14.25],
			"rotation": {"angle": 0, "axis": "y", "origin": [0, 7, 0]},
			"faces": {
				"north": {"uv": [5.92188, 8.05469, 6.28125, 15.52344], "rotation": 270, "texture": "#1"},
				"east": {"uv": [6.05469, 8.14844, 6.32813, 15.53906], "rotation": 270, "texture": "#1"},
				"south": {"uv": [5.93359, 8.10156, 6.25391, 15.59375], "rotation": 270, "texture": "#1"},
				"west": {"uv": [5.96094, 8.12891, 6.30078, 15.58203], "rotation": 90, "texture": "#1"},
				"up": {"uv": [10.68359, 8.08594, 16, 16], "rotation": 180, "texture": "#1"},
				"down": {"uv": [3.5, 8.03906, 8.72266, 16], "texture": "#1"}
			}
		},
		{
			"from": [5.75, 5.5, 12.75],
			"to": [11.25, 7, 13],
			"rotation": {"angle": -22.5, "axis": "y", "origin": [0, 7, 0]},
			"faces": {
				"north": {"uv": [3.87266, 8.17969, 4.64609, 16], "rotation": 270, "texture": "#1"},
				"east": {"uv": [3.87266, 8.17969, 4.64609, 16], "rotation": 270, "texture": "#1"},
				"south": {"uv": [8.84531, 8.11133, 10.67344, 15.93164], "rotation": 90, "texture": "#1"},
				"west": {"uv": [3.87266, 8.17969, 4.64609, 16], "rotation": 270, "texture": "#1"},
				"up": {"uv": [3.87266, 8.17969, 4.64609, 16], "rotation": 90, "texture": "#1"},
				"down": {"uv": [3.87266, 8.17969, 4.64609, 16], "rotation": 90, "texture": "#1"}
			}
		},
		{
			"from": [6, 5.75, 6.75],
			"to": [11, 6.75, 12.75],
			"rotation": {"angle": -22.5, "axis": "y", "origin": [0, 7, 0]},
			"faces": {
				"north": {"uv": [0, 0, 1, 5], "rotation": 270, "texture": "#1"},
				"east": {"uv": [0, 0, 1, 6], "rotation": 270, "texture": "#1"},
				"south": {"uv": [0, 0, 1, 5], "rotation": 90, "texture": "#1"},
				"west": {"uv": [0, 0, 1, 6], "rotation": 270, "texture": "#1"},
				"up": {"uv": [0, 0, 1.60938, 7.79688], "rotation": 90, "texture": "#1"},
				"down": {"uv": [0, 0, 1.53906, 7.76172], "rotation": 90, "texture": "#1"}
			}
		},
		{
			"from": [5.75, 5.5, 6.5],
			"to": [11.25, 5.75, 12.75],
			"rotation": {"angle": -22.5, "axis": "y", "origin": [0, 7, 0]},
			"faces": {
				"north": {"uv": [3.5, 8.03906, 8.72266, 16], "rotation": 270, "texture": "#1"},
				"east": {"uv": [3.52344, 8.03906, 8.74609, 16], "rotation": 270, "texture": "#1"},
				"south": {"uv": [3.5, 8.03906, 8.72266, 16], "rotation": 90, "texture": "#1"},
				"west": {"uv": [3.5, 8.03906, 8.72266, 16], "rotation": 270, "texture": "#1"},
				"up": {"uv": [3.5, 8.03906, 8.72266, 16], "rotation": 90, "texture": "#1"},
				"down": {"uv": [3.52344, 8.03906, 8.74609, 16], "rotation": 90, "texture": "#1"}
			}
		},
		{
			"from": [5.75, 6.75, 6.5],
			"to": [11.25, 7, 12.75],
			"rotation": {"angle": -22.5, "axis": "y", "origin": [0, 7, 0]},
			"faces": {
				"north": {"uv": [6.05469, 8.14844, 6.32813, 15.53906], "rotation": 270, "texture": "#1"},
				"east": {"uv": [5.93359, 8.10156, 6.25391, 15.59375], "rotation": 270, "texture": "#1"},
				"south": {"uv": [5.96094, 8.12891, 6.30078, 15.58203], "rotation": 90, "texture": "#1"},
				"west": {"uv": [5.92188, 8.05469, 6.28125, 15.52344], "rotation": 270, "texture": "#1"},
				"up": {"uv": [10.68359, 8.08594, 16, 16], "rotation": 90, "texture": "#1"},
				"down": {"uv": [3.5, 8.03906, 8.72266, 16], "rotation": 90, "texture": "#1"}
			}
		},
		{
			"from": [8, 4, 9],
			"to": [13.5, 5.5, 9.25],
			"rotation": {"angle": -45, "axis": "y", "origin": [0, 7, 0]},
			"faces": {
				"north": {"uv": [3.87266, 8.17969, 4.64609, 16], "rotation": 270, "texture": "#1"},
				"east": {"uv": [3.87266, 8.17969, 4.64609, 16], "rotation": 270, "texture": "#1"},
				"south": {"uv": [8.84531, 8.11133, 10.67344, 15.93164], "rotation": 90, "texture": "#1"},
				"west": {"uv": [3.87266, 8.17969, 4.64609, 16], "rotation": 270, "texture": "#1"},
				"up": {"uv": [3.87266, 8.17969, 4.64609, 16], "rotation": 90, "texture": "#1"},
				"down": {"uv": [3.87266, 8.17969, 4.64609, 16], "rotation": 90, "texture": "#1"}
			}
		},
		{
			"from": [8.25, 4.25, 3],
			"to": [13.25, 5.25, 9],
			"rotation": {"angle": -45, "axis": "y", "origin": [0, 7, 0]},
			"faces": {
				"north": {"uv": [0, 0, 1, 5], "rotation": 270, "texture": "#1"},
				"east": {"uv": [0, 0, 1, 6], "rotation": 270, "texture": "#1"},
				"south": {"uv": [0, 0, 1, 5], "rotation": 90, "texture": "#1"},
				"west": {"uv": [0, 0, 1, 6], "rotation": 270, "texture": "#1"},
				"up": {"uv": [0, 0, 1.60938, 7.79688], "rotation": 90, "texture": "#1"},
				"down": {"uv": [0, 0, 1.53906, 7.76172], "rotation": 90, "texture": "#1"}
			}
		},
		{
			"from": [8, 4, 2.75],
			"to": [13.5, 4.25, 9],
			"rotation": {"angle": -45, "axis": "y", "origin": [0, 7, 0]},
			"faces": {
				"north": {"uv": [3.5, 8.03906, 8.72266, 16], "rotation": 270, "texture": "#1"},
				"east": {"uv": [3.52344, 8.03906, 8.74609, 16], "rotation": 270, "texture": "#1"},
				"south": {"uv": [3.5, 8.03906, 8.72266, 16], "rotation": 90, "texture": "#1"},
				"west": {"uv": [3.5, 8.03906, 8.72266, 16], "rotation": 270, "texture": "#1"},
				"up": {"uv": [3.5, 8.03906, 8.72266, 16], "rotation": 90, "texture": "#1"},
				"down": {"uv": [3.52344, 8.03906, 8.74609, 16], "rotation": 90, "texture": "#1"}
			}
		},
		{
			"from": [8, 5.25, 2.75],
			"to": [13.5, 5.5, 9],
			"rotation": {"angle": -45, "axis": "y", "origin": [0, 7, 0]},
			"faces": {
				"north": {"uv": [6.05469, 8.14844, 6.32813, 15.53906], "rotation": 270, "texture": "#1"},
				"east": {"uv": [5.93359, 8.10156, 6.25391, 15.59375], "rotation": 270, "texture": "#1"},
				"south": {"uv": [5.96094, 8.12891, 6.30078, 15.58203], "rotation": 90, "texture": "#1"},
				"west": {"uv": [5.92188, 8.05469, 6.28125, 15.52344], "rotation": 270, "texture": "#1"},
				"up": {"uv": [10.68359, 8.08594, 16, 16], "rotation": 90, "texture": "#1"},
				"down": {"uv": [3.5, 8.03906, 8.72266, 16], "rotation": 90, "texture": "#1"}
			}
		},
		{
			"from": [5.75, 2.5, 12],
			"to": [11.25, 4, 12.25],
			"rotation": {"angle": -22.5, "axis": "y", "origin": [0, 7, 0]},
			"faces": {
				"north": {"uv": [4.16172, 0, 4.93516, 7.82031], "rotation": 270, "texture": "#1"},
				"east": {"uv": [4.12266, 0, 4.89609, 7.82031], "rotation": 270, "texture": "#1"},
				"south": {"uv": [8.84531, 0, 10.67344, 7.82031], "rotation": 90, "texture": "#1"},
				"west": {"uv": [3.94297, 0, 4.71641, 7.82031], "rotation": 270, "texture": "#1"},
				"up": {"uv": [4.05234, 0, 4.82578, 7.82031], "rotation": 90, "texture": "#1"},
				"down": {"uv": [4.12266, 0, 4.89609, 7.82031], "rotation": 90, "texture": "#1"}
			}
		},
		{
			"from": [6, 2.75, 6],
			"to": [11, 3.75, 12],
			"rotation": {"angle": -22.5, "axis": "y", "origin": [0, 7, 0]},
			"faces": {
				"north": {"uv": [0, 0, 1, 5], "rotation": 270, "texture": "#1"},
				"east": {"uv": [0, 0, 1, 6], "rotation": 270, "texture": "#1"},
				"south": {"uv": [0, 0, 1, 5], "rotation": 90, "texture": "#1"},
				"west": {"uv": [0, 0, 1, 6], "rotation": 270, "texture": "#1"},
				"up": {"uv": [0, 0, 1.60938, 7.79688], "rotation": 90, "texture": "#1"},
				"down": {"uv": [0, 0, 1.53906, 7.76172], "rotation": 90, "texture": "#1"}
			}
		},
		{
			"from": [5.75, 2.5, 5.75],
			"to": [11.25, 2.75, 12],
			"rotation": {"angle": -22.5, "axis": "y", "origin": [0, 7, 0]},
			"faces": {
				"north": {"uv": [3.5, 0, 8.72266, 7.96094], "rotation": 270, "texture": "#1"},
				"east": {"uv": [3.5, 0, 8.72266, 7.96094], "rotation": 270, "texture": "#1"},
				"south": {"uv": [3.5, 0, 8.72266, 7.96094], "rotation": 90, "texture": "#1"},
				"west": {"uv": [3.52344, 0, 8.74609, 7.96094], "rotation": 270, "texture": "#1"},
				"up": {"uv": [3.5, 0, 8.72266, 7.96094], "rotation": 90, "texture": "#1"},
				"down": {"uv": [3.5, 0, 8.72266, 7.96094], "rotation": 90, "texture": "#1"}
			}
		},
		{
			"from": [5.75, 3.75, 5.75],
			"to": [11.25, 4, 12],
			"rotation": {"angle": -22.5, "axis": "y", "origin": [0, 7, 0]},
			"faces": {
				"north": {"uv": [6.05469, 0.10938, 6.32813, 7.5], "rotation": 270, "texture": "#1"},
				"east": {"uv": [5.91016, 0.0625, 6.23047, 7.55469], "rotation": 270, "texture": "#1"},
				"south": {"uv": [5.96094, 0.08984, 6.30078, 7.54297], "rotation": 90, "texture": "#1"},
				"west": {"uv": [5.94531, 0.01563, 6.30469, 7.48438], "rotation": 270, "texture": "#1"},
				"up": {"uv": [10.68359, 0.04688, 16, 7.96094], "rotation": 90, "texture": "#1"},
				"down": {"uv": [3.47656, 0, 8.69922, 7.96094], "rotation": 90, "texture": "#1"}
			}
		},
		{
			"from": [5.25, 1, 12.75],
			"to": [10.75, 2.5, 13],
			"rotation": {"angle": -22.5, "axis": "y", "origin": [0, 7, 0]},
			"faces": {
				"north": {"uv": [3.87266, 8.17969, 4.64609, 16], "rotation": 270, "texture": "#1"},
				"east": {"uv": [3.87266, 8.17969, 4.64609, 16], "rotation": 270, "texture": "#1"},
				"south": {"uv": [8.84531, 8.11133, 10.67344, 15.93164], "rotation": 90, "texture": "#1"},
				"west": {"uv": [3.87266, 8.17969, 4.64609, 16], "rotation": 270, "texture": "#1"},
				"up": {"uv": [3.87266, 8.17969, 4.64609, 16], "rotation": 90, "texture": "#1"},
				"down": {"uv": [3.87266, 8.17969, 4.64609, 16], "rotation": 90, "texture": "#1"}
			}
		},
		{
			"from": [5.5, 1.25, 6.75],
			"to": [10.5, 2.25, 12.75],
			"rotation": {"angle": -22.5, "axis": "y", "origin": [0, 7, 0]},
			"faces": {
				"north": {"uv": [0, 0, 1, 5], "rotation": 270, "texture": "#1"},
				"east": {"uv": [0, 0, 1, 6], "rotation": 270, "texture": "#1"},
				"south": {"uv": [0, 0, 1, 5], "rotation": 90, "texture": "#1"},
				"west": {"uv": [0, 0, 1, 6], "rotation": 270, "texture": "#1"},
				"up": {"uv": [0, 0, 1.60938, 7.79688], "rotation": 90, "texture": "#1"},
				"down": {"uv": [0, 0, 1.53906, 7.76172], "rotation": 90, "texture": "#1"}
			}
		},
		{
			"from": [5.25, 1, 6.5],
			"to": [10.75, 1.25, 12.75],
			"rotation": {"angle": -22.5, "axis": "y", "origin": [0, 7, 0]},
			"faces": {
				"north": {"uv": [3.5, 8.03906, 8.72266, 16], "rotation": 270, "texture": "#1"},
				"east": {"uv": [3.52344, 8.03906, 8.74609, 16], "rotation": 270, "texture": "#1"},
				"south": {"uv": [3.5, 8.03906, 8.72266, 16], "rotation": 90, "texture": "#1"},
				"west": {"uv": [3.5, 8.03906, 8.72266, 16], "rotation": 270, "texture": "#1"},
				"up": {"uv": [3.5, 8.03906, 8.72266, 16], "rotation": 90, "texture": "#1"},
				"down": {"uv": [3.52344, 8.03906, 8.74609, 16], "rotation": 90, "texture": "#1"}
			}
		},
		{
			"from": [5.25, 2.25, 6.5],
			"to": [10.75, 2.5, 12.75],
			"rotation": {"angle": -22.5, "axis": "y", "origin": [0, 7, 0]},
			"faces": {
				"north": {"uv": [6.05469, 8.14844, 6.32813, 15.53906], "rotation": 270, "texture": "#1"},
				"east": {"uv": [5.93359, 8.10156, 6.25391, 15.59375], "rotation": 270, "texture": "#1"},
				"south": {"uv": [5.96094, 8.12891, 6.30078, 15.58203], "rotation": 90, "texture": "#1"},
				"west": {"uv": [5.92188, 8.05469, 6.28125, 15.52344], "rotation": 270, "texture": "#1"},
				"up": {"uv": [10.68359, 8.08594, 16, 16], "rotation": 90, "texture": "#1"},
				"down": {"uv": [3.5, 8.03906, 8.72266, 16], "rotation": 90, "texture": "#1"}
			}
		},
		{
			"from": [0, 15, 0],
			"to": [16, 16, 16],
			"rotation": {"angle": 0, "axis": "y", "origin": [-9, 17, 0]},
			"faces": {
				"north": {"uv": [0, 0, 1, 14], "rotation": 90, "texture": "#end"},
				"east": {"uv": [0, 0, 16, 1], "rotation": 180, "texture": "#end"},
				"south": {"uv": [0, 0, 1, 14], "rotation": 270, "texture": "#end"},
				"west": {"uv": [0, 0, 16, 1], "texture": "#end"},
				"up": {"uv": [0, 0, 16, 14], "rotation": 270, "texture": "#end"},
				"down": {"uv": [0, 0, 16, 14], "rotation": 270, "texture": "#end"}
			}
		},
		{
			"from": [0, 7, 0.25],
			"to": [16, 8, 15.75],
			"rotation": {"angle": 0, "axis": "y", "origin": [-9, 17, 0]},
			"faces": {
				"north": {"uv": [0, 0, 1, 14], "rotation": 90, "texture": "#end"},
				"east": {"uv": [0, 0, 16, 1], "rotation": 180, "texture": "#end"},
				"south": {"uv": [0, 0, 1, 14], "rotation": 270, "texture": "#end"},
				"west": {"uv": [0, 0, 16, 1], "texture": "#end"},
				"up": {"uv": [0, 0, 16, 14], "rotation": 270, "texture": "#end"},
				"down": {"uv": [0, 0, 16, 14], "rotation": 270, "texture": "#end"}
			}
		},
		{
			"from": [0, 0, 0],
			"to": [16, 1, 16],
			"rotation": {"angle": 0, "axis": "y", "origin": [-9, 17, 0]},
			"faces": {
				"north": {"uv": [0, 0, 1, 14], "rotation": 90, "texture": "#end"},
				"east": {"uv": [0, 0, 16, 1], "rotation": 180, "texture": "#end"},
				"south": {"uv": [0, 0, 1, 14], "rotation": 270, "texture": "#end"},
				"west": {"uv": [0, 0, 16, 1], "texture": "#end"},
				"up": {"uv": [0, 0, 16, 14], "rotation": 270, "texture": "#end"},
				"down": {"uv": [0, 0, 16, 14], "rotation": 270, "texture": "#end"}
			}
		},
		{
			"from": [11.25, 1, 1.25],
			"to": [11.5, 6.5, 7.5],
			"faces": {
				"north": {"uv": [5.96094, 8.12891, 6.30078, 15.58203], "texture": "#1"},
				"east": {"uv": [10.68359, 8.08594, 16, 16], "texture": "#1"},
				"south": {"uv": [6.05469, 8.14844, 6.32813, 15.53906], "texture": "#1"},
				"west": {"uv": [3.5, 8.03906, 8.72266, 16], "texture": "#1"},
				"up": {"uv": [5.93359, 8.10156, 6.25391, 15.59375], "texture": "#1"},
				"down": {"uv": [5.92188, 8.05469, 6.28125, 15.52344], "texture": "#1"}
			}
		},
		{
			"from": [15, 1, 13.25],
			"to": [15.25, 6.5, 14.75],
			"rotation": {"angle": 0, "axis": "y", "origin": [16.25, 0, 0]},
			"faces": {
				"north": {"uv": [3.87266, 8.17969, 4.64609, 16], "texture": "#1"},
				"east": {"uv": [8.84531, 8.11133, 10.67344, 15.93164], "texture": "#1"},
				"south": {"uv": [3.87266, 8.17969, 4.64609, 16], "texture": "#1"},
				"west": {"uv": [3.87266, 8.17969, 4.64609, 16], "texture": "#1"},
				"up": {"uv": [3.87266, 8.17969, 4.64609, 16], "rotation": 90, "texture": "#1"},
				"down": {"uv": [3.87266, 8.17969, 4.64609, 16], "rotation": 270, "texture": "#1"}
			}
		},
		{
			"from": [9, 1.25, 13.5],
			"to": [15, 6.25, 14.5],
			"rotation": {"angle": 0, "axis": "y", "origin": [16.25, 0, 0]},
			"faces": {
				"north": {"uv": [0, 0, 1.53906, 7.76172], "texture": "#1"},
				"east": {"uv": [0, 0, 1, 5], "texture": "#1"},
				"south": {"uv": [0, 0, 1.60938, 7.79688], "texture": "#1"},
				"west": {"uv": [0, 0, 1, 5], "texture": "#1"},
				"up": {"uv": [0, 0, 1, 6], "rotation": 90, "texture": "#1"},
				"down": {"uv": [0, 0, 1, 6], "rotation": 270, "texture": "#1"}
			}
		},
		{
			"from": [8.75, 1, 13.25],
			"to": [15, 6.5, 13.5],
			"rotation": {"angle": 0, "axis": "y", "origin": [16.25, 0, 0]},
			"faces": {
				"north": {"uv": [3.52344, 8.03906, 8.74609, 16], "texture": "#1"},
				"east": {"uv": [3.5, 8.03906, 8.72266, 16], "texture": "#1"},
				"south": {"uv": [3.5, 8.03906, 8.72266, 16], "texture": "#1"},
				"west": {"uv": [3.5, 8.03906, 8.72266, 16], "texture": "#1"},
				"up": {"uv": [3.52344, 8.03906, 8.74609, 16], "rotation": 90, "texture": "#1"},
				"down": {"uv": [3.5, 8.03906, 8.72266, 16], "rotation": 270, "texture": "#1"}
			}
		},
		{
			"from": [8.75, 1, 14.5],
			"to": [15, 6.5, 14.75],
			"rotation": {"angle": 0, "axis": "y", "origin": [16.25, 0, 0]},
			"faces": {
				"north": {"uv": [3.5, 8.03906, 8.72266, 16], "texture": "#1"},
				"east": {"uv": [5.96094, 8.12891, 6.30078, 15.58203], "texture": "#1"},
				"south": {"uv": [10.68359, 8.08594, 16, 16], "texture": "#1"},
				"west": {"uv": [6.05469, 8.14844, 6.32813, 15.53906], "texture": "#1"},
				"up": {"uv": [5.93359, 8.10156, 6.25391, 15.59375], "rotation": 90, "texture": "#1"},
				"down": {"uv": [5.92188, 8.05469, 6.28125, 15.52344], "rotation": 270, "texture": "#1"}
			}
		},
		{
			"from": [9, 1.25, 10.5],
			"to": [15, 6.25, 11.5],
			"rotation": {"angle": 0, "axis": "y", "origin": [16.25, 0, 0]},
			"faces": {
				"north": {"uv": [0, 0, 1.53906, 7.76172], "texture": "#1"},
				"east": {"uv": [0, 0, 1, 5], "texture": "#1"},
				"south": {"uv": [0, 0, 1.60938, 7.79688], "texture": "#1"},
				"west": {"uv": [0, 0, 1, 5], "texture": "#1"},
				"up": {"uv": [0, 0, 1, 6], "rotation": 90, "texture": "#1"},
				"down": {"uv": [0, 0, 1, 6], "rotation": 270, "texture": "#1"}
			}
		},
		{
			"from": [8.75, 1, 10.25],
			"to": [15, 6.5, 10.5],
			"rotation": {"angle": 0, "axis": "y", "origin": [16.25, 0, 0]},
			"faces": {
				"north": {"uv": [3.52344, 8.03906, 8.74609, 16], "texture": "#1"},
				"east": {"uv": [3.5, 8.03906, 8.72266, 16], "texture": "#1"},
				"south": {"uv": [3.5, 8.03906, 8.72266, 16], "texture": "#1"},
				"west": {"uv": [3.5, 8.03906, 8.72266, 16], "texture": "#1"},
				"up": {"uv": [3.52344, 8.03906, 8.74609, 16], "rotation": 90, "texture": "#1"},
				"down": {"uv": [3.5, 8.03906, 8.72266, 16], "rotation": 270, "texture": "#1"}
			}
		},
		{
			"from": [8.75, 1, 11.5],
			"to": [15, 6.5, 11.75],
			"rotation": {"angle": 0, "axis": "y", "origin": [16.25, 0, 0]},
			"faces": {
				"north": {"uv": [3.52344, 8.03906, 8.74609, 16], "texture": "#1"},
				"east": {"uv": [3.5, 8.03906, 8.72266, 16], "texture": "#1"},
				"south": {"uv": [3.5, 8.03906, 8.72266, 16], "texture": "#1"},
				"west": {"uv": [3.5, 8.03906, 8.72266, 16], "texture": "#1"},
				"up": {"uv": [3.52344, 8.03906, 8.74609, 16], "rotation": 90, "texture": "#1"},
				"down": {"uv": [3.5, 8.03906, 8.72266, 16], "rotation": 270, "texture": "#1"}
			}
		},
		{
			"from": [15.5, 1, 8.5],
			"to": [15.75, 6.5, 10],
			"rotation": {"angle": 0, "axis": "y", "origin": [16.25, 0, 0]},
			"faces": {
				"north": {"uv": [3.91797, 0, 4.69141, 7.82031], "texture": "#1"},
				"east": {"uv": [8.86328, 0, 10.60547, 7.85938], "texture": "#1"},
				"south": {"uv": [3.91797, 0, 4.69141, 7.82031], "texture": "#1"},
				"west": {"uv": [3.91797, 0, 4.69141, 7.82031], "texture": "#1"},
				"up": {"uv": [3.91797, 0, 4.69141, 7.82031], "rotation": 90, "texture": "#1"},
				"down": {"uv": [3.91797, 0, 4.69141, 7.82031], "rotation": 270, "texture": "#1"}
			}
		},
		{
			"from": [9.25, 1, 8.5],
			"to": [15.5, 6.5, 8.75],
			"rotation": {"angle": 0, "axis": "y", "origin": [16.25, 0, 0]},
			"faces": {
				"north": {"uv": [3.5, 0, 8.72266, 7.96094], "texture": "#1"},
				"east": {"uv": [3.5, 0, 8.72266, 7.96094], "texture": "#1"},
				"south": {"uv": [3.5, 0, 8.72266, 7.96094], "texture": "#1"},
				"west": {"uv": [3.5, 0, 8.72266, 7.96094], "texture": "#1"},
				"up": {"uv": [3.5, 0, 8.72266, 7.96094], "rotation": 90, "texture": "#1"},
				"down": {"uv": [3.5, 0, 8.72266, 7.96094], "rotation": 270, "texture": "#1"}
			}
		},
		{
			"from": [9.5, 1.25, 8.75],
			"to": [15.5, 6.25, 9.75],
			"rotation": {"angle": 0, "axis": "y", "origin": [16.25, 0, 0]},
			"faces": {
				"north": {"uv": [0, 0, 1.53906, 7.76172], "texture": "#1"},
				"east": {"uv": [0, 0, 1, 5], "texture": "#1"},
				"south": {"uv": [0, 0, 1.60938, 7.79688], "texture": "#1"},
				"west": {"uv": [0, 0, 1, 5], "texture": "#1"},
				"up": {"uv": [0, 0, 1, 6], "rotation": 90, "texture": "#1"},
				"down": {"uv": [0, 0, 1, 6], "rotation": 270, "texture": "#1"}
			}
		},
		{
			"from": [9.25, 1, 9.75],
			"to": [15.5, 6.5, 10],
			"rotation": {"angle": 0, "axis": "y", "origin": [16.25, 0, 0]},
			"faces": {
				"north": {"uv": [3.5, 0, 8.72266, 7.96094], "texture": "#1"},
				"east": {"uv": [5.86719, 0.20703, 6.20703, 7.66016], "texture": "#1"},
				"south": {"uv": [10.68359, 0, 16, 7.91406], "texture": "#1"},
				"west": {"uv": [5.92188, 0.20313, 6.19531, 7.59375], "texture": "#1"},
				"up": {"uv": [5.88672, 0.10938, 6.20703, 7.60156], "rotation": 90, "texture": "#1"},
				"down": {"uv": [5.875, 0.13281, 6.23438, 7.60156], "rotation": 270, "texture": "#1"}
			}
		},
		{
			"from": [15.5, 1, 11.75],
			"to": [15.75, 6.5, 13.25],
			"rotation": {"angle": 0, "axis": "y", "origin": [16.25, 0, 0]},
			"faces": {
				"north": {"uv": [3.91797, 0, 4.69141, 7.82031], "texture": "#1"},
				"east": {"uv": [8.86328, 0, 10.60547, 7.85938], "texture": "#1"},
				"south": {"uv": [3.91797, 0, 4.69141, 7.82031], "texture": "#1"},
				"west": {"uv": [3.91797, 0, 4.69141, 7.82031], "texture": "#1"},
				"up": {"uv": [3.91797, 0, 4.69141, 7.82031], "rotation": 90, "texture": "#1"},
				"down": {"uv": [3.91797, 0, 4.69141, 7.82031], "rotation": 270, "texture": "#1"}
			}
		},
		{
			"from": [9.25, 1, 11.75],
			"to": [15.5, 6.5, 12],
			"rotation": {"angle": 0, "axis": "y", "origin": [16.25, 0, 0]},
			"faces": {
				"north": {"uv": [3.5, 0, 8.72266, 7.96094], "texture": "#1"},
				"east": {"uv": [3.5, 0, 8.72266, 7.96094], "texture": "#1"},
				"south": {"uv": [3.5, 0, 8.72266, 7.96094], "texture": "#1"},
				"west": {"uv": [3.5, 0, 8.72266, 7.96094], "texture": "#1"},
				"up": {"uv": [3.5, 0, 8.72266, 7.96094], "rotation": 90, "texture": "#1"},
				"down": {"uv": [3.5, 0, 8.72266, 7.96094], "rotation": 270, "texture": "#1"}
			}
		},
		{
			"from": [9.5, 1.25, 12],
			"to": [15.5, 6.25, 13],
			"rotation": {"angle": 0, "axis": "y", "origin": [16.25, 0, 0]},
			"faces": {
				"north": {"uv": [0, 0, 1.53906, 7.76172], "texture": "#1"},
				"east": {"uv": [0, 0, 1, 5], "texture": "#1"},
				"south": {"uv": [0, 0, 1.60938, 7.79688], "texture": "#1"},
				"west": {"uv": [0, 0, 1, 5], "texture": "#1"},
				"up": {"uv": [0, 0, 1, 6], "rotation": 90, "texture": "#1"},
				"down": {"uv": [0, 0, 1, 6], "rotation": 270, "texture": "#1"}
			}
		},
		{
			"from": [9.25, 1, 13],
			"to": [15.5, 6.5, 13.25],
			"rotation": {"angle": 0, "axis": "y", "origin": [16.25, 0, 0]},
			"faces": {
				"north": {"uv": [3.5, 0, 8.72266, 7.96094], "texture": "#1"},
				"east": {"uv": [5.86719, 0.20703, 6.20703, 7.66016], "texture": "#1"},
				"south": {"uv": [10.68359, 0, 16, 7.91406], "texture": "#1"},
				"west": {"uv": [5.92188, 0.20313, 6.19531, 7.59375], "texture": "#1"},
				"up": {"uv": [5.88672, 0.10938, 6.20703, 7.60156], "rotation": 90, "texture": "#1"},
				"down": {"uv": [5.875, 0.13281, 6.23438, 7.60156], "rotation": 270, "texture": "#1"}
			}
		},
		{
			"from": [15, 8, 13.25],
			"to": [15.25, 13.5, 14.75],
			"rotation": {"angle": 0, "axis": "y", "origin": [16.25, 0, 0]},
			"faces": {
				"north": {"uv": [3.87266, 8.17969, 4.64609, 16], "texture": "#1"},
				"east": {"uv": [8.84531, 8.11133, 10.67344, 15.93164], "texture": "#1"},
				"south": {"uv": [3.87266, 8.17969, 4.64609, 16], "texture": "#1"},
				"west": {"uv": [3.87266, 8.17969, 4.64609, 16], "texture": "#1"},
				"up": {"uv": [3.87266, 8.17969, 4.64609, 16], "rotation": 90, "texture": "#1"},
				"down": {"uv": [3.87266, 8.17969, 4.64609, 16], "rotation": 270, "texture": "#1"}
			}
		},
		{
			"from": [9, 8.25, 13.5],
			"to": [15, 13.25, 14.5],
			"rotation": {"angle": 0, "axis": "y", "origin": [16.25, 0, 0]},
			"faces": {
				"north": {"uv": [0, 0, 1.53906, 7.76172], "texture": "#1"},
				"east": {"uv": [0, 0, 1, 5], "texture": "#1"},
				"south": {"uv": [0, 0, 1.60938, 7.79688], "texture": "#1"},
				"west": {"uv": [0, 0, 1, 5], "texture": "#1"},
				"up": {"uv": [0, 0, 1, 6], "rotation": 90, "texture": "#1"},
				"down": {"uv": [0, 0, 1, 6], "rotation": 270, "texture": "#1"}
			}
		},
		{
			"from": [8.75, 8, 13.25],
			"to": [15, 13.5, 13.5],
			"rotation": {"angle": 0, "axis": "y", "origin": [16.25, 0, 0]},
			"faces": {
				"north": {"uv": [3.52344, 8.03906, 8.74609, 16], "texture": "#1"},
				"east": {"uv": [3.5, 8.03906, 8.72266, 16], "texture": "#1"},
				"south": {"uv": [3.5, 8.03906, 8.72266, 16], "texture": "#1"},
				"west": {"uv": [3.5, 8.03906, 8.72266, 16], "texture": "#1"},
				"up": {"uv": [3.52344, 8.03906, 8.74609, 16], "rotation": 90, "texture": "#1"},
				"down": {"uv": [3.5, 8.03906, 8.72266, 16], "rotation": 270, "texture": "#1"}
			}
		},
		{
			"from": [8.75, 8, 14.5],
			"to": [15, 13.5, 14.75],
			"rotation": {"angle": 0, "axis": "y", "origin": [16.25, 0, 0]},
			"faces": {
				"north": {"uv": [3.5, 8.03906, 8.72266, 16], "texture": "#1"},
				"east": {"uv": [5.96094, 8.12891, 6.30078, 15.58203], "texture": "#1"},
				"south": {"uv": [10.68359, 8.08594, 16, 16], "texture": "#1"},
				"west": {"uv": [6.05469, 8.14844, 6.32813, 15.53906], "texture": "#1"},
				"up": {"uv": [5.93359, 8.10156, 6.25391, 15.59375], "rotation": 90, "texture": "#1"},
				"down": {"uv": [5.92188, 8.05469, 6.28125, 15.52344], "rotation": 270, "texture": "#1"}
			}
		},
		{
			"from": [9.25, 8, 8.5],
			"to": [15.5, 13.5, 8.75],
			"rotation": {"angle": 0, "axis": "y", "origin": [16.25, 0, 0]},
			"faces": {
				"north": {"uv": [3.5, 0, 8.72266, 7.96094], "texture": "#1"},
				"east": {"uv": [3.5, 0, 8.72266, 7.96094], "texture": "#1"},
				"south": {"uv": [3.5, 0, 8.72266, 7.96094], "texture": "#1"},
				"west": {"uv": [3.5, 0, 8.72266, 7.96094], "texture": "#1"},
				"up": {"uv": [3.5, 0, 8.72266, 7.96094], "rotation": 90, "texture": "#1"},
				"down": {"uv": [3.5, 0, 8.72266, 7.96094], "rotation": 270, "texture": "#1"}
			}
		},
		{
			"from": [9.5, 8.25, 8.75],
			"to": [15.5, 13.25, 9.75],
			"rotation": {"angle": 0, "axis": "y", "origin": [16.25, 0, 0]},
			"faces": {
				"north": {"uv": [0, 0, 1.53906, 7.76172], "texture": "#1"},
				"east": {"uv": [0, 0, 1, 5], "texture": "#1"},
				"south": {"uv": [0, 0, 1.60938, 7.79688], "texture": "#1"},
				"west": {"uv": [0, 0, 1, 5], "texture": "#1"},
				"up": {"uv": [0, 0, 1, 6], "rotation": 90, "texture": "#1"},
				"down": {"uv": [0, 0, 1, 6], "rotation": 270, "texture": "#1"}
			}
		},
		{
			"from": [9.25, 8, 9.75],
			"to": [15.5, 13.5, 10],
			"rotation": {"angle": 0, "axis": "y", "origin": [16.25, 0, 0]},
			"faces": {
				"north": {"uv": [3.5, 0, 8.72266, 7.96094], "texture": "#1"},
				"east": {"uv": [5.86719, 0.20703, 6.20703, 7.66016], "texture": "#1"},
				"south": {"uv": [10.68359, 0, 16, 7.91406], "texture": "#1"},
				"west": {"uv": [5.92188, 0.20313, 6.19531, 7.59375], "texture": "#1"},
				"up": {"uv": [5.88672, 0.10938, 6.20703, 7.60156], "rotation": 90, "texture": "#1"},
				"down": {"uv": [5.875, 0.13281, 6.23438, 7.60156], "rotation": 270, "texture": "#1"}
			}
		},
		{
			"from": [15.5, 8, 11.75],
			"to": [15.75, 13.5, 13.25],
			"rotation": {"angle": 0, "axis": "y", "origin": [16.25, 0, 0]},
			"faces": {
				"north": {"uv": [3.91797, 0, 4.69141, 7.82031], "texture": "#1"},
				"east": {"uv": [8.86328, 0, 10.60547, 7.85938], "texture": "#1"},
				"south": {"uv": [3.91797, 0, 4.69141, 7.82031], "texture": "#1"},
				"west": {"uv": [3.91797, 0, 4.69141, 7.82031], "texture": "#1"},
				"up": {"uv": [3.91797, 0, 4.69141, 7.82031], "rotation": 90, "texture": "#1"},
				"down": {"uv": [3.91797, 0, 4.69141, 7.82031], "rotation": 270, "texture": "#1"}
			}
		},
		{
			"from": [9.25, 8, 11.75],
			"to": [15.5, 13.5, 12],
			"rotation": {"angle": 0, "axis": "y", "origin": [16.25, 0, 0]},
			"faces": {
				"north": {"uv": [3.5, 0, 8.72266, 7.96094], "texture": "#1"},
				"east": {"uv": [3.5, 0, 8.72266, 7.96094], "texture": "#1"},
				"south": {"uv": [3.5, 0, 8.72266, 7.96094], "texture": "#1"},
				"west": {"uv": [3.5, 0, 8.72266, 7.96094], "texture": "#1"},
				"up": {"uv": [3.5, 0, 8.72266, 7.96094], "rotation": 90, "texture": "#1"},
				"down": {"uv": [3.5, 0, 8.72266, 7.96094], "rotation": 270, "texture": "#1"}
			}
		},
		{
			"from": [9.5, 8.25, 12],
			"to": [15.5, 13.25, 13],
			"rotation": {"angle": 0, "axis": "y", "origin": [16.25, 0, 0]},
			"faces": {
				"north": {"uv": [0, 0, 1.53906, 7.76172], "texture": "#1"},
				"east": {"uv": [0, 0, 1, 5], "texture": "#1"},
				"south": {"uv": [0, 0, 1.60938, 7.79688], "texture": "#1"},
				"west": {"uv": [0, 0, 1, 5], "texture": "#1"},
				"up": {"uv": [0, 0, 1, 6], "rotation": 90, "texture": "#1"},
				"down": {"uv": [0, 0, 1, 6], "rotation": 270, "texture": "#1"}
			}
		},
		{
			"from": [9.25, 8, 13],
			"to": [15.5, 13.5, 13.25],
			"rotation": {"angle": 0, "axis": "y", "origin": [16.25, 0, 0]},
			"faces": {
				"north": {"uv": [3.5, 0, 8.72266, 7.96094], "texture": "#1"},
				"east": {"uv": [5.86719, 0.20703, 6.20703, 7.66016], "texture": "#1"},
				"south": {"uv": [10.68359, 0, 16, 7.91406], "texture": "#1"},
				"west": {"uv": [5.92188, 0.20313, 6.19531, 7.59375], "texture": "#1"},
				"up": {"uv": [5.88672, 0.10938, 6.20703, 7.60156], "rotation": 90, "texture": "#1"},
				"down": {"uv": [5.875, 0.13281, 6.23438, 7.60156], "rotation": 270, "texture": "#1"}
			}
		},
		{
			"from": [10, 1, 1.25],
			"to": [10.25, 6.5, 7.5],
			"faces": {
				"north": {"uv": [3.5, 8.03906, 8.72266, 16], "texture": "#1"},
				"east": {"uv": [3.5, 8.03906, 8.72266, 16], "texture": "#1"},
				"south": {"uv": [3.5, 8.03906, 8.72266, 16], "texture": "#1"},
				"west": {"uv": [3.52344, 8.03906, 8.74609, 16], "texture": "#1"},
				"up": {"uv": [3.52344, 8.03906, 8.74609, 16], "texture": "#1"},
				"down": {"uv": [3.5, 8.03906, 8.72266, 16], "texture": "#1"}
			}
		},
		{
			"from": [10.25, 1.25, 1.25],
			"to": [11.25, 6.25, 7.25],
			"faces": {
				"north": {"uv": [0, 0, 1, 5], "texture": "#1"},
				"east": {"uv": [0, 0, 1.60938, 7.79688], "texture": "#1"},
				"south": {"uv": [0, 0, 1, 5], "texture": "#1"},
				"west": {"uv": [0, 0, 1.53906, 7.76172], "texture": "#1"},
				"up": {"uv": [0, 0, 1, 6], "texture": "#1"},
				"down": {"uv": [0, 0, 1, 6], "texture": "#1"}
			}
		},
		{
			"from": [10, 1, 1],
			"to": [11.5, 6.5, 1.25],
			"faces": {
				"north": {"uv": [8.84531, 8.11133, 10.67344, 15.93164], "texture": "#1"},
				"east": {"uv": [3.87266, 8.17969, 4.64609, 16], "texture": "#1"},
				"south": {"uv": [3.87266, 8.17969, 4.64609, 16], "texture": "#1"},
				"west": {"uv": [3.87266, 8.17969, 4.64609, 16], "texture": "#1"},
				"up": {"uv": [3.87266, 8.17969, 4.64609, 16], "texture": "#1"},
				"down": {"uv": [3.87266, 8.17969, 4.64609, 16], "texture": "#1"}
			}
		},
		{
			"from": [0.75, 12.25, 0.75],
			"to": [1, 17.75, 7],
			"rotation": {"angle": -22.5, "axis": "z", "origin": [-7.75, 0, 0]},
			"faces": {
				"north": {"uv": [5.86719, 0.20703, 6.20703, 7.66016], "texture": "#1"},
				"east": {"uv": [10.68359, 0, 16, 7.91406], "texture": "#1"},
				"south": {"uv": [5.92188, 0.20313, 6.19531, 7.59375], "texture": "#1"},
				"west": {"uv": [3.5, 0, 8.72266, 7.96094], "texture": "#1"},
				"up": {"uv": [5.88672, 0.10938, 6.20703, 7.60156], "texture": "#1"},
				"down": {"uv": [5.875, 0.13281, 6.23438, 7.60156], "texture": "#1"}
			}
		},
		{
			"from": [-0.25, 12.5, 0.75],
			"to": [0.75, 17.5, 6.75],
			"rotation": {"angle": -22.5, "axis": "z", "origin": [-7.75, 0, 0]},
			"faces": {
				"north": {"uv": [0, 0, 1, 5], "texture": "#1"},
				"east": {"uv": [0, 0, 1.60938, 7.79688], "texture": "#1"},
				"south": {"uv": [0, 0, 1, 5], "texture": "#1"},
				"west": {"uv": [0, 0, 1.53906, 7.76172], "texture": "#1"},
				"up": {"uv": [0, 0, 1, 6], "texture": "#1"},
				"down": {"uv": [0, 0, 1, 6], "texture": "#1"}
			}
		},
		{
			"from": [-0.5, 12.25, 0.75],
			"to": [-0.25, 17.75, 7],
			"rotation": {"angle": -22.5, "axis": "z", "origin": [-7.75, 0, 0]},
			"faces": {
				"north": {"uv": [3.5, 0, 8.72266, 7.96094], "texture": "#1"},
				"east": {"uv": [3.5, 0, 8.72266, 7.96094], "texture": "#1"},
				"south": {"uv": [3.5, 0, 8.72266, 7.96094], "texture": "#1"},
				"west": {"uv": [3.5, 0, 8.72266, 7.96094], "texture": "#1"},
				"up": {"uv": [3.5, 0, 8.72266, 7.96094], "texture": "#1"},
				"down": {"uv": [3.5, 0, 8.72266, 7.96094], "texture": "#1"}
			}
		},
		{
			"from": [-0.5, 12.25, 0.5],
			"to": [1, 17.75, 0.75],
			"rotation": {"angle": -22.5, "axis": "z", "origin": [-7.75, 0, 0]},
			"faces": {
				"north": {"uv": [8.86328, 0, 10.60547, 7.85938], "texture": "#1"},
				"east": {"uv": [3.91797, 0, 4.69141, 7.82031], "texture": "#1"},
				"south": {"uv": [3.91797, 0, 4.69141, 7.82031], "texture": "#1"},
				"west": {"uv": [3.91797, 0, 4.69141, 7.82031], "texture": "#1"},
				"up": {"uv": [3.91797, 0, 4.69141, 7.82031], "texture": "#1"},
				"down": {"uv": [3.91797, 0, 4.69141, 7.82031], "texture": "#1"}
			}
		},
		{
			"from": [3.25, 8, -0.25],
			"to": [3.5, 13.5, 6],
			"rotation": {"angle": 0, "axis": "y", "origin": [-7.75, 0, 0]},
			"faces": {
				"north": {"uv": [5.96094, 8.12891, 6.30078, 15.58203], "texture": "#1"},
				"east": {"uv": [10.68359, 8.08594, 16, 16], "texture": "#1"},
				"south": {"uv": [6.05469, 8.14844, 6.32813, 15.53906], "texture": "#1"},
				"west": {"uv": [3.5, 8.03906, 8.72266, 16], "texture": "#1"},
				"up": {"uv": [5.93359, 8.10156, 6.25391, 15.59375], "texture": "#1"},
				"down": {"uv": [5.92188, 8.05469, 6.28125, 15.52344], "texture": "#1"}
			}
		},
		{
			"from": [2, 8, -0.25],
			"to": [2.25, 13.5, 6],
			"rotation": {"angle": 0, "axis": "y", "origin": [-7.75, 0, 0]},
			"faces": {
				"north": {"uv": [3.5, 8.03906, 8.72266, 16], "texture": "#1"},
				"east": {"uv": [3.5, 8.03906, 8.72266, 16], "texture": "#1"},
				"south": {"uv": [3.5, 8.03906, 8.72266, 16], "texture": "#1"},
				"west": {"uv": [3.52344, 8.03906, 8.74609, 16], "texture": "#1"},
				"up": {"uv": [3.52344, 8.03906, 8.74609, 16], "texture": "#1"},
				"down": {"uv": [3.5, 8.03906, 8.72266, 16], "texture": "#1"}
			}
		},
		{
			"from": [2.25, 8.25, -0.25],
			"to": [3.25, 13.25, 5.75],
			"rotation": {"angle": 0, "axis": "y", "origin": [-7.75, 0, 0]},
			"faces": {
				"north": {"uv": [0, 0, 1, 5], "texture": "#1"},
				"east": {"uv": [0, 0, 1.60938, 7.79688], "texture": "#1"},
				"south": {"uv": [0, 0, 1, 5], "texture": "#1"},
				"west": {"uv": [0, 0, 1.53906, 7.76172], "texture": "#1"},
				"up": {"uv": [0, 0, 1, 6], "texture": "#1"},
				"down": {"uv": [0, 0, 1, 6], "texture": "#1"}
			}
		},
		{
			"from": [2, 8, -0.5],
			"to": [3.5, 13.5, -0.25],
			"rotation": {"angle": 0, "axis": "y", "origin": [-7.75, 0, 0]},
			"faces": {
				"north": {"uv": [8.84531, 8.11133, 10.67344, 15.93164], "texture": "#1"},
				"east": {"uv": [3.87266, 8.17969, 4.64609, 16], "texture": "#1"},
				"south": {"uv": [3.87266, 8.17969, 4.64609, 16], "texture": "#1"},
				"west": {"uv": [3.87266, 8.17969, 4.64609, 16], "texture": "#1"},
				"up": {"uv": [3.87266, 8.17969, 4.64609, 16], "texture": "#1"},
				"down": {"uv": [3.87266, 8.17969, 4.64609, 16], "texture": "#1"}
			}
		},
		{
			"from": [2.5, 6.5, 0.25],
			"to": [2.5, 10, -0.25],
			"rotation": {"angle": 0, "axis": "y", "origin": [-7.75, 0, 0]},
			"faces": {
				"north": {"uv": [0.61094, 10.27344, 1.89219, 13.84375], "texture": "#1"},
				"east": {"uv": [0.61094, 10.27344, 1.89219, 13.84375], "texture": "#1"},
				"south": {"uv": [0.61094, 10.27344, 1.89219, 13.84375], "texture": "#1"},
				"west": {"uv": [0.61094, 10.27344, 1.89219, 13.84375], "texture": "#1"},
				"up": {"uv": [0.61094, 10.27344, 1.89219, 13.84375], "rotation": 90, "texture": "#1"},
				"down": {"uv": [0.61094, 10.27344, 1.89219, 13.84375], "rotation": 270, "texture": "#1"}
			}
		},
		{
			"from": [10.25, 8, 11.25],
			"to": [16.5, 13.5, 11.5],
			"rotation": {"angle": 0, "axis": "y", "origin": [-7.75, 0, 0]},
			"faces": {
				"north": {"uv": [3.5, 8.03906, 8.72266, 16], "texture": "#1"},
				"east": {"uv": [5.96094, 8.12891, 6.30078, 15.58203], "texture": "#1"},
				"south": {"uv": [10.68359, 8.08594, 16, 16], "texture": "#1"},
				"west": {"uv": [6.05469, 8.14844, 6.32813, 15.53906], "texture": "#1"},
				"up": {"uv": [5.93359, 8.10156, 6.25391, 15.59375], "rotation": 90, "texture": "#1"},
				"down": {"uv": [5.92188, 8.05469, 6.28125, 15.52344], "rotation": 270, "texture": "#1"}
			}
		},
		{
			"from": [10.25, 8, 10],
			"to": [16.5, 13.5, 10.25],
			"rotation": {"angle": 0, "axis": "y", "origin": [-7.75, 0, 0]},
			"faces": {
				"north": {"uv": [3.52344, 8.03906, 8.74609, 16], "texture": "#1"},
				"east": {"uv": [3.5, 8.03906, 8.72266, 16], "texture": "#1"},
				"south": {"uv": [3.5, 8.03906, 8.72266, 16], "texture": "#1"},
				"west": {"uv": [3.5, 8.03906, 8.72266, 16], "texture": "#1"},
				"up": {"uv": [3.52344, 8.03906, 8.74609, 16], "rotation": 90, "texture": "#1"},
				"down": {"uv": [3.5, 8.03906, 8.72266, 16], "rotation": 270, "texture": "#1"}
			}
		},
		{
			"from": [10.5, 8.25, 10.25],
			"to": [16.5, 13.25, 11.25],
			"rotation": {"angle": 0, "axis": "y", "origin": [-7.75, 0, 0]},
			"faces": {
				"north": {"uv": [0, 0, 1.53906, 7.76172], "texture": "#1"},
				"east": {"uv": [0, 0, 1, 5], "texture": "#1"},
				"south": {"uv": [0, 0, 1.60938, 7.79688], "texture": "#1"},
				"west": {"uv": [0, 0, 1, 5], "texture": "#1"},
				"up": {"uv": [0, 0, 1, 6], "rotation": 90, "texture": "#1"},
				"down": {"uv": [0, 0, 1, 6], "rotation": 270, "texture": "#1"}
			}
		},
		{
			"from": [16.5, 8, 10],
			"to": [16.75, 13.5, 11.5],
			"rotation": {"angle": 0, "axis": "y", "origin": [-7.75, 0, 0]},
			"faces": {
				"north": {"uv": [3.87266, 8.17969, 4.64609, 16], "texture": "#1"},
				"east": {"uv": [8.84531, 8.11133, 10.67344, 15.93164], "texture": "#1"},
				"south": {"uv": [3.87266, 8.17969, 4.64609, 16], "texture": "#1"},
				"west": {"uv": [3.87266, 8.17969, 4.64609, 16], "texture": "#1"},
				"up": {"uv": [3.87266, 8.17969, 4.64609, 16], "rotation": 90, "texture": "#1"},
				"down": {"uv": [3.87266, 8.17969, 4.64609, 16], "rotation": 270, "texture": "#1"}
			}
		},
		{
			"from": [16.5, 6.5, 10.5],
			"to": [16, 10, 10.5],
			"rotation": {"angle": 0, "axis": "y", "origin": [-7.75, 0, 0]},
			"faces": {
				"north": {"uv": [0.61094, 10.27344, 1.89219, 13.84375], "texture": "#1"},
				"east": {"uv": [0.61094, 10.27344, 1.89219, 13.84375], "texture": "#1"},
				"south": {"uv": [0.61094, 10.27344, 1.89219, 13.84375], "texture": "#1"},
				"west": {"uv": [0.61094, 10.27344, 1.89219, 13.84375], "texture": "#1"},
				"up": {"uv": [0.61094, 10.27344, 1.89219, 13.84375], "rotation": 180, "texture": "#1"},
				"down": {"uv": [0.61094, 10.27344, 1.89219, 13.84375], "rotation": 180, "texture": "#1"}
			}
		},
		{
			"from": [-0.5, 8, 7],
			"to": [5.75, 13.5, 7.25],
			"rotation": {"angle": 0, "axis": "y", "origin": [-7.75, 0, 0]},
			"faces": {
				"north": {"uv": [10.68359, 8.08594, 16, 16], "texture": "#1"},
				"east": {"uv": [6.05469, 8.14844, 6.32813, 15.53906], "texture": "#1"},
				"south": {"uv": [3.5, 8.03906, 8.72266, 16], "texture": "#1"},
				"west": {"uv": [5.96094, 8.12891, 6.30078, 15.58203], "texture": "#1"},
				"up": {"uv": [5.93359, 8.10156, 6.25391, 15.59375], "rotation": 270, "texture": "#1"},
				"down": {"uv": [5.92188, 8.05469, 6.28125, 15.52344], "rotation": 90, "texture": "#1"}
			}
		},
		{
			"from": [-0.5, 8, 8.25],
			"to": [5.75, 13.5, 8.5],
			"rotation": {"angle": 0, "axis": "y", "origin": [-7.75, 0, 0]},
			"faces": {
				"north": {"uv": [3.5, 8.03906, 8.72266, 16], "texture": "#1"},
				"east": {"uv": [3.5, 8.03906, 8.72266, 16], "texture": "#1"},
				"south": {"uv": [3.52344, 8.03906, 8.74609, 16], "texture": "#1"},
				"west": {"uv": [3.5, 8.03906, 8.72266, 16], "texture": "#1"},
				"up": {"uv": [3.52344, 8.03906, 8.74609, 16], "rotation": 270, "texture": "#1"},
				"down": {"uv": [3.5, 8.03906, 8.72266, 16], "rotation": 90, "texture": "#1"}
			}
		},
		{
			"from": [-0.5, 8.25, 7.25],
			"to": [5.5, 13.25, 8.25],
			"rotation": {"angle": 0, "axis": "y", "origin": [-7.75, 0, 0]},
			"faces": {
				"north": {"uv": [0, 0, 1.60938, 7.79688], "texture": "#1"},
				"east": {"uv": [0, 0, 1, 5], "texture": "#1"},
				"south": {"uv": [0, 0, 1.53906, 7.76172], "texture": "#1"},
				"west": {"uv": [0, 0, 1, 5], "texture": "#1"},
				"up": {"uv": [0, 0, 1, 6], "rotation": 270, "texture": "#1"},
				"down": {"uv": [0, 0, 1, 6], "rotation": 90, "texture": "#1"}
			}
		},
		{
			"from": [-0.75, 8, 7],
			"to": [-0.5, 13.5, 8.5],
			"rotation": {"angle": 0, "axis": "y", "origin": [-7.75, 0, 0]},
			"faces": {
				"north": {"uv": [3.87266, 8.17969, 4.64609, 16], "texture": "#1"},
				"east": {"uv": [3.87266, 8.17969, 4.64609, 16], "texture": "#1"},
				"south": {"uv": [3.87266, 8.17969, 4.64609, 16], "texture": "#1"},
				"west": {"uv": [8.84531, 8.11133, 10.67344, 15.93164], "texture": "#1"},
				"up": {"uv": [3.87266, 8.17969, 4.64609, 16], "rotation": 270, "texture": "#1"},
				"down": {"uv": [3.87266, 8.17969, 4.64609, 16], "rotation": 90, "texture": "#1"}
			}
		},
		{
			"from": [0, 6.5, 8],
			"to": [-0.5, 10, 8],
			"rotation": {"angle": 0, "axis": "y", "origin": [-7.75, 0, 0]},
			"faces": {
				"north": {"uv": [0.61094, 10.27344, 1.89219, 13.84375], "texture": "#1"},
				"east": {"uv": [0.61094, 10.27344, 1.89219, 13.84375], "texture": "#1"},
				"south": {"uv": [0.61094, 10.27344, 1.89219, 13.84375], "texture": "#1"},
				"west": {"uv": [0.61094, 10.27344, 1.89219, 13.84375], "texture": "#1"},
				"up": {"uv": [0.61094, 10.27344, 1.89219, 13.84375], "texture": "#1"},
				"down": {"uv": [0.61094, 10.27344, 1.89219, 13.84375], "texture": "#1"}
			}
		},
		{
			"from": [8.75, 9.25, 1.25],
			"to": [14.25, 9.5, 7.5],
			"rotation": {"angle": 0, "axis": "z", "origin": [0, 7, 0]},
			"faces": {
				"north": {"uv": [5.96094, 8.12891, 6.30078, 15.58203], "rotation": 90, "texture": "#1"},
				"east": {"uv": [5.92188, 8.05469, 6.28125, 15.52344], "rotation": 270, "texture": "#1"},
				"south": {"uv": [6.05469, 8.14844, 6.32813, 15.53906], "rotation": 270, "texture": "#1"},
				"west": {"uv": [5.93359, 8.10156, 6.25391, 15.59375], "rotation": 270, "texture": "#1"},
				"up": {"uv": [10.68359, 8.08594, 16, 16], "rotation": 270, "texture": "#1"},
				"down": {"uv": [3.5, 8.03906, 8.72266, 16], "rotation": 270, "texture": "#1"}
			}
		},
		{
			"from": [8.75, 8, 1.25],
			"to": [14.25, 8.25, 7.5],
			"rotation": {"angle": 0, "axis": "z", "origin": [0, 7, 0]},
			"faces": {
				"north": {"uv": [3.5, 8.03906, 8.72266, 16], "rotation": 90, "texture": "#1"},
				"east": {"uv": [3.5, 8.03906, 8.72266, 16], "rotation": 270, "texture": "#1"},
				"south": {"uv": [3.5, 8.03906, 8.72266, 16], "rotation": 270, "texture": "#1"},
				"west": {"uv": [3.52344, 8.03906, 8.74609, 16], "rotation": 270, "texture": "#1"},
				"up": {"uv": [3.5, 8.03906, 8.72266, 16], "rotation": 270, "texture": "#1"},
				"down": {"uv": [3.52344, 8.03906, 8.74609, 16], "rotation": 270, "texture": "#1"}
			}
		},
		{
			"from": [9, 8.25, 1.25],
			"to": [14, 9.25, 7.25],
			"rotation": {"angle": 0, "axis": "z", "origin": [0, 7, 0]},
			"faces": {
				"north": {"uv": [0, 0, 1, 5], "rotation": 90, "texture": "#1"},
				"east": {"uv": [0, 0, 1, 6], "rotation": 270, "texture": "#1"},
				"south": {"uv": [0, 0, 1, 5], "rotation": 270, "texture": "#1"},
				"west": {"uv": [0, 0, 1, 6], "rotation": 270, "texture": "#1"},
				"up": {"uv": [0, 0, 1.60938, 7.79688], "rotation": 270, "texture": "#1"},
				"down": {"uv": [0, 0, 1.53906, 7.76172], "rotation": 270, "texture": "#1"}
			}
		},
		{
			"from": [8.75, 8, 1],
			"to": [14.25, 9.5, 1.25],
			"rotation": {"angle": 0, "axis": "z", "origin": [0, 7, 0]},
			"faces": {
				"north": {"uv": [8.84531, 8.11133, 10.67344, 15.93164], "rotation": 90, "texture": "#1"},
				"east": {"uv": [3.87266, 8.17969, 4.64609, 16], "rotation": 270, "texture": "#1"},
				"south": {"uv": [3.87266, 8.17969, 4.64609, 16], "rotation": 270, "texture": "#1"},
				"west": {"uv": [3.87266, 8.17969, 4.64609, 16], "rotation": 270, "texture": "#1"},
				"up": {"uv": [3.87266, 8.17969, 4.64609, 16], "rotation": 270, "texture": "#1"},
				"down": {"uv": [3.87266, 8.17969, 4.64609, 16], "rotation": 270, "texture": "#1"}
			}
		},
		{
			"from": [8.75, 10.75, 2],
			"to": [14.25, 11, 8.25],
			"rotation": {"angle": 0, "axis": "y", "origin": [0, 7, 0]},
			"faces": {
				"north": {"uv": [5.96094, 0.08984, 6.30078, 7.54297], "rotation": 90, "texture": "#1"},
				"east": {"uv": [5.94531, 0.01563, 6.30469, 7.48438], "rotation": 270, "texture": "#1"},
				"south": {"uv": [6.05469, 0.10938, 6.32813, 7.5], "rotation": 270, "texture": "#1"},
				"west": {"uv": [5.91016, 0.0625, 6.23047, 7.55469], "rotation": 270, "texture": "#1"},
				"up": {"uv": [10.68359, 0.04688, 16, 7.96094], "rotation": 270, "texture": "#1"},
				"down": {"uv": [3.47656, 0, 8.69922, 7.96094], "rotation": 270, "texture": "#1"}
			}
		},
		{
			"from": [8.75, 9.5, 2],
			"to": [14.25, 9.75, 8.25],
			"rotation": {"angle": 0, "axis": "y", "origin": [0, 7, 0]},
			"faces": {
				"north": {"uv": [3.5, 0, 8.72266, 7.96094], "rotation": 90, "texture": "#1"},
				"east": {"uv": [3.52344, 0, 8.74609, 7.96094], "rotation": 270, "texture": "#1"},
				"south": {"uv": [3.5, 0, 8.72266, 7.96094], "rotation": 270, "texture": "#1"},
				"west": {"uv": [3.5, 0, 8.72266, 7.96094], "rotation": 270, "texture": "#1"},
				"up": {"uv": [3.5, 0, 8.72266, 7.96094], "rotation": 270, "texture": "#1"},
				"down": {"uv": [3.5, 0, 8.72266, 7.96094], "rotation": 270, "texture": "#1"}
			}
		},
		{
			"from": [9, 9.75, 2],
			"to": [14, 10.75, 8],
			"rotation": {"angle": 0, "axis": "y", "origin": [0, 7, 0]},
			"faces": {
				"north": {"uv": [0, 0, 1, 5], "rotation": 90, "texture": "#1"},
				"east": {"uv": [0, 0, 1, 6], "rotation": 270, "texture": "#1"},
				"south": {"uv": [0, 0, 1, 5], "rotation": 270, "texture": "#1"},
				"west": {"uv": [0, 0, 1, 6], "rotation": 270, "texture": "#1"},
				"up": {"uv": [0, 0, 1.60938, 7.79688], "rotation": 270, "texture": "#1"},
				"down": {"uv": [0, 0, 1.53906, 7.76172], "rotation": 270, "texture": "#1"}
			}
		},
		{
			"from": [8.75, 9.5, 1.75],
			"to": [14.25, 11, 2],
			"rotation": {"angle": 0, "axis": "y", "origin": [0, 7, 0]},
			"faces": {
				"north": {"uv": [8.84531, 0, 10.67344, 7.82031], "rotation": 90, "texture": "#1"},
				"east": {"uv": [3.94297, 0, 4.71641, 7.82031], "rotation": 270, "texture": "#1"},
				"south": {"uv": [4.16172, 0, 4.93516, 7.82031], "rotation": 270, "texture": "#1"},
				"west": {"uv": [4.12266, 0, 4.89609, 7.82031], "rotation": 270, "texture": "#1"},
				"up": {"uv": [4.05234, 0, 4.82578, 7.82031], "rotation": 270, "texture": "#1"},
				"down": {"uv": [4.12266, 0, 4.89609, 7.82031], "rotation": 270, "texture": "#1"}
			}
		},
		{
			"from": [8.75, 12.25, 1.75],
			"to": [14.25, 12.5, 8],
			"rotation": {"angle": 0, "axis": "y", "origin": [0, 7, 0]},
			"faces": {
				"north": {"uv": [5.96094, 8.12891, 6.30078, 15.58203], "rotation": 90, "texture": "#1"},
				"east": {"uv": [5.92188, 8.05469, 6.28125, 15.52344], "rotation": 270, "texture": "#1"},
				"south": {"uv": [6.05469, 8.14844, 6.32813, 15.53906], "rotation": 270, "texture": "#1"},
				"west": {"uv": [5.93359, 8.10156, 6.25391, 15.59375], "rotation": 270, "texture": "#1"},
				"up": {"uv": [10.68359, 8.08594, 16, 16], "rotation": 270, "texture": "#1"},
				"down": {"uv": [3.5, 8.03906, 8.72266, 16], "rotation": 270, "texture": "#1"}
			}
		},
		{
			"from": [8.75, 11, 1.75],
			"to": [14.25, 11.25, 8],
			"rotation": {"angle": 0, "axis": "y", "origin": [0, 7, 0]},
			"faces": {
				"north": {"uv": [3.5, 8.03906, 8.72266, 16], "rotation": 90, "texture": "#1"},
				"east": {"uv": [3.5, 8.03906, 8.72266, 16], "rotation": 270, "texture": "#1"},
				"south": {"uv": [3.5, 8.03906, 8.72266, 16], "rotation": 270, "texture": "#1"},
				"west": {"uv": [3.52344, 8.03906, 8.74609, 16], "rotation": 270, "texture": "#1"},
				"up": {"uv": [3.5, 8.03906, 8.72266, 16], "rotation": 270, "texture": "#1"},
				"down": {"uv": [3.52344, 8.03906, 8.74609, 16], "rotation": 270, "texture": "#1"}
			}
		},
		{
			"from": [9, 11.25, 1.75],
			"to": [14, 12.25, 7.75],
			"rotation": {"angle": 0, "axis": "y", "origin": [0, 7, 0]},
			"faces": {
				"north": {"uv": [0, 0, 1, 5], "rotation": 90, "texture": "#1"},
				"east": {"uv": [0, 0, 1, 6], "rotation": 270, "texture": "#1"},
				"south": {"uv": [0, 0, 1, 5], "rotation": 270, "texture": "#1"},
				"west": {"uv": [0, 0, 1, 6], "rotation": 270, "texture": "#1"},
				"up": {"uv": [0, 0, 1.60938, 7.79688], "rotation": 270, "texture": "#1"},
				"down": {"uv": [0, 0, 1.53906, 7.76172], "rotation": 270, "texture": "#1"}
			}
		},
		{
			"from": [8.75, 11, 1.5],
			"to": [14.25, 12.5, 1.75],
			"rotation": {"angle": 0, "axis": "y", "origin": [0, 7, 0]},
			"faces": {
				"north": {"uv": [8.84531, 8.11133, 10.67344, 15.93164], "rotation": 90, "texture": "#1"},
				"east": {"uv": [3.87266, 8.17969, 4.64609, 16], "rotation": 270, "texture": "#1"},
				"south": {"uv": [3.87266, 8.17969, 4.64609, 16], "rotation": 270, "texture": "#1"},
				"west": {"uv": [3.87266, 8.17969, 4.64609, 16], "rotation": 270, "texture": "#1"},
				"up": {"uv": [3.87266, 8.17969, 4.64609, 16], "rotation": 270, "texture": "#1"},
				"down": {"uv": [3.87266, 8.17969, 4.64609, 16], "rotation": 270, "texture": "#1"}
			}
		},
		{
			"from": [8.75, 13.75, 1.25],
			"to": [14.25, 14, 7.5],
			"rotation": {"angle": 0, "axis": "y", "origin": [0, 7, 0]},
			"faces": {
				"north": {"uv": [5.96094, 8.12891, 6.30078, 15.58203], "rotation": 90, "texture": "#1"},
				"east": {"uv": [5.92188, 8.05469, 6.28125, 15.52344], "rotation": 270, "texture": "#1"},
				"south": {"uv": [6.05469, 8.14844, 6.32813, 15.53906], "rotation": 270, "texture": "#1"},
				"west": {"uv": [5.93359, 8.10156, 6.25391, 15.59375], "rotation": 270, "texture": "#1"},
				"up": {"uv": [10.68359, 8.08594, 16, 16], "rotation": 270, "texture": "#1"},
				"down": {"uv": [3.5, 8.03906, 8.72266, 16], "rotation": 270, "texture": "#1"}
			}
		},
		{
			"from": [8.75, 12.5, 1.25],
			"to": [14.25, 12.75, 7.5],
			"rotation": {"angle": 0, "axis": "y", "origin": [0, 7, 0]},
			"faces": {
				"north": {"uv": [3.5, 8.03906, 8.72266, 16], "rotation": 90, "texture": "#1"},
				"east": {"uv": [3.5, 8.03906, 8.72266, 16], "rotation": 270, "texture": "#1"},
				"south": {"uv": [3.5, 8.03906, 8.72266, 16], "rotation": 270, "texture": "#1"},
				"west": {"uv": [3.52344, 8.03906, 8.74609, 16], "rotation": 270, "texture": "#1"},
				"up": {"uv": [3.5, 8.03906, 8.72266, 16], "rotation": 270, "texture": "#1"},
				"down": {"uv": [3.52344, 8.03906, 8.74609, 16], "rotation": 270, "texture": "#1"}
			}
		},
		{
			"from": [9, 12.75, 1.25],
			"to": [14, 13.75, 7.25],
			"rotation": {"angle": 0, "axis": "y", "origin": [0, 7, 0]},
			"faces": {
				"north": {"uv": [0, 0, 1, 5], "rotation": 90, "texture": "#1"},
				"east": {"uv": [0, 0, 1, 6], "rotation": 270, "texture": "#1"},
				"south": {"uv": [0, 0, 1, 5], "rotation": 270, "texture": "#1"},
				"west": {"uv": [0, 0, 1, 6], "rotation": 270, "texture": "#1"},
				"up": {"uv": [0, 0, 1.60938, 7.79688], "rotation": 270, "texture": "#1"},
				"down": {"uv": [0, 0, 1.53906, 7.76172], "rotation": 270, "texture": "#1"}
			}
		},
		{
			"from": [8.75, 12.5, 1],
			"to": [14.25, 14, 1.25],
			"rotation": {"angle": 0, "axis": "y", "origin": [0, 7, 0]},
			"faces": {
				"north": {"uv": [8.84531, 8.11133, 10.67344, 15.93164], "rotation": 90, "texture": "#1"},
				"east": {"uv": [3.87266, 8.17969, 4.64609, 16], "rotation": 270, "texture": "#1"},
				"south": {"uv": [3.87266, 8.17969, 4.64609, 16], "rotation": 270, "texture": "#1"},
				"west": {"uv": [3.87266, 8.17969, 4.64609, 16], "rotation": 270, "texture": "#1"},
				"up": {"uv": [3.87266, 8.17969, 4.64609, 16], "rotation": 270, "texture": "#1"},
				"down": {"uv": [3.87266, 8.17969, 4.64609, 16], "rotation": 270, "texture": "#1"}
			}
		},
		{
			"from": [13, 1, 0.75],
			"to": [13.25, 6.5, 7],
			"faces": {
				"north": {"uv": [5.86719, 0.20703, 6.20703, 7.66016], "texture": "#1"},
				"east": {"uv": [10.68359, 0, 16, 7.91406], "texture": "#1"},
				"south": {"uv": [5.92188, 0.20313, 6.19531, 7.59375], "texture": "#1"},
				"west": {"uv": [3.5, 0, 8.72266, 7.96094], "texture": "#1"},
				"up": {"uv": [5.88672, 0.10938, 6.20703, 7.60156], "texture": "#1"},
				"down": {"uv": [5.875, 0.13281, 6.23438, 7.60156], "texture": "#1"}
			}
		},
		{
			"from": [12, 1.25, 0.75],
			"to": [13, 6.25, 6.75],
			"faces": {
				"north": {"uv": [0, 0, 1, 5], "texture": "#1"},
				"east": {"uv": [0, 0, 1.60938, 7.79688], "texture": "#1"},
				"south": {"uv": [0, 0, 1, 5], "texture": "#1"},
				"west": {"uv": [0, 0, 1.53906, 7.76172], "texture": "#1"},
				"up": {"uv": [0, 0, 1, 6], "texture": "#1"},
				"down": {"uv": [0, 0, 1, 6], "texture": "#1"}
			}
		},
		{
			"from": [11.75, 1, 0.75],
			"to": [12, 6.5, 7],
			"faces": {
				"north": {"uv": [3.5, 0, 8.72266, 7.96094], "texture": "#1"},
				"east": {"uv": [3.5, 0, 8.72266, 7.96094], "texture": "#1"},
				"south": {"uv": [3.5, 0, 8.72266, 7.96094], "texture": "#1"},
				"west": {"uv": [3.5, 0, 8.72266, 7.96094], "texture": "#1"},
				"up": {"uv": [3.5, 0, 8.72266, 7.96094], "texture": "#1"},
				"down": {"uv": [3.5, 0, 8.72266, 7.96094], "texture": "#1"}
			}
		},
		{
			"from": [11.75, 1, 0.5],
			"to": [13.25, 6.5, 0.75],
			"faces": {
				"north": {"uv": [8.86328, 0, 10.60547, 7.85938], "texture": "#1"},
				"east": {"uv": [3.91797, 0, 4.69141, 7.82031], "texture": "#1"},
				"south": {"uv": [3.91797, 0, 4.69141, 7.82031], "texture": "#1"},
				"west": {"uv": [3.91797, 0, 4.69141, 7.82031], "texture": "#1"},
				"up": {"uv": [3.91797, 0, 4.69141, 7.82031], "texture": "#1"},
				"down": {"uv": [3.91797, 0, 4.69141, 7.82031], "texture": "#1"}
			}
		},
		{
			"from": [9.75, 1, 0.75],
			"to": [10, 6.5, 7],
			"faces": {
				"north": {"uv": [5.86719, 0.20703, 6.20703, 7.66016], "texture": "#1"},
				"east": {"uv": [10.68359, 0, 16, 7.91406], "texture": "#1"},
				"south": {"uv": [5.92188, 0.20313, 6.19531, 7.59375], "texture": "#1"},
				"west": {"uv": [3.5, 0, 8.72266, 7.96094], "texture": "#1"},
				"up": {"uv": [5.88672, 0.10938, 6.20703, 7.60156], "texture": "#1"},
				"down": {"uv": [5.875, 0.13281, 6.23438, 7.60156], "texture": "#1"}
			}
		},
		{
			"from": [8.75, 1.25, 0.75],
			"to": [9.75, 6.25, 6.75],
			"faces": {
				"north": {"uv": [0, 0, 1, 5], "texture": "#1"},
				"east": {"uv": [0, 0, 1.60938, 7.79688], "texture": "#1"},
				"south": {"uv": [0, 0, 1, 5], "texture": "#1"},
				"west": {"uv": [0, 0, 1.53906, 7.76172], "texture": "#1"},
				"up": {"uv": [0, 0, 1, 6], "texture": "#1"},
				"down": {"uv": [0, 0, 1, 6], "texture": "#1"}
			}
		},
		{
			"from": [8.5, 1, 0.75],
			"to": [8.75, 6.5, 7],
			"faces": {
				"north": {"uv": [3.5, 0, 8.72266, 7.96094], "texture": "#1"},
				"east": {"uv": [3.5, 0, 8.72266, 7.96094], "texture": "#1"},
				"south": {"uv": [3.5, 0, 8.72266, 7.96094], "texture": "#1"},
				"west": {"uv": [3.5, 0, 8.72266, 7.96094], "texture": "#1"},
				"up": {"uv": [3.5, 0, 8.72266, 7.96094], "texture": "#1"},
				"down": {"uv": [3.5, 0, 8.72266, 7.96094], "texture": "#1"}
			}
		},
		{
			"from": [8.5, 1, 0.5],
			"to": [10, 6.5, 0.75],
			"faces": {
				"north": {"uv": [8.86328, 0, 10.60547, 7.85938], "texture": "#1"},
				"east": {"uv": [3.91797, 0, 4.69141, 7.82031], "texture": "#1"},
				"south": {"uv": [3.91797, 0, 4.69141, 7.82031], "texture": "#1"},
				"west": {"uv": [3.91797, 0, 4.69141, 7.82031], "texture": "#1"},
				"up": {"uv": [3.91797, 0, 4.69141, 7.82031], "texture": "#1"},
				"down": {"uv": [3.91797, 0, 4.69141, 7.82031], "texture": "#1"}
			}
		},
		{
			"from": [7, 1, 0.75],
			"to": [7.25, 6.5, 7],
			"faces": {
				"north": {"uv": [5.86719, 0.20703, 6.20703, 7.66016], "texture": "#1"},
				"east": {"uv": [10.68359, 0, 16, 7.91406], "texture": "#1"},
				"south": {"uv": [5.92188, 0.20313, 6.19531, 7.59375], "texture": "#1"},
				"west": {"uv": [3.5, 0, 8.72266, 7.96094], "texture": "#1"},
				"up": {"uv": [5.88672, 0.10938, 6.20703, 7.60156], "texture": "#1"},
				"down": {"uv": [5.875, 0.13281, 6.23438, 7.60156], "texture": "#1"}
			}
		},
		{
			"from": [6, 1.25, 0.75],
			"to": [7, 6.25, 6.75],
			"faces": {
				"north": {"uv": [0, 0, 1, 5], "texture": "#1"},
				"east": {"uv": [0, 0, 1.60938, 7.79688], "texture": "#1"},
				"south": {"uv": [0, 0, 1, 5], "texture": "#1"},
				"west": {"uv": [0, 0, 1.53906, 7.76172], "texture": "#1"},
				"up": {"uv": [0, 0, 1, 6], "texture": "#1"},
				"down": {"uv": [0, 0, 1, 6], "texture": "#1"}
			}
		},
		{
			"from": [5.75, 1, 0.75],
			"to": [6, 6.5, 7],
			"faces": {
				"north": {"uv": [3.5, 0, 8.72266, 7.96094], "texture": "#1"},
				"east": {"uv": [3.5, 0, 8.72266, 7.96094], "texture": "#1"},
				"south": {"uv": [3.5, 0, 8.72266, 7.96094], "texture": "#1"},
				"west": {"uv": [3.5, 0, 8.72266, 7.96094], "texture": "#1"},
				"up": {"uv": [3.5, 0, 8.72266, 7.96094], "texture": "#1"},
				"down": {"uv": [3.5, 0, 8.72266, 7.96094], "texture": "#1"}
			}
		},
		{
			"from": [5.75, 1, 0.5],
			"to": [7.25, 6.5, 0.75],
			"faces": {
				"north": {"uv": [8.86328, 0, 10.60547, 7.85938], "texture": "#1"},
				"east": {"uv": [3.91797, 0, 4.69141, 7.82031], "texture": "#1"},
				"south": {"uv": [3.91797, 0, 4.69141, 7.82031], "texture": "#1"},
				"west": {"uv": [3.91797, 0, 4.69141, 7.82031], "texture": "#1"},
				"up": {"uv": [3.91797, 0, 4.69141, 7.82031], "texture": "#1"},
				"down": {"uv": [3.91797, 0, 4.69141, 7.82031], "texture": "#1"}
			}
		},
		{
			"from": [11.5, 1, 1.25],
			"to": [11.75, 6.5, 7.5],
			"faces": {
				"north": {"uv": [5.96094, 8.12891, 6.30078, 15.58203], "texture": "#1"},
				"east": {"uv": [10.68359, 8.08594, 16, 16], "texture": "#1"},
				"south": {"uv": [6.05469, 8.14844, 6.32813, 15.53906], "texture": "#1"},
				"west": {"uv": [3.5, 8.03906, 8.72266, 16], "texture": "#1"},
				"up": {"uv": [5.93359, 8.10156, 6.25391, 15.59375], "texture": "#1"},
				"down": {"uv": [5.92188, 8.05469, 6.28125, 15.52344], "texture": "#1"}
			}
		},
		{
			"from": [10.25, 1, 1.25],
			"to": [10.5, 6.5, 7.5],
			"faces": {
				"north": {"uv": [3.5, 8.03906, 8.72266, 16], "texture": "#1"},
				"east": {"uv": [3.5, 8.03906, 8.72266, 16], "texture": "#1"},
				"south": {"uv": [3.5, 8.03906, 8.72266, 16], "texture": "#1"},
				"west": {"uv": [3.52344, 8.03906, 8.74609, 16], "texture": "#1"},
				"up": {"uv": [3.52344, 8.03906, 8.74609, 16], "texture": "#1"},
				"down": {"uv": [3.5, 8.03906, 8.72266, 16], "texture": "#1"}
			}
		},
		{
			"from": [10.5, 1.25, 1.25],
			"to": [11.5, 6.25, 7.25],
			"faces": {
				"north": {"uv": [0, 0, 1, 5], "texture": "#1"},
				"east": {"uv": [0, 0, 1.60938, 7.79688], "texture": "#1"},
				"south": {"uv": [0, 0, 1, 5], "texture": "#1"},
				"west": {"uv": [0, 0, 1.53906, 7.76172], "texture": "#1"},
				"up": {"uv": [0, 0, 1, 6], "texture": "#1"},
				"down": {"uv": [0, 0, 1, 6], "texture": "#1"}
			}
		},
		{
			"from": [10.25, 1, 1],
			"to": [11.75, 6.5, 1.25],
			"faces": {
				"north": {"uv": [8.84531, 8.11133, 10.67344, 15.93164], "texture": "#1"},
				"east": {"uv": [3.87266, 8.17969, 4.64609, 16], "texture": "#1"},
				"south": {"uv": [3.87266, 8.17969, 4.64609, 16], "texture": "#1"},
				"west": {"uv": [3.87266, 8.17969, 4.64609, 16], "texture": "#1"},
				"up": {"uv": [3.87266, 8.17969, 4.64609, 16], "texture": "#1"},
				"down": {"uv": [3.87266, 8.17969, 4.64609, 16], "texture": "#1"}
			}
		},
		{
			"from": [14.5, 1, 1.25],
			"to": [14.75, 6.5, 7.5],
			"faces": {
				"north": {"uv": [5.96094, 8.12891, 6.30078, 15.58203], "texture": "#1"},
				"east": {"uv": [10.68359, 8.08594, 16, 16], "texture": "#1"},
				"south": {"uv": [6.05469, 8.14844, 6.32813, 15.53906], "texture": "#1"},
				"west": {"uv": [3.5, 8.03906, 8.72266, 16], "texture": "#1"},
				"up": {"uv": [5.93359, 8.10156, 6.25391, 15.59375], "texture": "#1"},
				"down": {"uv": [5.92188, 8.05469, 6.28125, 15.52344], "texture": "#1"}
			}
		},
		{
			"from": [13.25, 1, 1.25],
			"to": [13.5, 6.5, 7.5],
			"faces": {
				"north": {"uv": [3.5, 8.03906, 8.72266, 16], "texture": "#1"},
				"east": {"uv": [3.5, 8.03906, 8.72266, 16], "texture": "#1"},
				"south": {"uv": [3.5, 8.03906, 8.72266, 16], "texture": "#1"},
				"west": {"uv": [3.52344, 8.03906, 8.74609, 16], "texture": "#1"},
				"up": {"uv": [3.52344, 8.03906, 8.74609, 16], "texture": "#1"},
				"down": {"uv": [3.5, 8.03906, 8.72266, 16], "texture": "#1"}
			}
		},
		{
			"from": [13.5, 1.25, 1.25],
			"to": [14.5, 6.25, 7.25],
			"faces": {
				"north": {"uv": [0, 0, 1, 5], "texture": "#1"},
				"east": {"uv": [0, 0, 1.60938, 7.79688], "texture": "#1"},
				"south": {"uv": [0, 0, 1, 5], "texture": "#1"},
				"west": {"uv": [0, 0, 1.53906, 7.76172], "texture": "#1"},
				"up": {"uv": [0, 0, 1, 6], "texture": "#1"},
				"down": {"uv": [0, 0, 1, 6], "texture": "#1"}
			}
		},
		{
			"from": [13.25, 1, 1],
			"to": [14.75, 6.5, 1.25],
			"faces": {
				"north": {"uv": [8.84531, 8.11133, 10.67344, 15.93164], "texture": "#1"},
				"east": {"uv": [3.87266, 8.17969, 4.64609, 16], "texture": "#1"},
				"south": {"uv": [3.87266, 8.17969, 4.64609, 16], "texture": "#1"},
				"west": {"uv": [3.87266, 8.17969, 4.64609, 16], "texture": "#1"},
				"up": {"uv": [3.87266, 8.17969, 4.64609, 16], "texture": "#1"},
				"down": {"uv": [3.87266, 8.17969, 4.64609, 16], "texture": "#1"}
			}
		},
		{
			"from": [0, 2.25, 1.25],
			"to": [5.5, 2.5, 7.5],
			"rotation": {"angle": 0, "axis": "z", "origin": [-4, 10, 0]},
			"faces": {
				"north": {"uv": [5.96094, 8.12891, 6.30078, 15.58203], "rotation": 90, "texture": "#1"},
				"east": {"uv": [5.92188, 8.05469, 6.28125, 15.52344], "rotation": 270, "texture": "#1"},
				"south": {"uv": [6.05469, 8.14844, 6.32813, 15.53906], "rotation": 270, "texture": "#1"},
				"west": {"uv": [5.93359, 8.10156, 6.25391, 15.59375], "rotation": 270, "texture": "#1"},
				"up": {"uv": [10.68359, 8.08594, 16, 16], "rotation": 270, "texture": "#1"},
				"down": {"uv": [3.5, 8.03906, 8.72266, 16], "rotation": 270, "texture": "#1"}
			}
		},
		{
			"from": [0, 1, 1.25],
			"to": [5.5, 1.25, 7.5],
			"rotation": {"angle": 0, "axis": "z", "origin": [-4, 10, 0]},
			"faces": {
				"north": {"uv": [3.5, 8.03906, 8.72266, 16], "rotation": 90, "texture": "#1"},
				"east": {"uv": [3.5, 8.03906, 8.72266, 16], "rotation": 270, "texture": "#1"},
				"south": {"uv": [3.5, 8.03906, 8.72266, 16], "rotation": 270, "texture": "#1"},
				"west": {"uv": [3.52344, 8.03906, 8.74609, 16], "rotation": 270, "texture": "#1"},
				"up": {"uv": [3.5, 8.03906, 8.72266, 16], "rotation": 270, "texture": "#1"},
				"down": {"uv": [3.52344, 8.03906, 8.74609, 16], "rotation": 270, "texture": "#1"}
			}
		},
		{
			"from": [0.25, 1.25, 1.25],
			"to": [5.25, 2.25, 7.25],
			"rotation": {"angle": 0, "axis": "z", "origin": [-4, 10, 0]},
			"faces": {
				"north": {"uv": [0, 0, 1, 5], "rotation": 90, "texture": "#1"},
				"east": {"uv": [0, 0, 1, 6], "rotation": 270, "texture": "#1"},
				"south": {"uv": [0, 0, 1, 5], "rotation": 270, "texture": "#1"},
				"west": {"uv": [0, 0, 1, 6], "rotation": 270, "texture": "#1"},
				"up": {"uv": [0, 0, 1.60938, 7.79688], "rotation": 270, "texture": "#1"},
				"down": {"uv": [0, 0, 1.53906, 7.76172], "rotation": 270, "texture": "#1"}
			}
		},
		{
			"from": [0, 1, 1],
			"to": [5.5, 2.5, 1.25],
			"rotation": {"angle": 0, "axis": "z", "origin": [-4, 10, 0]},
			"faces": {
				"north": {"uv": [8.84531, 8.11133, 10.67344, 15.93164], "rotation": 90, "texture": "#1"},
				"east": {"uv": [3.87266, 8.17969, 4.64609, 16], "rotation": 270, "texture": "#1"},
				"south": {"uv": [3.87266, 8.17969, 4.64609, 16], "rotation": 270, "texture": "#1"},
				"west": {"uv": [3.87266, 8.17969, 4.64609, 16], "rotation": 270, "texture": "#1"},
				"up": {"uv": [3.87266, 8.17969, 4.64609, 16], "rotation": 270, "texture": "#1"},
				"down": {"uv": [3.87266, 8.17969, 4.64609, 16], "rotation": 270, "texture": "#1"}
			}
		},
		{
			"from": [0.25, 2.5, 1.5],
			"to": [5.75, 2.75, 7.75],
			"rotation": {"angle": 0, "axis": "z", "origin": [0, -5, 0]},
			"faces": {
				"north": {"uv": [5.86719, 0.20703, 6.20703, 7.66016], "rotation": 270, "texture": "#1"},
				"east": {"uv": [5.88672, 0.10938, 6.20703, 7.60156], "rotation": 90, "texture": "#1"},
				"south": {"uv": [5.92188, 0.20313, 6.19531, 7.59375], "rotation": 90, "texture": "#1"},
				"west": {"uv": [5.875, 0.13281, 6.23438, 7.60156], "rotation": 90, "texture": "#1"},
				"up": {"uv": [3.5, 0, 8.72266, 7.96094], "rotation": 90, "texture": "#1"},
				"down": {"uv": [10.68359, 0, 16, 7.91406], "rotation": 90, "texture": "#1"}
			}
		},
		{
			"from": [0.5, 2.75, 1.5],
			"to": [5.5, 3.75, 7.5],
			"rotation": {"angle": 0, "axis": "z", "origin": [0, -5, 0]},
			"faces": {
				"north": {"uv": [0, 0, 1, 5], "rotation": 270, "texture": "#1"},
				"east": {"uv": [0, 0, 1, 6], "rotation": 90, "texture": "#1"},
				"south": {"uv": [0, 0, 1, 5], "rotation": 90, "texture": "#1"},
				"west": {"uv": [0, 0, 1, 6], "rotation": 90, "texture": "#1"},
				"up": {"uv": [0, 0, 1.53906, 7.76172], "rotation": 90, "texture": "#1"},
				"down": {"uv": [0, 0, 1.60938, 7.79688], "rotation": 90, "texture": "#1"}
			}
		},
		{
			"from": [0.25, 3.75, 1.5],
			"to": [5.75, 4, 7.75],
			"rotation": {"angle": 0, "axis": "z", "origin": [0, -5, 0]},
			"faces": {
				"north": {"uv": [3.5, 0, 8.72266, 7.96094], "rotation": 270, "texture": "#1"},
				"east": {"uv": [3.5, 0, 8.72266, 7.96094], "rotation": 90, "texture": "#1"},
				"south": {"uv": [3.5, 0, 8.72266, 7.96094], "rotation": 90, "texture": "#1"},
				"west": {"uv": [3.5, 0, 8.72266, 7.96094], "rotation": 90, "texture": "#1"},
				"up": {"uv": [3.5, 0, 8.72266, 7.96094], "rotation": 90, "texture": "#1"},
				"down": {"uv": [3.5, 0, 8.72266, 7.96094], "rotation": 90, "texture": "#1"}
			}
		},
		{
			"from": [0.25, 2.5, 1.25],
			"to": [5.75, 4, 1.5],
			"rotation": {"angle": 0, "axis": "z", "origin": [0, -5, 0]},
			"faces": {
				"north": {"uv": [8.86328, 0, 10.60547, 7.85938], "rotation": 270, "texture": "#1"},
				"east": {"uv": [3.91797, 0, 4.69141, 7.82031], "rotation": 90, "texture": "#1"},
				"south": {"uv": [3.91797, 0, 4.69141, 7.82031], "rotation": 90, "texture": "#1"},
				"west": {"uv": [3.91797, 0, 4.69141, 7.82031], "rotation": 90, "texture": "#1"},
				"up": {"uv": [3.91797, 0, 4.69141, 7.82031], "rotation": 90, "texture": "#1"},
				"down": {"uv": [3.91797, 0, 4.69141, 7.82031], "rotation": 90, "texture": "#1"}
			}
		}
	],
	"groups": [
		0,
		1,
		2,
		3,
		4,
		5,
		6,
		7,
		8,
		9,
		10,
		11,
		12,
		13,
		14,
		15,
		16,
		17,
		18,
		19,
		20,
		21,
		22,
		23,
		24,
		25,
		26,
		27,
		28,
		29,
		30,
		31,
		32,
		33,
		34,
		35,
		{
			"name": "book1",
			"origin": [0, 0, 0],
			"color": 0,
			"children": [36, 37, 38, 39, 40, 41, 42, 43, 44, 45, 46, 47, 48, 49, 50, 51, 52, 53, 54, 55, 56, 57, 58, 59, 60, 61, 62, 63, 64, 65]
		},
		{
			"name": "book3",
			"origin": [0, 0, 0],
			"color": 0,
			"children": [66, 67, 68, 69]
		},
		{
			"name": "book4",
			"origin": [0, 0, 0],
			"color": 0,
			"children": [
				70,
				71,
				72,
				73,
				74,
				{
					"name": "book4",
					"origin": [0, 0, 0],
					"color": 0,
					"children": [75, 76, 77, 78, 79]
				},
				{
					"name": "book4",
					"origin": [0, 0, 0],
					"color": 0,
					"children": [80, 81, 82, 83, 84]
				}
			]
		},
		{
			"name": "book5",
			"origin": [0, 0, 0],
			"color": 0,
			"children": [85, 86, 87, 88]
		},
		{
			"name": "book5",
			"origin": [0, 0, 0],
			"color": 0,
			"children": [89, 90, 91, 92]
		},
		{
			"name": "book5",
			"origin": [0, 0, 0],
			"color": 0,
			"children": [93, 94, 95, 96]
		},
		{
			"name": "book5",
			"origin": [0, 0, 0],
			"color": 0,
			"children": [97, 98, 99, 100]
		},
		{
			"name": "book2",
			"origin": [0, 0, 0],
			"color": 0,
			"children": [101, 102, 103, 104]
		},
		{
			"name": "book2",
			"origin": [0, 0, 0],
			"color": 0,
			"children": [105, 106, 107, 108]
		},
		{
			"name": "book2",
			"origin": [0, 0, 0],
			"color": 0,
			"children": [109, 110, 111, 112]
		},
		{
			"name": "book1",
			"origin": [0, 0, 0],
			"color": 0,
			"children": [113, 114, 115, 116]
		},
		{
			"name": "book1",
			"origin": [0, 0, 0],
			"color": 0,
			"children": [117, 118, 119, 120]
		},
		{
			"name": "book1",
			"origin": [0, 0, 0],
			"color": 0,
			"children": [121, 122, 123, 124]
		},
		{
			"name": "book2",
			"origin": [0, 0, 0],
			"color": 0,
			"children": [125, 126, 127, 128]
		}
	]
}