{
	"credit": "Made with Blockbench",
	"parent": "block/block",
	"ambientocclusion": false,
	"textures": {
		"0": "block/cactus/cactus",
		"1": "block/cactus/cactustop",
		"2": "block/cactus/cactus2",
		"particle": "block/cactus/cactus"
	},
	"elements": [
		{
			"from": [9.8, 0, 7.525],
			"to": [10.8, 16, 8.525],
			"rotation": {"angle": -45, "axis": "y", "origin": [0, 0, 0]},
			"faces": {
				"north": {"uv": [3.3125, 0, 4.3125, 16], "texture": "#0"},
				"east": {"uv": [3.3125, 0, 4.3125, 16], "texture": "#0"},
				"south": {"uv": [3.3125, 0, 4.3125, 16], "texture": "#0"},
				"west": {"uv": [4.3125, 0, 3.3125, 16], "texture": "#0"},
				"up": {"uv": [3.3125, 0, 4.3125, 16], "texture": "#0"},
				"down": {"uv": [3.3125, 0, 4.3125, 16], "texture": "#0"}
			}
		},
		{
			"from": [8.8, 0, 6.525],
			"to": [9.8, 16, 7.525],
			"rotation": {"angle": -45, "axis": "y", "origin": [0, 0, 0]},
			"faces": {
				"north": {"uv": [3.3125, 0, 4.3125, 16], "texture": "#0"},
				"east": {"uv": [3.3125, 0, 4.3125, 16], "texture": "#0"},
				"south": {"uv": [3.3125, 0, 4.3125, 16], "texture": "#0"},
				"west": {"uv": [13.42188, 0, 14.42188, 16], "texture": "#0"},
				"up": {"uv": [3.3125, 0, 4.3125, 16], "texture": "#0"},
				"down": {"uv": [3.3125, 0, 4.3125, 16], "texture": "#0"}
			}
		},
		{
			"from": [7.8, 0, 5.525],
			"to": [8.8, 16, 6.525],
			"rotation": {"angle": -45, "axis": "y", "origin": [0, 0, 0]},
			"faces": {
				"north": {"uv": [3.3125, 0, 4.3125, 16], "texture": "#0"},
				"east": {"uv": [3.3125, 0, 4.3125, 16], "texture": "#0"},
				"south": {"uv": [3.3125, 16, 4.3125, 0], "texture": "#0"},
				"west": {"uv": [3.3125, 0, 4.3125, 16], "texture": "#0"},
				"up": {"uv": [3.3125, 0, 4.3125, 16], "texture": "#0"},
				"down": {"uv": [3.3125, 0, 4.3125, 16], "texture": "#0"}
			}
		},
		{
			"from": [6.8, 0, 4.525],
			"to": [7.8, 16, 5.525],
			"rotation": {"angle": -45, "axis": "y", "origin": [0, 0, 0]},
			"faces": {
				"north": {"uv": [3.3125, 0, 4.3125, 16], "texture": "#0"},
				"east": {"uv": [3.3125, 0, 4.3125, 16], "texture": "#0"},
				"south": {"uv": [3.3125, 16, 4.3125, 0], "texture": "#0"},
				"west": {"uv": [13.21875, 0, 14.21875, 16], "texture": "#0"},
				"up": {"uv": [3.3125, 0, 4.3125, 16], "texture": "#0"},
				"down": {"uv": [3.3125, 0, 4.3125, 16], "texture": "#0"}
			}
		},
		{
			"from": [5.8, 0, 3.525],
			"to": [6.8, 16, 4.525],
			"rotation": {"angle": -45, "axis": "y", "origin": [0, 0, 0]},
			"faces": {
				"north": {"uv": [3.3125, 0, 4.3125, 16], "texture": "#0"},
				"east": {"uv": [3.3125, 0, 4.3125, 16], "texture": "#0"},
				"south": {"uv": [3.3125, 16, 4.3125, 0], "texture": "#0"},
				"west": {"uv": [3.3125, 0, 4.3125, 16], "texture": "#0"},
				"up": {"uv": [3.3125, 0, 4.3125, 16], "texture": "#0"},
				"down": {"uv": [3.3125, 0, 4.3125, 16], "texture": "#0"}
			}
		},
		{
			"from": [4.8, 0, 2.525],
			"to": [5.8, 16, 3.525],
			"rotation": {"angle": -45, "axis": "y", "origin": [0, 0, 0]},
			"faces": {
				"north": {"uv": [3.3125, 0, 4.3125, 16], "texture": "#0"},
				"east": {"uv": [3.3125, 0, 4.3125, 16], "texture": "#0"},
				"south": {"uv": [3.3125, 0, 4.3125, 16], "texture": "#0"},
				"west": {"uv": [4.54297, 0, 5.54297, 16], "texture": "#0"},
				"up": {"uv": [3.3125, 0, 4.3125, 16], "texture": "#0"},
				"down": {"uv": [3.3125, 0, 4.3125, 16], "texture": "#0"}
			}
		},
		{
			"from": [3.8, 0, 1.525],
			"to": [4.8, 16, 2.525],
			"rotation": {"angle": -45, "axis": "y", "origin": [0, 0, 0]},
			"faces": {
				"north": {"uv": [3.3125, 0, 4.3125, 16], "texture": "#0"},
				"east": {"uv": [3.3125, 0, 4.3125, 16], "texture": "#0"},
				"south": {"uv": [4.3125, 0, 3.3125, 16], "texture": "#0"},
				"west": {"uv": [0.26563, 0, 1.26563, 16], "texture": "#0"},
				"up": {"uv": [3.3125, 0, 4.3125, 16], "texture": "#0"},
				"down": {"uv": [3.3125, 0, 4.3125, 16], "texture": "#0"}
			}
		},
		{
			"from": [2.8, 0, 0.525],
			"to": [3.8, 16, 1.525],
			"rotation": {"angle": -45, "axis": "y", "origin": [0, 0, 0]},
			"faces": {
				"north": {"uv": [3.3125, 0, 4.3125, 16], "texture": "#0"},
				"east": {"uv": [3.3125, 0, 4.3125, 16], "texture": "#0"},
				"south": {"uv": [4.98438, 16, 5.98438, 0], "texture": "#0"},
				"west": {"uv": [4.3125, 0, 3.3125, 16], "texture": "#0"},
				"up": {"uv": [3.3125, 0, 4.3125, 16], "texture": "#0"},
				"down": {"uv": [3.3125, 0, 4.3125, 16], "texture": "#0"}
			}
		},
		{
			"from": [11.8, 0, 7.525],
			"to": [12.8, 16, 8.525],
			"rotation": {"angle": -45, "axis": "y", "origin": [0, 0, 0]},
			"faces": {
				"north": {"uv": [0, 0, 1, 16], "texture": "#0"},
				"east": {"uv": [1, 0, 0, 16], "texture": "#0"},
				"south": {"uv": [0, 0, 1, 16], "texture": "#0"},
				"west": {"uv": [0, 0, 1, 16], "texture": "#0"},
				"up": {"uv": [0, 0, 1, 16], "texture": "#0"},
				"down": {"uv": [0, 0, 1, 16], "texture": "#0"}
			}
		},
		{
			"from": [12.8, 0, 6.525],
			"to": [13.8, 16, 7.525],
			"rotation": {"angle": -45, "axis": "y", "origin": [0, 0, 0]},
			"faces": {
				"north": {"uv": [0, 0, 1, 16], "texture": "#0"},
				"east": {"uv": [0, 0, 1, 16], "texture": "#0"},
				"south": {"uv": [0, 0, 1, 16], "texture": "#0"},
				"west": {"uv": [0, 0, 1, 16], "texture": "#0"},
				"up": {"uv": [0, 0, 1, 16], "texture": "#0"},
				"down": {"uv": [0, 0, 1, 16], "texture": "#0"}
			}
		},
		{
			"from": [13.8, 0, 5.525],
			"to": [14.8, 16, 6.525],
			"rotation": {"angle": -45, "axis": "y", "origin": [0, 0, 0]},
			"faces": {
				"north": {"uv": [0, 0, 1, 16], "texture": "#0"},
				"east": {"uv": [6.0625, 0, 5.0625, 16], "texture": "#0"},
				"south": {"uv": [0, 0, 1, 16], "texture": "#0"},
				"west": {"uv": [0, 0, 1, 16], "texture": "#0"},
				"up": {"uv": [0, 0, 1, 16], "texture": "#0"},
				"down": {"uv": [0, 0, 1, 16], "texture": "#0"}
			}
		},
		{
			"from": [14.8, 0, 4.525],
			"to": [15.8, 16, 5.525],
			"rotation": {"angle": -45, "axis": "y", "origin": [0, 0, 0]},
			"faces": {
				"north": {"uv": [0, 0, 1, 16], "texture": "#0"},
				"east": {"uv": [0, 0, 1, 16], "texture": "#0"},
				"south": {"uv": [0, 0, 1, 16], "texture": "#0"},
				"west": {"uv": [0, 0, 1, 16], "texture": "#0"},
				"up": {"uv": [0, 0, 1, 16], "texture": "#0"},
				"down": {"uv": [0, 0, 1, 16], "texture": "#0"}
			}
		},
		{
			"from": [15.8, 0, 3.525],
			"to": [16.8, 16, 4.525],
			"rotation": {"angle": -45, "axis": "y", "origin": [0, 0, 0]},
			"faces": {
				"north": {"uv": [0, 0, 1, 16], "texture": "#0"},
				"east": {"uv": [1.20313, 0, 2.20313, 16], "texture": "#0"},
				"south": {"uv": [1, 0, 0, 16], "texture": "#0"},
				"west": {"uv": [0, 0, 1, 16], "texture": "#0"},
				"up": {"uv": [0, 0, 1, 16], "texture": "#0"},
				"down": {"uv": [0, 0, 1, 16], "texture": "#0"}
			}
		},
		{
			"from": [16.8, 0, 2.525],
			"to": [17.8, 16, 3.525],
			"rotation": {"angle": -45, "axis": "y", "origin": [0, 0, 0]},
			"faces": {
				"north": {"uv": [0, 0, 1, 16], "texture": "#0"},
				"east": {"uv": [1, 16, 0, 0], "texture": "#0"},
				"south": {"uv": [0, 0, 1, 16], "texture": "#0"},
				"west": {"uv": [0, 0, 1, 16], "texture": "#0"},
				"up": {"uv": [0, 0, 1, 16], "texture": "#0"},
				"down": {"uv": [0, 0, 1, 16], "texture": "#0"}
			}
		},
		{
			"from": [17.8, 0, 1.525],
			"to": [18.8, 16, 2.525],
			"rotation": {"angle": -45, "axis": "y", "origin": [0, 0, 0]},
			"faces": {
				"north": {"uv": [0, 0, 1, 16], "texture": "#0"},
				"east": {"uv": [0, 0, 1, 16], "texture": "#0"},
				"south": {"uv": [4.95313, 0, 5.95313, 16], "texture": "#0"},
				"west": {"uv": [0, 0, 1, 16], "texture": "#0"},
				"up": {"uv": [0, 0, 1, 16], "texture": "#0"},
				"down": {"uv": [0, 0, 1, 16], "texture": "#0"}
			}
		},
		{
			"from": [18.8, 0, 0.525],
			"to": [19.8, 16, 1.525],
			"rotation": {"angle": -45, "axis": "y", "origin": [0, 0, 0]},
			"faces": {
				"north": {"uv": [0, 0, 1, 16], "texture": "#0"},
				"east": {"uv": [0, 16, 1, 0], "texture": "#0"},
				"south": {"uv": [13.21875, 0, 12.21875, 16], "texture": "#0"},
				"west": {"uv": [0, 0, 1, 16], "texture": "#0"},
				"up": {"uv": [0, 0, 1, 16], "texture": "#0"},
				"down": {"uv": [0, 0, 1, 16], "texture": "#0"}
			}
		},
		{
			"from": [6.8, 0, -5.475],
			"to": [7.8, 16, -4.475],
			"rotation": {"angle": -45, "axis": "y", "origin": [0, 0, 0]},
			"faces": {
				"north": {"uv": [4.83594, 0, 5.83594, 16], "texture": "#0"},
				"east": {"uv": [2.22656, 0, 3.22656, 16], "texture": "#0"},
				"south": {"uv": [2.22656, 0, 3.22656, 16], "texture": "#0"},
				"west": {"uv": [0, 0, 1, 16], "texture": "#0"},
				"up": {"uv": [2.22656, 0, 3.22656, 16], "texture": "#0"},
				"down": {"uv": [2.22656, 0, 3.22656, 16], "texture": "#0"}
			}
		},
		{
			"from": [5.8, 0, -4.475],
			"to": [6.8, 16, -3.475],
			"rotation": {"angle": -45, "axis": "y", "origin": [0, 0, 0]},
			"faces": {
				"north": {"uv": [0, 16, 1, 0], "texture": "#0"},
				"east": {"uv": [2.22656, 0, 3.22656, 16], "texture": "#0"},
				"south": {"uv": [2.22656, 0, 3.22656, 16], "texture": "#0"},
				"west": {"uv": [13.01172, 0, 14.01172, 16], "texture": "#0"},
				"up": {"uv": [2.22656, 0, 3.22656, 16], "texture": "#0"},
				"down": {"uv": [2.22656, 0, 3.22656, 16], "texture": "#0"}
			}
		},
		{
			"from": [4.8, 0, -3.475],
			"to": [5.8, 16, -2.475],
			"rotation": {"angle": -45, "axis": "y", "origin": [0, 0, 0]},
			"faces": {
				"north": {"uv": [2.22656, 16, 3.22656, 0], "texture": "#0"},
				"east": {"uv": [2.22656, 0, 3.22656, 16], "texture": "#0"},
				"south": {"uv": [2.22656, 0, 3.22656, 16], "texture": "#0"},
				"west": {"uv": [2.22656, 0, 3.22656, 16], "texture": "#0"},
				"up": {"uv": [2.22656, 0, 3.22656, 16], "texture": "#0"},
				"down": {"uv": [2.22656, 0, 3.22656, 16], "texture": "#0"}
			}
		},
		{
			"from": [9.8, 0, -8.475],
			"to": [10.8, 16, -7.475],
			"rotation": {"angle": -45, "axis": "y", "origin": [0, 0, 0]},
			"faces": {
				"north": {"uv": [2.22656, 0, 3.22656, 16], "texture": "#0"},
				"east": {"uv": [2.22656, 0, 3.22656, 16], "texture": "#0"},
				"south": {"uv": [2.22656, 0, 3.22656, 16], "texture": "#0"},
				"west": {"uv": [0, 0, 1, 16], "texture": "#0"},
				"up": {"uv": [2.22656, 0, 3.22656, 16], "texture": "#0"},
				"down": {"uv": [2.22656, 0, 3.22656, 16], "texture": "#0"}
			}
		},
		{
			"from": [11.8, 0, -8.475],
			"to": [12.8, 16, -7.475],
			"rotation": {"angle": -45, "axis": "y", "origin": [0, 0, 0]},
			"faces": {
				"north": {"uv": [0, 0, 1, 16], "texture": "#0"},
				"east": {"uv": [1, 16, 0, 0], "texture": "#0"},
				"south": {"uv": [0, 0, 1, 16], "texture": "#0"},
				"west": {"uv": [0, 0, 1, 16], "texture": "#0"},
				"up": {"uv": [0, 0, 1, 16], "texture": "#0"},
				"down": {"uv": [0, 0, 1, 16], "texture": "#0"}
			}
		},
		{
			"from": [12.8, 0, -7.475],
			"to": [13.8, 16, -6.475],
			"rotation": {"angle": -45, "axis": "y", "origin": [0, 0, 0]},
			"faces": {
				"north": {"uv": [0, 0, 1, 16], "texture": "#0"},
				"east": {"uv": [0, 0, 1, 16], "texture": "#0"},
				"south": {"uv": [0, 0, 1, 16], "texture": "#0"},
				"west": {"uv": [0, 0, 1, 16], "texture": "#0"},
				"up": {"uv": [0, 0, 1, 16], "texture": "#0"},
				"down": {"uv": [0, 0, 1, 16], "texture": "#0"}
			}
		},
		{
			"from": [13.8, 0, -6.475],
			"to": [14.8, 16, -5.475],
			"rotation": {"angle": -45, "axis": "y", "origin": [0, 0, 0]},
			"faces": {
				"north": {"uv": [13.98047, 16, 12.98047, 0], "texture": "#0"},
				"east": {"uv": [1, 16, 0, 0], "texture": "#0"},
				"south": {"uv": [0, 0, 1, 16], "texture": "#0"},
				"west": {"uv": [0, 0, 1, 16], "texture": "#0"},
				"up": {"uv": [0, 0, 1, 16], "texture": "#0"},
				"down": {"uv": [0, 0, 1, 16], "texture": "#0"}
			}
		},
		{
			"from": [14.8, 0, -5.475],
			"to": [15.8, 16, -4.475],
			"rotation": {"angle": -45, "axis": "y", "origin": [0, 0, 0]},
			"faces": {
				"north": {"uv": [0, 0, 1, 16], "texture": "#0"},
				"east": {"uv": [0, 0, 1, 16], "texture": "#0"},
				"south": {"uv": [0, 0, 1, 16], "texture": "#0"},
				"west": {"uv": [0, 0, 1, 16], "texture": "#0"},
				"up": {"uv": [0, 0, 1, 16], "texture": "#0"},
				"down": {"uv": [0, 0, 1, 16], "texture": "#0"}
			}
		},
		{
			"from": [15.8, 0, -4.475],
			"to": [16.8, 16, -3.475],
			"rotation": {"angle": -45, "axis": "y", "origin": [0, 0, 0]},
			"faces": {
				"north": {"uv": [0, 0, 1, 16], "texture": "#0"},
				"east": {"uv": [1, 16, 0, 0], "texture": "#0"},
				"south": {"uv": [0, 0, 1, 16], "texture": "#0"},
				"west": {"uv": [0, 0, 1, 16], "texture": "#0"},
				"up": {"uv": [0, 0, 1, 16], "texture": "#0"},
				"down": {"uv": [0, 0, 1, 16], "texture": "#0"}
			}
		},
		{
			"from": [16.8, 0, -3.475],
			"to": [17.8, 16, -2.475],
			"rotation": {"angle": -45, "axis": "y", "origin": [0, 0, 0]},
			"faces": {
				"north": {"uv": [4.74609, 0, 5.74609, 16], "texture": "#0"},
				"east": {"uv": [0, 0, 1, 16], "texture": "#0"},
				"south": {"uv": [0, 0, 1, 16], "texture": "#0"},
				"west": {"uv": [0, 0, 1, 16], "texture": "#0"},
				"up": {"uv": [0, 0, 1, 16], "texture": "#0"},
				"down": {"uv": [0, 0, 1, 16], "texture": "#0"}
			}
		},
		{
			"from": [17.8, 0, -2.475],
			"to": [18.8, 16, -1.475],
			"rotation": {"angle": -45, "axis": "y", "origin": [0, 0, 0]},
			"faces": {
				"north": {"uv": [5.74609, 16, 4.74609, 0], "texture": "#0"},
				"east": {"uv": [0, 0, 1, 16], "texture": "#0"},
				"south": {"uv": [0, 0, 1, 16], "texture": "#0"},
				"west": {"uv": [0, 0, 1, 16], "texture": "#0"},
				"up": {"uv": [0, 0, 1, 16], "texture": "#0"},
				"down": {"uv": [0, 0, 1, 16], "texture": "#0"}
			}
		},
		{
			"from": [18.8, 0, -1.475],
			"to": [19.8, 16, -0.475],
			"rotation": {"angle": -45, "axis": "y", "origin": [0, 0, 0]},
			"faces": {
				"north": {"uv": [5.98438, 0, 6.98438, 16], "texture": "#0"},
				"east": {"uv": [1, 16, 0, 0], "texture": "#0"},
				"south": {"uv": [0, 0, 1, 16], "texture": "#0"},
				"west": {"uv": [0, 0, 1, 16], "texture": "#0"},
				"up": {"uv": [0, 0, 1, 16], "texture": "#0"},
				"down": {"uv": [0, 0, 1, 16], "texture": "#0"}
			}
		},
		{
			"from": [8.8, 0, -7.475],
			"to": [9.8, 16, -6.475],
			"rotation": {"angle": -45, "axis": "y", "origin": [0, 0, 0]},
			"faces": {
				"north": {"uv": [0.14453, 0, 1.14453, 16], "texture": "#0"},
				"east": {"uv": [2.22656, 0, 3.22656, 16], "texture": "#0"},
				"south": {"uv": [2.22656, 0, 3.22656, 16], "texture": "#0"},
				"west": {"uv": [4.86328, 0, 5.86328, 16], "texture": "#0"},
				"up": {"uv": [2.22656, 0, 3.22656, 16], "texture": "#0"},
				"down": {"uv": [2.22656, 0, 3.22656, 16], "texture": "#0"}
			}
		},
		{
			"from": [7.8, 0, -6.475],
			"to": [8.8, 16, -5.475],
			"rotation": {"angle": -45, "axis": "y", "origin": [0, 0, 0]},
			"faces": {
				"north": {"uv": [3.22656, 0, 2.22656, 16], "texture": "#0"},
				"east": {"uv": [2.22656, 0, 3.22656, 16], "texture": "#0"},
				"south": {"uv": [2.22656, 0, 3.22656, 16], "texture": "#0"},
				"west": {"uv": [0.96484, 0, 1.96484, 16], "texture": "#0"},
				"up": {"uv": [2.22656, 0, 3.22656, 16], "texture": "#0"},
				"down": {"uv": [2.22656, 0, 3.22656, 16], "texture": "#0"}
			}
		},
		{
			"from": [2.8, 0, -1.475],
			"to": [3.8, 16, -0.475],
			"rotation": {"angle": -45, "axis": "y", "origin": [0, 0, 0]},
			"faces": {
				"north": {"uv": [1.55469, 0, 0.55469, 16], "texture": "#0"},
				"east": {"uv": [2.22656, 0, 3.22656, 16], "texture": "#0"},
				"south": {"uv": [2.22656, 0, 3.22656, 16], "texture": "#0"},
				"west": {"uv": [2.22656, 0, 3.22656, 16], "texture": "#0"},
				"up": {"uv": [2.22656, 0, 3.22656, 16], "texture": "#0"},
				"down": {"uv": [2.22656, 0, 3.22656, 16], "texture": "#0"}
			}
		},
		{
			"from": [3.8, 0, -2.475],
			"to": [4.8, 16, -1.475],
			"rotation": {"angle": -45, "axis": "y", "origin": [0, 0, 0]},
			"faces": {
				"north": {"uv": [2.22656, 0, 3.22656, 16], "texture": "#0"},
				"east": {"uv": [2.22656, 0, 3.22656, 16], "texture": "#0"},
				"south": {"uv": [9.02344, 0, 10.02344, 16], "texture": "#0"},
				"west": {"uv": [13.53906, 0, 14.53906, 16], "texture": "#0"},
				"up": {"uv": [4.92188, 0, 5.92188, 16], "texture": "#0"},
				"down": {"uv": [0.58594, 0, 1.58594, 16], "texture": "#0"}
			}
		},
		{
			"from": [0.375, 16.025, 0.5],
			"to": [15.4, 16.025, 15.5],
			"faces": {
				"north": {"uv": [0, 0, 16, 16], "texture": "#1"},
				"east": {"uv": [0, 0, 16, 16], "texture": "#1"},
				"south": {"uv": [0, 0, 16, 16], "texture": "#1"},
				"west": {"uv": [0, 0, 16, 16], "texture": "#1"},
				"up": {"uv": [0, 0, 16, 16], "texture": "#1"},
				"down": {"uv": [0, 0, 16, 16], "texture": "#1"}
			}
		},
		{
			"from": [0.4, -0.025, 0.525],
			"to": [15.375, -0.025, 15.475],
			"faces": {
				"north": {"uv": [0, 0, 16, 16], "texture": "#1"},
				"east": {"uv": [0, 0, 16, 16], "texture": "#1"},
				"south": {"uv": [0, 0, 16, 16], "texture": "#1"},
				"west": {"uv": [0, 0, 16, 16], "texture": "#1"},
				"up": {"uv": [0, 0, 16, 16], "texture": "#1"},
				"down": {"uv": [0, 0, 16, 16], "texture": "#1"}
			}
		},
		{
			"from": [3.025, 0, 0.15],
			"to": [3.025, 16, 16.1],
			"faces": {
				"north": {"uv": [0, 0, 16, 16], "texture": "#2"},
				"east": {"uv": [0, 0, 16, 16], "texture": "#2"},
				"south": {"uv": [0, 0, 16, 16], "texture": "#2"},
				"west": {"uv": [16, 0, 0, 16], "texture": "#2"},
				"up": {"uv": [0, 0, 16, 16], "texture": "#2"},
				"down": {"uv": [0, 0, 16, 16], "texture": "#2"}
			}
		},
		{
			"from": [-0.1, 0, 1.075],
			"to": [-0.1, 16, 21.675],
			"rotation": {"angle": 45, "axis": "y", "origin": [0, 0, 0]},
			"faces": {
				"north": {"uv": [0, 0, 16, 16], "texture": "#2"},
				"east": {"uv": [0, 0, 16, 16], "texture": "#2"},
				"south": {"uv": [0, 0, 16, 16], "texture": "#2"},
				"west": {"uv": [16, 0, 0, 16], "texture": "#2"},
				"up": {"uv": [0, 0, 16, 16], "texture": "#2"},
				"down": {"uv": [0, 0, 16, 16], "texture": "#2"}
			}
		},
		{
			"from": [11.4, 0, -10.025],
			"to": [11.4, 16, 10.375],
			"rotation": {"angle": -45, "axis": "y", "origin": [0, 0, 0]},
			"faces": {
				"north": {"uv": [0, 0, 16, 16], "texture": "#2"},
				"east": {"uv": [0, 0, 16, 16], "texture": "#2"},
				"south": {"uv": [0, 0, 16, 16], "texture": "#2"},
				"west": {"uv": [16, 0, 0, 16], "texture": "#2"},
				"up": {"uv": [0, 0, 16, 16], "texture": "#2"},
				"down": {"uv": [0, 0, 16, 16], "texture": "#2"}
			}
		},
		{
			"from": [4.45, 1.675, 0.15],
			"to": [4.45, 16, 16.1],
			"faces": {
				"north": {"uv": [0, 0, 16, 16], "texture": "#2"},
				"east": {"uv": [0, 0, 16, 16], "texture": "#2"},
				"south": {"uv": [0, 0, 16, 16], "texture": "#2"},
				"west": {"uv": [16, 0, 0, 16], "texture": "#2"},
				"up": {"uv": [0, 0, 16, 16], "texture": "#2"},
				"down": {"uv": [0, 0, 16, 16], "texture": "#2"}
			}
		},
		{
			"from": [5.875, 0.275, 0.15],
			"to": [5.875, 14.55, 16.1],
			"faces": {
				"north": {"uv": [0, 0, 16, 16], "texture": "#2"},
				"east": {"uv": [0, 0, 16, 16], "texture": "#2"},
				"south": {"uv": [0, 0, 16, 16], "texture": "#2"},
				"west": {"uv": [16, 0, 0, 16], "texture": "#2"},
				"up": {"uv": [0, 0, 16, 16], "texture": "#2"},
				"down": {"uv": [0, 0, 16, 16], "texture": "#2"}
			}
		},
		{
			"from": [7.3, 4.35, 0.15],
			"to": [7.3, 13.525, 16.1],
			"faces": {
				"north": {"uv": [0, 0, 16, 16], "texture": "#2"},
				"east": {"uv": [0, 0, 16, 16], "texture": "#2"},
				"south": {"uv": [0, 0, 16, 16], "texture": "#2"},
				"west": {"uv": [16, 0, 0, 16], "texture": "#2"},
				"up": {"uv": [0, 0, 16, 16], "texture": "#2"},
				"down": {"uv": [0, 0, 16, 16], "texture": "#2"}
			}
		},
		{
			"from": [8.675, 0, 0.15],
			"to": [8.675, 16, 16.1],
			"faces": {
				"north": {"uv": [0, 0, 16, 16], "texture": "#2"},
				"east": {"uv": [0, 0, 16, 16], "texture": "#2"},
				"south": {"uv": [0, 0, 16, 16], "texture": "#2"},
				"west": {"uv": [16, 0, 0, 16], "texture": "#2"},
				"up": {"uv": [0, 0, 16, 16], "texture": "#2"},
				"down": {"uv": [0, 0, 16, 16], "texture": "#2"}
			}
		},
		{
			"from": [10.1, 1.675, 0.15],
			"to": [10.1, 16, 16.1],
			"faces": {
				"north": {"uv": [0, 0, 16, 16], "texture": "#2"},
				"east": {"uv": [0, 0, 16, 16], "texture": "#2"},
				"south": {"uv": [0, 0, 16, 16], "texture": "#2"},
				"west": {"uv": [16, 0, 0, 16], "texture": "#2"},
				"up": {"uv": [0, 0, 16, 16], "texture": "#2"},
				"down": {"uv": [0, 0, 16, 16], "texture": "#2"}
			}
		},
		{
			"from": [11.525, 0.275, 0.15],
			"to": [11.525, 14.55, 16.1],
			"faces": {
				"north": {"uv": [0, 0, 16, 16], "texture": "#2"},
				"east": {"uv": [0, 0, 16, 16], "texture": "#2"},
				"south": {"uv": [0, 0, 16, 16], "texture": "#2"},
				"west": {"uv": [16, 0, 0, 16], "texture": "#2"},
				"up": {"uv": [0, 0, 16, 16], "texture": "#2"},
				"down": {"uv": [0, 0, 16, 16], "texture": "#2"}
			}
		},
		{
			"from": [12.95, 0.775, 0.15],
			"to": [12.95, 13.525, 16.1],
			"faces": {
				"north": {"uv": [0, 0, 16, 16], "texture": "#2"},
				"east": {"uv": [0, 0, 16, 16], "texture": "#2"},
				"south": {"uv": [0, 0, 16, 16], "texture": "#2"},
				"west": {"uv": [16, 0, 0, 16], "texture": "#2"},
				"up": {"uv": [0, 0, 16, 16], "texture": "#2"},
				"down": {"uv": [0, 0, 16, 16], "texture": "#2"}
			}
		},
		{
			"from": [0.15, 0, 12.9],
			"to": [15.95, 16, 12.9],
			"faces": {
				"north": {"uv": [0, 0, 16, 16], "texture": "#2"},
				"east": {"uv": [0, 0, 16, 16], "texture": "#2"},
				"south": {"uv": [16, 0, 0, 16], "texture": "#2"},
				"west": {"uv": [0, 0, 16, 16], "texture": "#2"},
				"up": {"uv": [0, 0, 16, 16], "rotation": 270, "texture": "#2"},
				"down": {"uv": [0, 0, 16, 16], "rotation": 90, "texture": "#2"}
			}
		},
		{
			"from": [0.15, 1.675, 11.475],
			"to": [15.95, 16, 11.475],
			"faces": {
				"north": {"uv": [0, 0, 16, 16], "texture": "#2"},
				"east": {"uv": [0, 0, 16, 16], "texture": "#2"},
				"south": {"uv": [16, 0, 0, 16], "texture": "#2"},
				"west": {"uv": [0, 0, 16, 16], "texture": "#2"},
				"up": {"uv": [0, 0, 16, 16], "rotation": 270, "texture": "#2"},
				"down": {"uv": [0, 0, 16, 16], "rotation": 90, "texture": "#2"}
			}
		},
		{
			"from": [0.15, 0.275, 10.05],
			"to": [15.95, 14.55, 10.05],
			"faces": {
				"north": {"uv": [0, 0, 16, 16], "texture": "#2"},
				"east": {"uv": [0, 0, 16, 16], "texture": "#2"},
				"south": {"uv": [16, 0, 0, 16], "texture": "#2"},
				"west": {"uv": [0, 0, 16, 16], "texture": "#2"},
				"up": {"uv": [0, 0, 16, 16], "rotation": 270, "texture": "#2"},
				"down": {"uv": [0, 0, 16, 16], "rotation": 90, "texture": "#2"}
			}
		},
		{
			"from": [1.475, 1.025, 10.05],
			"to": [14.525, 16.975, 10.05],
			"rotation": {"angle": 0, "axis": "z", "origin": [4.75, 0, 0]},
			"faces": {
				"north": {"uv": [0, 0, 16, 16], "rotation": 90, "texture": "#2"},
				"east": {"uv": [0, 0, 16, 16], "texture": "#2"},
				"south": {"uv": [16, 16, 0, 0], "rotation": 270, "texture": "#2"},
				"west": {"uv": [0, 0, 16, 16], "rotation": 180, "texture": "#2"},
				"up": {"uv": [0, 0, 16, 16], "rotation": 270, "texture": "#2"},
				"down": {"uv": [0, 0, 16, 16], "rotation": 270, "texture": "#2"}
			}
		},
		{
			"from": [1.475, 1.025, 3.05],
			"to": [14.525, 16.975, 3.05],
			"rotation": {"angle": 0, "axis": "y", "origin": [4.75, 0, 0]},
			"faces": {
				"north": {"uv": [0, 16, 16, 0], "rotation": 90, "texture": "#2"},
				"east": {"uv": [0, 0, 16, 16], "texture": "#2"},
				"south": {"uv": [16, 0, 0, 16], "rotation": 270, "texture": "#2"},
				"west": {"uv": [0, 0, 16, 16], "rotation": 180, "texture": "#2"},
				"up": {"uv": [0, 0, 16, 16], "rotation": 270, "texture": "#2"},
				"down": {"uv": [0, 0, 16, 16], "rotation": 270, "texture": "#2"}
			}
		},
		{
			"from": [1.475, 1.025, 5.8],
			"to": [14.525, 16.975, 5.8],
			"rotation": {"angle": 0, "axis": "y", "origin": [4.75, 0, 0]},
			"faces": {
				"north": {"uv": [0, 0, 16, 16], "rotation": 90, "texture": "#2"},
				"east": {"uv": [0, 0, 16, 16], "texture": "#2"},
				"south": {"uv": [16, 16, 0, 0], "rotation": 270, "texture": "#2"},
				"west": {"uv": [0, 0, 16, 16], "rotation": 180, "texture": "#2"},
				"up": {"uv": [0, 0, 16, 16], "rotation": 270, "texture": "#2"},
				"down": {"uv": [0, 0, 16, 16], "rotation": 270, "texture": "#2"}
			}
		},
		{
			"from": [1.475, 1.025, 7.3],
			"to": [14.525, 16.975, 7.3],
			"rotation": {"angle": 0, "axis": "y", "origin": [4.75, 0, 0]},
			"faces": {
				"north": {"uv": [0, 16, 16, 0], "rotation": 90, "texture": "#2"},
				"east": {"uv": [0, 0, 16, 16], "texture": "#2"},
				"south": {"uv": [16, 0, 0, 16], "rotation": 270, "texture": "#2"},
				"west": {"uv": [0, 0, 16, 16], "rotation": 180, "texture": "#2"},
				"up": {"uv": [0, 0, 16, 16], "rotation": 270, "texture": "#2"},
				"down": {"uv": [0, 0, 16, 16], "rotation": 270, "texture": "#2"}
			}
		},
		{
			"from": [1.475, 1.025, 13.05],
			"to": [14.525, 16.975, 13.05],
			"rotation": {"angle": 0, "axis": "y", "origin": [4.75, 0, 0]},
			"faces": {
				"north": {"uv": [0, 16, 16, 0], "rotation": 90, "texture": "#2"},
				"east": {"uv": [0, 0, 16, 16], "texture": "#2"},
				"south": {"uv": [16, 0, 0, 16], "rotation": 270, "texture": "#2"},
				"west": {"uv": [0, 0, 16, 16], "rotation": 180, "texture": "#2"},
				"up": {"uv": [0, 0, 16, 16], "rotation": 270, "texture": "#2"},
				"down": {"uv": [0, 0, 16, 16], "rotation": 270, "texture": "#2"}
			}
		},
		{
			"from": [12.95, 1.025, 1.225],
			"to": [12.95, 16.975, 14.275],
			"rotation": {"angle": 0, "axis": "y", "origin": [4.75, 0, 6]},
			"faces": {
				"north": {"uv": [0, 0, 16, 16], "rotation": 180, "texture": "#2"},
				"east": {"uv": [0, 16, 16, 0], "rotation": 90, "texture": "#2"},
				"south": {"uv": [0, 0, 16, 16], "texture": "#2"},
				"west": {"uv": [16, 0, 0, 16], "rotation": 270, "texture": "#2"},
				"up": {"uv": [0, 0, 16, 16], "texture": "#2"},
				"down": {"uv": [0, 0, 16, 16], "rotation": 180, "texture": "#2"}
			}
		},
		{
			"from": [10.45, 1.025, -1.275],
			"to": [10.45, 16.975, 11.775],
			"rotation": {"angle": -45, "axis": "y", "origin": [4.75, 0, 6]},
			"faces": {
				"north": {"uv": [0, 0, 16, 16], "rotation": 180, "texture": "#2"},
				"east": {"uv": [0, 16, 16, 0], "rotation": 90, "texture": "#2"},
				"south": {"uv": [0, 0, 16, 16], "texture": "#2"},
				"west": {"uv": [16, 0, 0, 16], "rotation": 270, "texture": "#2"},
				"up": {"uv": [0, 0, 16, 16], "texture": "#2"},
				"down": {"uv": [0, 0, 16, 16], "rotation": 180, "texture": "#2"}
			}
		},
		{
			"from": [7.45, 1.025, -1.275],
			"to": [7.45, 16.975, 11.775],
			"rotation": {"angle": -45, "axis": "y", "origin": [4.75, 0, 6]},
			"faces": {
				"north": {"uv": [0, 0, 16, 16], "rotation": 180, "texture": "#2"},
				"east": {"uv": [0, 16, 16, 0], "rotation": 90, "texture": "#2"},
				"south": {"uv": [0, 0, 16, 16], "texture": "#2"},
				"west": {"uv": [16, 0, 0, 16], "rotation": 270, "texture": "#2"},
				"up": {"uv": [0, 0, 16, 16], "texture": "#2"},
				"down": {"uv": [0, 0, 16, 16], "rotation": 180, "texture": "#2"}
			}
		},
		{
			"from": [7.45, 1.025, 3.975],
			"to": [7.45, 16.975, 17.025],
			"rotation": {"angle": 45, "axis": "y", "origin": [4.75, 0, 6]},
			"faces": {
				"north": {"uv": [0, 0, 16, 16], "rotation": 180, "texture": "#2"},
				"east": {"uv": [0, 16, 16, 0], "rotation": 90, "texture": "#2"},
				"south": {"uv": [0, 0, 16, 16], "texture": "#2"},
				"west": {"uv": [16, 0, 0, 16], "rotation": 270, "texture": "#2"},
				"up": {"uv": [0, 0, 16, 16], "texture": "#2"},
				"down": {"uv": [0, 0, 16, 16], "rotation": 180, "texture": "#2"}
			}
		},
		{
			"from": [4.45, 1.025, 1.975],
			"to": [4.45, 16.975, 15.025],
			"rotation": {"angle": 45, "axis": "y", "origin": [4.75, 0, 6]},
			"faces": {
				"north": {"uv": [0, 0, 16, 16], "rotation": 180, "texture": "#2"},
				"east": {"uv": [0, 16, 16, 0], "rotation": 90, "texture": "#2"},
				"south": {"uv": [0, 0, 16, 16], "texture": "#2"},
				"west": {"uv": [16, 0, 0, 16], "rotation": 270, "texture": "#2"},
				"up": {"uv": [0, 0, 16, 16], "texture": "#2"},
				"down": {"uv": [0, 0, 16, 16], "rotation": 180, "texture": "#2"}
			}
		},
		{
			"from": [8.7, 1.025, 1.225],
			"to": [8.7, 16.975, 14.275],
			"rotation": {"angle": 0, "axis": "y", "origin": [4.75, 0, 6]},
			"faces": {
				"north": {"uv": [0, 0, 16, 16], "rotation": 180, "texture": "#2"},
				"east": {"uv": [0, 16, 16, 0], "rotation": 90, "texture": "#2"},
				"south": {"uv": [0, 0, 16, 16], "texture": "#2"},
				"west": {"uv": [16, 0, 0, 16], "rotation": 270, "texture": "#2"},
				"up": {"uv": [0, 0, 16, 16], "texture": "#2"},
				"down": {"uv": [0, 0, 16, 16], "rotation": 180, "texture": "#2"}
			}
		},
		{
			"from": [5.95, 1.025, 1.225],
			"to": [5.95, 16.975, 14.275],
			"rotation": {"angle": 0, "axis": "y", "origin": [4.75, 0, 6]},
			"faces": {
				"north": {"uv": [0, 0, 16, 16], "rotation": 180, "texture": "#2"},
				"east": {"uv": [0, 0, 16, 16], "rotation": 90, "texture": "#2"},
				"south": {"uv": [0, 0, 16, 16], "texture": "#2"},
				"west": {"uv": [16, 16, 0, 0], "rotation": 270, "texture": "#2"},
				"up": {"uv": [0, 0, 16, 16], "texture": "#2"},
				"down": {"uv": [0, 0, 16, 16], "rotation": 180, "texture": "#2"}
			}
		},
		{
			"from": [2.95, 1.025, 1.225],
			"to": [2.95, 16.975, 14.275],
			"rotation": {"angle": 0, "axis": "y", "origin": [4.75, 0, 6]},
			"faces": {
				"north": {"uv": [0, 0, 16, 16], "rotation": 180, "texture": "#2"},
				"east": {"uv": [0, 16, 16, 0], "rotation": 90, "texture": "#2"},
				"south": {"uv": [0, 0, 16, 16], "texture": "#2"},
				"west": {"uv": [16, 0, 0, 16], "rotation": 270, "texture": "#2"},
				"up": {"uv": [0, 0, 16, 16], "texture": "#2"},
				"down": {"uv": [0, 0, 16, 16], "rotation": 180, "texture": "#2"}
			}
		},
		{
			"from": [0.15, 4.35, 8.625],
			"to": [15.95, 13.525, 8.625],
			"faces": {
				"north": {"uv": [0, 0, 16, 16], "texture": "#2"},
				"east": {"uv": [0, 0, 16, 16], "texture": "#2"},
				"south": {"uv": [16, 0, 0, 16], "texture": "#2"},
				"west": {"uv": [0, 0, 16, 16], "texture": "#2"},
				"up": {"uv": [0, 0, 16, 16], "rotation": 270, "texture": "#2"},
				"down": {"uv": [0, 0, 16, 16], "rotation": 90, "texture": "#2"}
			}
		},
		{
			"from": [0.15, 0, 7.25],
			"to": [15.95, 16, 7.25],
			"faces": {
				"north": {"uv": [0, 0, 16, 16], "texture": "#2"},
				"east": {"uv": [0, 0, 16, 16], "texture": "#2"},
				"south": {"uv": [16, 0, 0, 16], "texture": "#2"},
				"west": {"uv": [0, 0, 16, 16], "texture": "#2"},
				"up": {"uv": [0, 0, 16, 16], "rotation": 270, "texture": "#2"},
				"down": {"uv": [0, 0, 16, 16], "rotation": 90, "texture": "#2"}
			}
		},
		{
			"from": [0.15, 1.675, 5.825],
			"to": [15.95, 16, 5.825],
			"faces": {
				"north": {"uv": [0, 0, 16, 16], "texture": "#2"},
				"east": {"uv": [0, 0, 16, 16], "texture": "#2"},
				"south": {"uv": [16, 0, 0, 16], "texture": "#2"},
				"west": {"uv": [0, 0, 16, 16], "texture": "#2"},
				"up": {"uv": [0, 0, 16, 16], "rotation": 270, "texture": "#2"},
				"down": {"uv": [0, 0, 16, 16], "rotation": 90, "texture": "#2"}
			}
		},
		{
			"from": [0.15, 0.275, 4.4],
			"to": [15.95, 14.55, 4.4],
			"faces": {
				"north": {"uv": [0, 0, 16, 16], "texture": "#2"},
				"east": {"uv": [0, 0, 16, 16], "texture": "#2"},
				"south": {"uv": [16, 0, 0, 16], "texture": "#2"},
				"west": {"uv": [0, 0, 16, 16], "texture": "#2"},
				"up": {"uv": [0, 0, 16, 16], "rotation": 270, "texture": "#2"},
				"down": {"uv": [0, 0, 16, 16], "rotation": 90, "texture": "#2"}
			}
		},
		{
			"from": [0.15, 0.775, 2.975],
			"to": [15.95, 13.525, 2.975],
			"faces": {
				"north": {"uv": [0, 0, 16, 16], "texture": "#2"},
				"east": {"uv": [0, 0, 16, 16], "texture": "#2"},
				"south": {"uv": [16, 0, 0, 16], "texture": "#2"},
				"west": {"uv": [0, 0, 16, 16], "texture": "#2"},
				"up": {"uv": [0, 0, 16, 16], "rotation": 270, "texture": "#2"},
				"down": {"uv": [0, 0, 16, 16], "rotation": 90, "texture": "#2"}
			}
		},
		{
			"from": [1.425, 0, 1.55],
			"to": [2.425, 16, 2.55],
			"faces": {
				"north": {"uv": [0.46094, 0, 1.46094, 16], "texture": "#0"},
				"east": {"uv": [0.46094, 0, 1.46094, 16], "texture": "#0"},
				"south": {"uv": [0.46094, 0, 1.46094, 16], "texture": "#0"},
				"west": {"uv": [0.46094, 0, 1.46094, 16], "texture": "#0"},
				"up": {"uv": [0.46094, 0, 1.46094, 16], "rotation": 90, "texture": "#0"},
				"down": {"uv": [0.46094, 0, 1.46094, 16], "rotation": 270, "texture": "#0"}
			}
		},
		{
			"from": [13.475, 0, 13.525],
			"to": [14.475, 16, 14.525],
			"faces": {
				"north": {"uv": [0.46094, 0, 1.46094, 16], "texture": "#0"},
				"east": {"uv": [0.46094, 0, 1.46094, 16], "texture": "#0"},
				"south": {"uv": [0.46094, 0, 1.46094, 16], "texture": "#0"},
				"west": {"uv": [0.46094, 0, 1.46094, 16], "texture": "#0"},
				"up": {"uv": [0.46094, 0, 1.46094, 16], "rotation": 90, "texture": "#0"},
				"down": {"uv": [0.46094, 0, 1.46094, 16], "rotation": 270, "texture": "#0"}
			}
		},
		{
			"from": [13.425, 0, 1.55],
			"to": [14.425, 16, 2.55],
			"faces": {
				"north": {"uv": [0.46094, 0, 1.46094, 16], "texture": "#0"},
				"east": {"uv": [0.46094, 0, 1.46094, 16], "texture": "#0"},
				"south": {"uv": [0.46094, 0, 1.46094, 16], "texture": "#0"},
				"west": {"uv": [0.46094, 0, 1.46094, 16], "texture": "#0"},
				"up": {"uv": [0.46094, 0, 1.46094, 16], "rotation": 90, "texture": "#0"},
				"down": {"uv": [0.46094, 0, 1.46094, 16], "rotation": 270, "texture": "#0"}
			}
		},
		{
			"from": [1.475, 0, 13.525],
			"to": [2.475, 16, 14.525],
			"faces": {
				"north": {"uv": [0.46094, 0, 1.46094, 16], "texture": "#0"},
				"east": {"uv": [0.46094, 0, 1.46094, 16], "texture": "#0"},
				"south": {"uv": [0.46094, 0, 1.46094, 16], "texture": "#0"},
				"west": {"uv": [0.46094, 0, 1.46094, 16], "texture": "#0"},
				"up": {"uv": [0.46094, 0, 1.46094, 16], "rotation": 90, "texture": "#0"},
				"down": {"uv": [0.46094, 0, 1.46094, 16], "rotation": 270, "texture": "#0"}
			}
		}
	]
}