{
	"credit": "Made with Blockbench",
	"parent": "minecraft:block/cube",
	"textures": {
		"3": "block/crafting_table/top2",
		"4": "block/crafting_table/side",
		"5": "block/crafting_table/dark_wood",
		"6": "block/crafting_table/side2",
		"7": "block/anvil",
		"8": "block/crafting_table/tool",
		"down": "block/oak_planks",
		"particle": "block/crafting_table/top"
	},
	"elements": [
		{
			"from": [0.25, 0.25, 0.25],
			"to": [15.75, 15.75, 15.75],
			"faces": {
				"north": {"uv": [0, 0, 16, 16], "texture": "#4"},
				"east": {"uv": [0, 0, 16, 16], "texture": "#4"},
				"south": {"uv": [0, 0, 16, 16], "texture": "#4"},
				"west": {"uv": [0, 0, 16, 16], "texture": "#4"},
				"up": {"uv": [0, 0, 16, 16], "texture": "#down"},
				"down": {"uv": [0, 0, 16, 16], "texture": "#down"}
			}
		},
		{
			"from": [16.25, 4.5, 0.75],
			"to": [16.25, 16.25, 15.25],
			"faces": {
				"north": {"uv": [0, 0, 16, 16], "texture": "#6"},
				"east": {"uv": [15.82813, 0, 0, 16], "texture": "#6"},
				"south": {"uv": [0, 0, 16, 16], "texture": "#6"},
				"west": {"uv": [0, 0, 16, 16], "texture": "#6"},
				"up": {"uv": [0, 0, 16, 16], "texture": "#6"},
				"down": {"uv": [0, 0, 16, 16], "texture": "#6"}
			}
		},
		{
			"from": [1.5, 2, -0.25],
			"to": [14.75, 16.25, -0.25],
			"rotation": {"angle": 0, "axis": "y", "origin": [3.25, 0, 0]},
			"faces": {
				"north": {"uv": [0, 0, 16, 16], "texture": "#6"},
				"east": {"uv": [0, 0, 16, 16], "texture": "#6"},
				"south": {"uv": [16, 0, 0, 16], "texture": "#6"},
				"west": {"uv": [0, 0, 16, 16], "texture": "#6"},
				"up": {"uv": [0, 0, 16, 16], "rotation": 90, "texture": "#6"},
				"down": {"uv": [0, 0, 16, 16], "rotation": 270, "texture": "#6"}
			}
		},
		{
			"from": [0.5, 0.25, 16.25],
			"to": [15.25, 16.25, 16.25],
			"rotation": {"angle": 0, "axis": "y", "origin": [3.25, 0, 0]},
			"faces": {
				"north": {"uv": [0, 0, 16, 16], "texture": "#6"},
				"east": {"uv": [0, 0, 16, 16], "texture": "#6"},
				"south": {"uv": [0, 0, 16, 16], "texture": "#6"},
				"west": {"uv": [0, 0, 16, 16], "texture": "#6"},
				"up": {"uv": [0, 0, 16, 16], "rotation": 90, "texture": "#6"},
				"down": {"uv": [0, 0, 16, 16], "rotation": 270, "texture": "#6"}
			}
		},
		{
			"from": [-0.25, 6.25, 0.75],
			"to": [-0.25, 16.25, 15.25],
			"faces": {
				"north": {"uv": [0, 0, 16, 16], "texture": "#6"},
				"east": {"uv": [16, 0, 0, 16], "texture": "#6"},
				"south": {"uv": [0, 0, 16, 16], "texture": "#6"},
				"west": {"uv": [0, 0, 16, 16], "texture": "#6"},
				"up": {"uv": [0, 0, 16, 16], "texture": "#6"},
				"down": {"uv": [0, 0, 16, 16], "texture": "#6"}
			}
		},
		{
			"from": [-0.25, 16.25, -0.25],
			"to": [16.25, 16.25, 16.25],
			"faces": {
				"north": {"uv": [0, 0, 16, 16], "texture": "#3"},
				"east": {"uv": [0, 0, 16, 16], "texture": "#3"},
				"south": {"uv": [0, 0, 16, 16], "texture": "#3"},
				"west": {"uv": [0, 0, 16, 16], "texture": "#3"},
				"up": {"uv": [0, 0, 16, 16], "texture": "#3"},
				"down": {"uv": [0, 0, 16, 16], "texture": "#3"}
			}
		},
		{
			"from": [0, 0, 0],
			"to": [16, 1, 1],
			"faces": {
				"north": {"uv": [0, 0, 16, 1], "texture": "#5"},
				"east": {"uv": [0, 0, 16, 1], "texture": "#5"},
				"south": {"uv": [0, 0, 16, 1], "texture": "#5"},
				"west": {"uv": [0, 0, 16, 1], "texture": "#5"},
				"up": {"uv": [0, 0, 16, 1], "texture": "#5"},
				"down": {"uv": [0, 0, 16, 1], "texture": "#5"}
			}
		},
		{
			"from": [0, 15, 0],
			"to": [16, 16, 1],
			"faces": {
				"north": {"uv": [0, 0, 16, 1], "texture": "#5"},
				"east": {"uv": [0, 0, 16, 1], "texture": "#5"},
				"south": {"uv": [0, 0, 16, 1], "texture": "#5"},
				"west": {"uv": [0, 0, 16, 1], "texture": "#5"},
				"up": {"uv": [0, 0, 16, 1], "texture": "#5"},
				"down": {"uv": [0, 0, 16, 1], "texture": "#5"}
			}
		},
		{
			"from": [15, 1, 0],
			"to": [16, 15, 1],
			"faces": {
				"north": {"uv": [0, 0, 16, 1], "texture": "#5"},
				"east": {"uv": [0, 0, 16, 1], "texture": "#5"},
				"south": {"uv": [0, 0, 16, 1], "texture": "#5"},
				"west": {"uv": [0, 0, 16, 1], "texture": "#5"},
				"up": {"uv": [0, 0, 16, 1], "texture": "#5"},
				"down": {"uv": [0, 0, 16, 1], "texture": "#5"}
			}
		},
		{
			"from": [0, 1, 0],
			"to": [1, 15, 1],
			"faces": {
				"north": {"uv": [0, 0, 16, 1], "texture": "#5"},
				"east": {"uv": [0, 0, 16, 1], "texture": "#5"},
				"south": {"uv": [0, 0, 16, 1], "texture": "#5"},
				"west": {"uv": [0, 0, 16, 1], "texture": "#5"},
				"up": {"uv": [0, 0, 16, 1], "texture": "#5"},
				"down": {"uv": [0, 0, 16, 1], "texture": "#5"}
			}
		},
		{
			"from": [7.5, 1, 0],
			"to": [8.5, 15, 1],
			"faces": {
				"north": {"uv": [0, 0, 16, 1], "texture": "#5"},
				"east": {"uv": [0, 0, 16, 1], "texture": "#5"},
				"south": {"uv": [0, 0, 16, 1], "texture": "#5"},
				"west": {"uv": [0, 0, 16, 1], "texture": "#5"},
				"up": {"uv": [0, 0, 16, 1], "texture": "#5"},
				"down": {"uv": [0, 0, 16, 1], "texture": "#5"}
			}
		},
		{
			"from": [0, 1, 15],
			"to": [1, 15, 16],
			"faces": {
				"north": {"uv": [0, 0, 16, 1], "texture": "#5"},
				"east": {"uv": [0, 0, 16, 1], "texture": "#5"},
				"south": {"uv": [0, 0, 16, 1], "texture": "#5"},
				"west": {"uv": [0, 0, 16, 1], "texture": "#5"},
				"up": {"uv": [0, 0, 16, 1], "texture": "#5"},
				"down": {"uv": [0, 0, 16, 1], "texture": "#5"}
			}
		},
		{
			"from": [0, 1, 7.5],
			"to": [1, 15, 8.5],
			"faces": {
				"north": {"uv": [0, 0, 16, 1], "texture": "#5"},
				"east": {"uv": [0, 0, 16, 1], "texture": "#5"},
				"south": {"uv": [0, 0, 16, 1], "texture": "#5"},
				"west": {"uv": [0, 0, 16, 1], "texture": "#5"},
				"up": {"uv": [0, 0, 16, 1], "texture": "#5"},
				"down": {"uv": [0, 0, 16, 1], "texture": "#5"}
			}
		},
		{
			"from": [15, 1, 7.5],
			"to": [16, 15, 8.5],
			"faces": {
				"north": {"uv": [0, 0, 16, 1], "texture": "#5"},
				"east": {"uv": [0, 0, 16, 1], "texture": "#5"},
				"south": {"uv": [0, 0, 16, 1], "texture": "#5"},
				"west": {"uv": [0, 0, 16, 1], "texture": "#5"},
				"up": {"uv": [0, 0, 16, 1], "texture": "#5"},
				"down": {"uv": [0, 0, 16, 1], "texture": "#5"}
			}
		},
		{
			"from": [15, 1, 15],
			"to": [16, 15, 16],
			"faces": {
				"north": {"uv": [0, 0, 16, 1], "texture": "#5"},
				"east": {"uv": [0, 0, 16, 1], "texture": "#5"},
				"south": {"uv": [0, 0, 16, 1], "texture": "#5"},
				"west": {"uv": [0, 0, 16, 1], "texture": "#5"},
				"up": {"uv": [0, 0, 16, 1], "texture": "#5"},
				"down": {"uv": [0, 0, 16, 1], "texture": "#5"}
			}
		},
		{
			"from": [7.5, 1, 15],
			"to": [8.5, 15, 16],
			"faces": {
				"north": {"uv": [0, 0, 16, 1], "texture": "#5"},
				"east": {"uv": [0, 0, 16, 1], "texture": "#5"},
				"south": {"uv": [0, 0, 16, 1], "texture": "#5"},
				"west": {"uv": [0, 0, 16, 1], "texture": "#5"},
				"up": {"uv": [0, 0, 16, 1], "texture": "#5"},
				"down": {"uv": [0, 0, 16, 1], "texture": "#5"}
			}
		},
		{
			"from": [0, 0, 15],
			"to": [16, 1, 16],
			"faces": {
				"north": {"uv": [0, 0, 16, 1], "texture": "#5"},
				"east": {"uv": [0, 0, 16, 1], "texture": "#5"},
				"south": {"uv": [0, 0, 16, 1], "texture": "#5"},
				"west": {"uv": [0, 0, 16, 1], "texture": "#5"},
				"up": {"uv": [0, 0, 16, 1], "texture": "#5"},
				"down": {"uv": [0, 0, 16, 1], "texture": "#5"}
			}
		},
		{
			"from": [0, 15, 15],
			"to": [16, 16, 16],
			"faces": {
				"north": {"uv": [0, 0, 16, 1], "texture": "#5"},
				"east": {"uv": [0, 0, 16, 1], "texture": "#5"},
				"south": {"uv": [0, 0, 16, 1], "texture": "#5"},
				"west": {"uv": [0, 0, 16, 1], "texture": "#5"},
				"up": {"uv": [0, 0, 16, 1], "texture": "#5"},
				"down": {"uv": [0, 0, 16, 1], "texture": "#5"}
			}
		},
		{
			"from": [0, 0, 1],
			"to": [1, 1, 15],
			"faces": {
				"north": {"uv": [0, 0, 16, 1], "texture": "#5"},
				"east": {"uv": [0, 0, 16, 1], "texture": "#5"},
				"south": {"uv": [0, 0, 16, 1], "texture": "#5"},
				"west": {"uv": [0, 0, 16, 1], "texture": "#5"},
				"up": {"uv": [0, 0, 16, 1], "rotation": 90, "texture": "#5"},
				"down": {"uv": [0, 0, 16, 1], "rotation": 270, "texture": "#5"}
			}
		},
		{
			"from": [0, 15, 1],
			"to": [1, 16, 15],
			"faces": {
				"north": {"uv": [0, 0, 16, 1], "texture": "#5"},
				"east": {"uv": [0, 0, 16, 1], "texture": "#5"},
				"south": {"uv": [0, 0, 16, 1], "texture": "#5"},
				"west": {"uv": [0, 0, 16, 1], "texture": "#5"},
				"up": {"uv": [0, 0, 16, 1], "rotation": 90, "texture": "#5"},
				"down": {"uv": [0, 0, 16, 1], "rotation": 270, "texture": "#5"}
			}
		},
		{
			"from": [15, 0, 1],
			"to": [16, 1, 15],
			"faces": {
				"north": {"uv": [0, 0, 16, 1], "texture": "#5"},
				"east": {"uv": [0, 0, 16, 1], "texture": "#5"},
				"south": {"uv": [0, 0, 16, 1], "texture": "#5"},
				"west": {"uv": [0, 0, 16, 1], "texture": "#5"},
				"up": {"uv": [0, 0, 16, 1], "rotation": 90, "texture": "#5"},
				"down": {"uv": [0, 0, 16, 1], "rotation": 270, "texture": "#5"}
			}
		},
		{
			"from": [15, 15, 1],
			"to": [16, 16, 15],
			"faces": {
				"north": {"uv": [0, 0, 16, 1], "texture": "#5"},
				"east": {"uv": [0, 0, 16, 1], "texture": "#5"},
				"south": {"uv": [0, 0, 16, 1], "texture": "#5"},
				"west": {"uv": [0, 0, 16, 1], "texture": "#5"},
				"up": {"uv": [0, 0, 16, 1], "rotation": 90, "texture": "#5"},
				"down": {"uv": [0, 0, 16, 1], "rotation": 270, "texture": "#5"}
			}
		},
		{
			"from": [16.25, 6, 2.5],
			"to": [16.5, 11, 3],
			"faces": {
				"north": {"uv": [0.29688, 2.57813, 14.625, 3.9375], "texture": "#down"},
				"east": {"uv": [0.29688, 2.57813, 14.625, 3.9375], "texture": "#down"},
				"south": {"uv": [0.29688, 2.57813, 14.625, 3.9375], "texture": "#down"},
				"west": {"uv": [0.29688, 2.57813, 14.625, 3.9375], "texture": "#down"},
				"up": {"uv": [0.29688, 2.57813, 14.625, 3.9375], "texture": "#down"},
				"down": {"uv": [0.29688, 2.57813, 14.625, 3.9375], "texture": "#down"}
			}
		},
		{
			"from": [16, 9.5, 6],
			"to": [16.5, 11, 6.25],
			"faces": {
				"north": {"uv": [0.29688, 2.57813, 14.625, 3.9375], "texture": "#down"},
				"east": {"uv": [0.29688, 2.57813, 14.625, 3.9375], "texture": "#down"},
				"south": {"uv": [0.29688, 2.57813, 14.625, 3.9375], "texture": "#down"},
				"west": {"uv": [0.29688, 2.57813, 14.625, 3.9375], "texture": "#down"},
				"up": {"uv": [0.29688, 2.57813, 14.625, 3.9375], "texture": "#down"},
				"down": {"uv": [0.29688, 2.57813, 14.625, 3.9375], "texture": "#down"}
			}
		},
		{
			"from": [16, 9.5, 4.25],
			"to": [16.5, 11, 4.5],
			"faces": {
				"north": {"uv": [0.29688, 2.57813, 14.625, 3.9375], "texture": "#down"},
				"east": {"uv": [0.29688, 2.57813, 14.625, 3.9375], "texture": "#down"},
				"south": {"uv": [0.29688, 2.57813, 14.625, 3.9375], "texture": "#down"},
				"west": {"uv": [0.29688, 2.57813, 14.625, 3.9375], "texture": "#down"},
				"up": {"uv": [0.29688, 2.57813, 14.625, 3.9375], "texture": "#down"},
				"down": {"uv": [0.29688, 2.57813, 14.625, 3.9375], "texture": "#down"}
			}
		},
		{
			"from": [16, 10.5, 4.5],
			"to": [16.5, 11, 6],
			"faces": {
				"north": {"uv": [0.29688, 2.57813, 4.04688, 3.84375], "texture": "#down"},
				"east": {"uv": [0.29688, 2.57813, 3.875, 3.79688], "texture": "#down"},
				"south": {"uv": [0.29688, 2.57813, 4.01563, 3.84375], "texture": "#down"},
				"west": {"uv": [0.29688, 2.57813, 3.48438, 3.90625], "texture": "#down"},
				"up": {"uv": [0.29688, 2.57813, 4.01563, 3.79688], "texture": "#down"},
				"down": {"uv": [0.29688, 2.57813, 3.78125, 3.79688], "texture": "#down"}
			}
		},
		{
			"from": [16, 9.5, 4.5],
			"to": [16.5, 10, 6],
			"faces": {
				"north": {"uv": [0.29688, 2.57813, 4.04688, 3.84375], "texture": "#down"},
				"east": {"uv": [0.29688, 2.57813, 3.875, 3.79688], "texture": "#down"},
				"south": {"uv": [0.29688, 2.57813, 4.01563, 3.84375], "texture": "#down"},
				"west": {"uv": [0.29688, 2.57813, 3.48438, 3.90625], "texture": "#down"},
				"up": {"uv": [0.29688, 2.57813, 4.01563, 3.79688], "texture": "#down"},
				"down": {"uv": [0.29688, 2.57813, 3.78125, 3.79688], "texture": "#down"}
			}
		},
		{
			"from": [16.25, 4.5, 4.5],
			"to": [16.25, 9.5, 6],
			"faces": {
				"north": {"uv": [0.89063, 1.07813, 2.75, 6.54688], "texture": "#8"},
				"east": {"uv": [0.89063, 1.07813, 2.75, 6.54688], "texture": "#8"},
				"south": {"uv": [0.89063, 1.07813, 2.75, 6.54688], "texture": "#8"},
				"west": {"uv": [0.89063, 1.07813, 2.75, 6.54688], "texture": "#8"},
				"up": {"uv": [0.89063, 1.07813, 2.75, 6.54688], "texture": "#8"},
				"down": {"uv": [0.89063, 1.07813, 2.75, 6.54688], "texture": "#8"}
			}
		},
		{
			"from": [15.75, 9.5, 2.25],
			"to": [17, 9.75, 2.5],
			"faces": {
				"north": {"uv": [0.29688, 2.57813, 14.625, 3.9375], "texture": "#down"},
				"east": {"uv": [0.29688, 2.57813, 14.625, 3.9375], "texture": "#down"},
				"south": {"uv": [0.29688, 2.57813, 14.625, 3.9375], "texture": "#down"},
				"west": {"uv": [0.29688, 2.57813, 14.625, 3.9375], "texture": "#down"},
				"up": {"uv": [0.29688, 2.57813, 14.625, 3.9375], "texture": "#down"},
				"down": {"uv": [0.29688, 2.57813, 14.625, 3.9375], "texture": "#down"}
			}
		},
		{
			"from": [15.75, 9.5, 3],
			"to": [17, 9.75, 3.25],
			"faces": {
				"north": {"uv": [0.29688, 2.57813, 14.625, 3.9375], "texture": "#down"},
				"east": {"uv": [0.29688, 2.57813, 14.625, 3.9375], "texture": "#down"},
				"south": {"uv": [0.29688, 2.57813, 14.625, 3.9375], "texture": "#down"},
				"west": {"uv": [0.29688, 2.57813, 14.625, 3.9375], "texture": "#down"},
				"up": {"uv": [0.29688, 2.57813, 14.625, 3.9375], "texture": "#down"},
				"down": {"uv": [0.29688, 2.57813, 14.625, 3.9375], "texture": "#down"}
			}
		},
		{
			"from": [2.75, 10.25, -0.75],
			"to": [3, 10.5, 0.5],
			"faces": {
				"north": {"uv": [0.29688, 2.57813, 14.625, 3.9375], "texture": "#down"},
				"east": {"uv": [0.29688, 2.57813, 14.625, 3.9375], "texture": "#down"},
				"south": {"uv": [0.29688, 2.57813, 14.625, 3.9375], "texture": "#down"},
				"west": {"uv": [0.29688, 2.57813, 14.625, 3.9375], "texture": "#down"},
				"up": {"uv": [0.29688, 2.57813, 14.625, 3.9375], "rotation": 90, "texture": "#down"},
				"down": {"uv": [0.29688, 2.57813, 14.625, 3.9375], "rotation": 270, "texture": "#down"}
			}
		},
		{
			"from": [2, 10.25, -0.75],
			"to": [2.25, 10.5, 0.5],
			"faces": {
				"north": {"uv": [0.29688, 2.57813, 14.625, 3.9375], "texture": "#down"},
				"east": {"uv": [0.29688, 2.57813, 14.625, 3.9375], "texture": "#down"},
				"south": {"uv": [0.29688, 2.57813, 14.625, 3.9375], "texture": "#down"},
				"west": {"uv": [0.29688, 2.57813, 14.625, 3.9375], "texture": "#down"},
				"up": {"uv": [0.29688, 2.57813, 14.625, 3.9375], "rotation": 90, "texture": "#down"},
				"down": {"uv": [0.29688, 2.57813, 14.625, 3.9375], "rotation": 270, "texture": "#down"}
			}
		},
		{
			"from": [1.5, 9.5, -0.5],
			"to": [1.75, 11, 0],
			"faces": {
				"north": {"uv": [0.29688, 2.57813, 14.625, 3.9375], "texture": "#down"},
				"east": {"uv": [0.29688, 2.57813, 14.625, 3.9375], "texture": "#down"},
				"south": {"uv": [0.29688, 2.57813, 14.625, 3.9375], "texture": "#down"},
				"west": {"uv": [0.29688, 2.57813, 14.625, 3.9375], "texture": "#down"},
				"up": {"uv": [0.29688, 2.57813, 14.625, 3.9375], "rotation": 90, "texture": "#down"},
				"down": {"uv": [0.29688, 2.57813, 14.625, 3.9375], "rotation": 270, "texture": "#down"}
			}
		},
		{
			"from": [3.25, 9.5, -0.5],
			"to": [3.5, 11, 0],
			"faces": {
				"north": {"uv": [0.29688, 2.57813, 14.625, 3.9375], "texture": "#down"},
				"east": {"uv": [0.29688, 2.57813, 14.625, 3.9375], "texture": "#down"},
				"south": {"uv": [0.29688, 2.57813, 14.625, 3.9375], "texture": "#down"},
				"west": {"uv": [0.29688, 2.57813, 14.625, 3.9375], "texture": "#down"},
				"up": {"uv": [0.29688, 2.57813, 14.625, 3.9375], "rotation": 90, "texture": "#down"},
				"down": {"uv": [0.29688, 2.57813, 14.625, 3.9375], "rotation": 270, "texture": "#down"}
			}
		},
		{
			"from": [1.75, 10.5, -0.5],
			"to": [3.25, 11, 0],
			"faces": {
				"north": {"uv": [0.29688, 2.57813, 4.04688, 3.84375], "texture": "#down"},
				"east": {"uv": [0.29688, 2.57813, 3.875, 3.79688], "texture": "#down"},
				"south": {"uv": [0.29688, 2.57813, 4.01563, 3.84375], "texture": "#down"},
				"west": {"uv": [0.29688, 2.57813, 3.48438, 3.90625], "texture": "#down"},
				"up": {"uv": [0.29688, 2.57813, 4.01563, 3.79688], "rotation": 90, "texture": "#down"},
				"down": {"uv": [0.29688, 2.57813, 3.78125, 3.79688], "rotation": 270, "texture": "#down"}
			}
		},
		{
			"from": [1.75, 9.5, -0.5],
			"to": [3.25, 10, 0],
			"faces": {
				"north": {"uv": [0.29688, 2.57813, 4.04688, 3.84375], "texture": "#down"},
				"east": {"uv": [0.29688, 2.57813, 3.875, 3.79688], "texture": "#down"},
				"south": {"uv": [0.29688, 2.57813, 4.01563, 3.84375], "texture": "#down"},
				"west": {"uv": [0.29688, 2.57813, 3.48438, 3.90625], "texture": "#down"},
				"up": {"uv": [0.29688, 2.57813, 4.01563, 3.79688], "rotation": 90, "texture": "#down"},
				"down": {"uv": [0.29688, 2.57813, 3.78125, 3.79688], "rotation": 270, "texture": "#down"}
			}
		},
		{
			"from": [1.75, 4.5, -0.25],
			"to": [3.25, 9.5, -0.25],
			"faces": {
				"north": {"uv": [0.9375, 1.07813, 2.73438, 6.51563], "texture": "#8"},
				"east": {"uv": [0.9375, 1.07813, 2.73438, 6.51563], "texture": "#8"},
				"south": {"uv": [0.9375, 1.07813, 2.73438, 6.51563], "texture": "#8"},
				"west": {"uv": [0.9375, 1.07813, 2.73438, 6.51563], "texture": "#8"},
				"up": {"uv": [0.9375, 1.07813, 2.73438, 6.51563], "rotation": 90, "texture": "#8"},
				"down": {"uv": [0.9375, 1.07813, 2.73438, 6.51563], "rotation": 270, "texture": "#8"}
			}
		},
		{
			"from": [4.5, 9.5, -0.75],
			"to": [4.75, 9.75, 0.5],
			"faces": {
				"north": {"uv": [0.29688, 2.57813, 14.625, 3.9375], "texture": "#down"},
				"east": {"uv": [0.29688, 2.57813, 14.625, 3.9375], "texture": "#down"},
				"south": {"uv": [0.29688, 2.57813, 14.625, 3.9375], "texture": "#down"},
				"west": {"uv": [0.29688, 2.57813, 14.625, 3.9375], "texture": "#down"},
				"up": {"uv": [0.29688, 2.57813, 14.625, 3.9375], "rotation": 90, "texture": "#down"},
				"down": {"uv": [0.29688, 2.57813, 14.625, 3.9375], "rotation": 270, "texture": "#down"}
			}
		},
		{
			"from": [4.75, 6, -0.25],
			"to": [5.25, 11, 0],
			"faces": {
				"north": {"uv": [0.29688, 2.57813, 14.625, 3.9375], "texture": "#down"},
				"east": {"uv": [0.29688, 2.57813, 14.625, 3.9375], "texture": "#down"},
				"south": {"uv": [0.29688, 2.57813, 14.625, 3.9375], "texture": "#down"},
				"west": {"uv": [0.29688, 2.57813, 14.625, 3.9375], "texture": "#down"},
				"up": {"uv": [0.29688, 2.57813, 14.625, 3.9375], "rotation": 90, "texture": "#down"},
				"down": {"uv": [0.29688, 2.57813, 14.625, 3.9375], "rotation": 270, "texture": "#down"}
			}
		},
		{
			"from": [4, 9.75, -0.5],
			"to": [6, 10.75, 0.25],
			"faces": {
				"north": {"uv": [0.29688, 2.57813, 3.8125, 7.45313], "texture": "#7"},
				"east": {"uv": [0.29688, 2.57813, 3.8125, 7.42188], "texture": "#7"},
				"south": {"uv": [0.32813, 2.57813, 3.8125, 7.45313], "texture": "#7"},
				"west": {"uv": [0.29688, 2.57813, 3.95313, 7.34375], "texture": "#7"},
				"up": {"uv": [0.29688, 2.57813, 3.60938, 7.375], "rotation": 90, "texture": "#7"},
				"down": {"uv": [0.29688, 2.57813, 3.95313, 7.48438], "rotation": 270, "texture": "#7"}
			}
		},
		{
			"from": [5.25, 9.5, -0.75],
			"to": [5.5, 9.75, 0.5],
			"faces": {
				"north": {"uv": [0.29688, 2.57813, 14.625, 3.9375], "texture": "#down"},
				"east": {"uv": [0.29688, 2.57813, 14.625, 3.9375], "texture": "#down"},
				"south": {"uv": [0.29688, 2.57813, 14.625, 3.9375], "texture": "#down"},
				"west": {"uv": [0.29688, 2.57813, 14.625, 3.9375], "texture": "#down"},
				"up": {"uv": [0.29688, 2.57813, 14.625, 3.9375], "rotation": 90, "texture": "#down"},
				"down": {"uv": [0.29688, 2.57813, 14.625, 3.9375], "rotation": 270, "texture": "#down"}
			}
		},
		{
			"from": [11.5, 9.5, 16],
			"to": [11.75, 11, 16.5],
			"faces": {
				"north": {"uv": [0.29688, 2.57813, 14.625, 3.9375], "texture": "#down"},
				"east": {"uv": [0.29688, 2.57813, 14.625, 3.9375], "texture": "#down"},
				"south": {"uv": [0.29688, 2.57813, 14.625, 3.9375], "texture": "#down"},
				"west": {"uv": [0.29688, 2.57813, 14.625, 3.9375], "texture": "#down"},
				"up": {"uv": [0.29688, 2.57813, 14.625, 3.9375], "rotation": 90, "texture": "#down"},
				"down": {"uv": [0.29688, 2.57813, 14.625, 3.9375], "rotation": 270, "texture": "#down"}
			}
		},
		{
			"from": [11, 10.25, 15.5],
			"to": [11.25, 10.5, 16.75],
			"faces": {
				"north": {"uv": [0.29688, 2.57813, 14.625, 3.9375], "texture": "#down"},
				"east": {"uv": [0.29688, 2.57813, 14.625, 3.9375], "texture": "#down"},
				"south": {"uv": [0.29688, 2.57813, 14.625, 3.9375], "texture": "#down"},
				"west": {"uv": [0.29688, 2.57813, 14.625, 3.9375], "texture": "#down"},
				"up": {"uv": [0.29688, 2.57813, 14.625, 3.9375], "rotation": 90, "texture": "#down"},
				"down": {"uv": [0.29688, 2.57813, 14.625, 3.9375], "rotation": 270, "texture": "#down"}
			}
		},
		{
			"from": [10.25, 10.25, 15.5],
			"to": [10.5, 10.5, 16.75],
			"faces": {
				"north": {"uv": [0.29688, 2.57813, 14.625, 3.9375], "texture": "#down"},
				"east": {"uv": [0.29688, 2.57813, 14.625, 3.9375], "texture": "#down"},
				"south": {"uv": [0.29688, 2.57813, 14.625, 3.9375], "texture": "#down"},
				"west": {"uv": [0.29688, 2.57813, 14.625, 3.9375], "texture": "#down"},
				"up": {"uv": [0.29688, 2.57813, 14.625, 3.9375], "rotation": 90, "texture": "#down"},
				"down": {"uv": [0.29688, 2.57813, 14.625, 3.9375], "rotation": 270, "texture": "#down"}
			}
		},
		{
			"from": [10, 10.5, 16],
			"to": [11.5, 11, 16.5],
			"faces": {
				"north": {"uv": [0.29688, 2.57813, 4.04688, 3.84375], "texture": "#down"},
				"east": {"uv": [0.29688, 2.57813, 3.875, 3.79688], "texture": "#down"},
				"south": {"uv": [0.29688, 2.57813, 4.01563, 3.84375], "texture": "#down"},
				"west": {"uv": [0.29688, 2.57813, 3.48438, 3.90625], "texture": "#down"},
				"up": {"uv": [0.29688, 2.57813, 4.01563, 3.79688], "rotation": 90, "texture": "#down"},
				"down": {"uv": [0.29688, 2.57813, 3.78125, 3.79688], "rotation": 270, "texture": "#down"}
			}
		},
		{
			"from": [9.75, 9.5, 16],
			"to": [10, 11, 16.5],
			"faces": {
				"north": {"uv": [0.29688, 2.57813, 14.625, 3.9375], "texture": "#down"},
				"east": {"uv": [0.29688, 2.57813, 14.625, 3.9375], "texture": "#down"},
				"south": {"uv": [0.29688, 2.57813, 14.625, 3.9375], "texture": "#down"},
				"west": {"uv": [0.29688, 2.57813, 14.625, 3.9375], "texture": "#down"},
				"up": {"uv": [0.29688, 2.57813, 14.625, 3.9375], "rotation": 90, "texture": "#down"},
				"down": {"uv": [0.29688, 2.57813, 14.625, 3.9375], "rotation": 270, "texture": "#down"}
			}
		},
		{
			"from": [10, 9.5, 16],
			"to": [11.5, 10, 16.5],
			"faces": {
				"north": {"uv": [0.29688, 2.57813, 4.04688, 3.84375], "texture": "#down"},
				"east": {"uv": [0.29688, 2.57813, 3.875, 3.79688], "texture": "#down"},
				"south": {"uv": [0.29688, 2.57813, 4.01563, 3.84375], "texture": "#down"},
				"west": {"uv": [0.29688, 2.57813, 3.48438, 3.90625], "texture": "#down"},
				"up": {"uv": [0.29688, 2.57813, 4.01563, 3.79688], "rotation": 90, "texture": "#down"},
				"down": {"uv": [0.29688, 2.57813, 3.78125, 3.79688], "rotation": 270, "texture": "#down"}
			}
		},
		{
			"from": [10, 4.5, 16.25],
			"to": [11.5, 9.5, 16.25],
			"faces": {
				"north": {"uv": [0.89063, 1.07813, 2.75, 6.54688], "texture": "#8"},
				"east": {"uv": [0.89063, 1.07813, 2.75, 6.54688], "texture": "#8"},
				"south": {"uv": [0.89063, 1.07813, 2.75, 6.54688], "texture": "#8"},
				"west": {"uv": [0.89063, 1.07813, 2.75, 6.54688], "texture": "#8"},
				"up": {"uv": [0.89063, 1.07813, 2.75, 6.54688], "rotation": 90, "texture": "#8"},
				"down": {"uv": [0.89063, 1.07813, 2.75, 6.54688], "rotation": 270, "texture": "#8"}
			}
		},
		{
			"from": [12.25, 9.75, 16],
			"to": [14.25, 10.75, 16.75],
			"faces": {
				"north": {"uv": [0.29688, 2.57813, 4.84375, 8.79688], "texture": "#7"},
				"east": {"uv": [0.29688, 2.57813, 4.75, 8.92188], "texture": "#7"},
				"south": {"uv": [0.32813, 2.57813, 4.71875, 8.85938], "texture": "#7"},
				"west": {"uv": [0.29688, 2.57813, 4.78125, 8.79688], "texture": "#7"},
				"up": {"uv": [0.26563, 2.57813, 4.6875, 8.89063], "rotation": 90, "texture": "#7"},
				"down": {"uv": [0.29688, 2.57813, 4.71875, 8.85938], "rotation": 270, "texture": "#7"}
			}
		},
		{
			"from": [13, 6, 16.25],
			"to": [13.5, 11, 16.5],
			"faces": {
				"north": {"uv": [0.29688, 2.57813, 14.625, 3.9375], "texture": "#down"},
				"east": {"uv": [0.29688, 2.57813, 14.625, 3.9375], "texture": "#down"},
				"south": {"uv": [0.29688, 2.57813, 14.625, 3.9375], "texture": "#down"},
				"west": {"uv": [0.29688, 2.57813, 14.625, 3.9375], "texture": "#down"},
				"up": {"uv": [0.29688, 2.57813, 14.625, 3.9375], "rotation": 90, "texture": "#down"},
				"down": {"uv": [0.29688, 2.57813, 14.625, 3.9375], "rotation": 270, "texture": "#down"}
			}
		},
		{
			"from": [13.5, 9.5, 15.75],
			"to": [13.75, 9.75, 17],
			"faces": {
				"north": {"uv": [0.29688, 2.57813, 14.625, 3.9375], "texture": "#down"},
				"east": {"uv": [0.29688, 2.57813, 14.625, 3.9375], "texture": "#down"},
				"south": {"uv": [0.29688, 2.57813, 14.625, 3.9375], "texture": "#down"},
				"west": {"uv": [0.29688, 2.57813, 14.625, 3.9375], "texture": "#down"},
				"up": {"uv": [0.29688, 2.57813, 14.625, 3.9375], "rotation": 90, "texture": "#down"},
				"down": {"uv": [0.29688, 2.57813, 14.625, 3.9375], "rotation": 270, "texture": "#down"}
			}
		},
		{
			"from": [12.75, 9.5, 15.75],
			"to": [13, 9.75, 17],
			"faces": {
				"north": {"uv": [0.29688, 2.57813, 14.625, 3.9375], "texture": "#down"},
				"east": {"uv": [0.29688, 2.57813, 14.625, 3.9375], "texture": "#down"},
				"south": {"uv": [0.29688, 2.57813, 14.625, 3.9375], "texture": "#down"},
				"west": {"uv": [0.29688, 2.57813, 14.625, 3.9375], "texture": "#down"},
				"up": {"uv": [0.29688, 2.57813, 14.625, 3.9375], "rotation": 90, "texture": "#down"},
				"down": {"uv": [0.29688, 2.57813, 14.625, 3.9375], "rotation": 270, "texture": "#down"}
			}
		},
		{
			"from": [15.5, 10.25, 4.75],
			"to": [16.75, 10.5, 5],
			"faces": {
				"north": {"uv": [0.29688, 2.57813, 14.625, 3.9375], "texture": "#down"},
				"east": {"uv": [0.29688, 2.57813, 14.625, 3.9375], "texture": "#down"},
				"south": {"uv": [0.29688, 2.57813, 14.625, 3.9375], "texture": "#down"},
				"west": {"uv": [0.29688, 2.57813, 14.625, 3.9375], "texture": "#down"},
				"up": {"uv": [0.29688, 2.57813, 14.625, 3.9375], "texture": "#down"},
				"down": {"uv": [0.29688, 2.57813, 14.625, 3.9375], "texture": "#down"}
			}
		},
		{
			"from": [15.5, 10.25, 5.5],
			"to": [16.75, 10.5, 5.75],
			"faces": {
				"north": {"uv": [0.29688, 2.57813, 14.625, 3.9375], "texture": "#down"},
				"east": {"uv": [0.29688, 2.57813, 14.625, 3.9375], "texture": "#down"},
				"south": {"uv": [0.29688, 2.57813, 14.625, 3.9375], "texture": "#down"},
				"west": {"uv": [0.29688, 2.57813, 14.625, 3.9375], "texture": "#down"},
				"up": {"uv": [0.29688, 2.57813, 14.625, 3.9375], "texture": "#down"},
				"down": {"uv": [0.29688, 2.57813, 14.625, 3.9375], "texture": "#down"}
			}
		},
		{
			"from": [-0.5, 9.75, 10],
			"to": [0.25, 10.75, 12],
			"faces": {
				"north": {"uv": [0.29688, 2.57813, 4.84375, 8.79688], "texture": "#7"},
				"east": {"uv": [0.29688, 2.57813, 4.75, 8.92188], "texture": "#7"},
				"south": {"uv": [0.32813, 2.57813, 4.71875, 8.85938], "texture": "#7"},
				"west": {"uv": [0.29688, 2.57813, 4.78125, 8.79688], "texture": "#7"},
				"up": {"uv": [0.26563, 2.57813, 4.6875, 8.89063], "texture": "#7"},
				"down": {"uv": [0.29688, 2.57813, 4.71875, 8.85938], "texture": "#7"}
			}
		},
		{
			"from": [-0.75, 9.5, 10.5],
			"to": [0.5, 9.75, 10.75],
			"faces": {
				"north": {"uv": [0.29688, 2.57813, 14.625, 3.9375], "texture": "#down"},
				"east": {"uv": [0.29688, 2.57813, 14.625, 3.9375], "texture": "#down"},
				"south": {"uv": [0.29688, 2.57813, 14.625, 3.9375], "texture": "#down"},
				"west": {"uv": [0.29688, 2.57813, 14.625, 3.9375], "texture": "#down"},
				"up": {"uv": [0.29688, 2.57813, 14.625, 3.9375], "texture": "#down"},
				"down": {"uv": [0.29688, 2.57813, 14.625, 3.9375], "texture": "#down"}
			}
		},
		{
			"from": [-0.75, 9.5, 11.25],
			"to": [0.5, 9.75, 11.5],
			"faces": {
				"north": {"uv": [0.29688, 2.57813, 14.625, 3.9375], "texture": "#down"},
				"east": {"uv": [0.29688, 2.57813, 14.625, 3.9375], "texture": "#down"},
				"south": {"uv": [0.29688, 2.57813, 14.625, 3.9375], "texture": "#down"},
				"west": {"uv": [0.29688, 2.57813, 14.625, 3.9375], "texture": "#down"},
				"up": {"uv": [0.29688, 2.57813, 14.625, 3.9375], "texture": "#down"},
				"down": {"uv": [0.29688, 2.57813, 14.625, 3.9375], "texture": "#down"}
			}
		},
		{
			"from": [-0.25, 6, 10.75],
			"to": [0, 11, 11.25],
			"faces": {
				"north": {"uv": [0.29688, 2.57813, 14.625, 3.9375], "texture": "#down"},
				"east": {"uv": [0.29688, 2.57813, 14.625, 3.9375], "texture": "#down"},
				"south": {"uv": [0.29688, 2.57813, 14.625, 3.9375], "texture": "#down"},
				"west": {"uv": [0.29688, 2.57813, 14.625, 3.9375], "texture": "#down"},
				"up": {"uv": [0.29688, 2.57813, 14.625, 3.9375], "texture": "#down"},
				"down": {"uv": [0.29688, 2.57813, 14.625, 3.9375], "texture": "#down"}
			}
		},
		{
			"from": [-0.25, 4.5, 12.75],
			"to": [-0.25, 9.5, 14.25],
			"faces": {
				"north": {"uv": [0.9375, 1.07813, 2.73438, 6.51563], "texture": "#8"},
				"east": {"uv": [0.9375, 1.07813, 2.73438, 6.51563], "texture": "#8"},
				"south": {"uv": [0.9375, 1.07813, 2.73438, 6.51563], "texture": "#8"},
				"west": {"uv": [0.9375, 1.07813, 2.73438, 6.51563], "texture": "#8"},
				"up": {"uv": [0.9375, 1.07813, 2.73438, 6.51563], "texture": "#8"},
				"down": {"uv": [0.9375, 1.07813, 2.73438, 6.51563], "texture": "#8"}
			}
		},
		{
			"from": [-0.5, 9.5, 12.75],
			"to": [0, 10, 14.25],
			"faces": {
				"north": {"uv": [0.29688, 2.57813, 4.04688, 3.84375], "texture": "#down"},
				"east": {"uv": [0.29688, 2.57813, 3.875, 3.79688], "texture": "#down"},
				"south": {"uv": [0.29688, 2.57813, 4.01563, 3.84375], "texture": "#down"},
				"west": {"uv": [0.29688, 2.57813, 3.48438, 3.90625], "texture": "#down"},
				"up": {"uv": [0.29688, 2.57813, 4.01563, 3.79688], "texture": "#down"},
				"down": {"uv": [0.29688, 2.57813, 3.78125, 3.79688], "texture": "#down"}
			}
		},
		{
			"from": [-0.5, 9.5, 14.25],
			"to": [0, 11, 14.5],
			"faces": {
				"north": {"uv": [0.29688, 2.57813, 14.625, 3.9375], "texture": "#down"},
				"east": {"uv": [0.29688, 2.57813, 14.625, 3.9375], "texture": "#down"},
				"south": {"uv": [0.29688, 2.57813, 14.625, 3.9375], "texture": "#down"},
				"west": {"uv": [0.29688, 2.57813, 14.625, 3.9375], "texture": "#down"},
				"up": {"uv": [0.29688, 2.57813, 14.625, 3.9375], "texture": "#down"},
				"down": {"uv": [0.29688, 2.57813, 14.625, 3.9375], "texture": "#down"}
			}
		},
		{
			"from": [-0.5, 9.5, 12.5],
			"to": [0, 11, 12.75],
			"faces": {
				"north": {"uv": [0.29688, 2.57813, 14.625, 3.9375], "texture": "#down"},
				"east": {"uv": [0.29688, 2.57813, 14.625, 3.9375], "texture": "#down"},
				"south": {"uv": [0.29688, 2.57813, 14.625, 3.9375], "texture": "#down"},
				"west": {"uv": [0.29688, 2.57813, 14.625, 3.9375], "texture": "#down"},
				"up": {"uv": [0.29688, 2.57813, 14.625, 3.9375], "texture": "#down"},
				"down": {"uv": [0.29688, 2.57813, 14.625, 3.9375], "texture": "#down"}
			}
		},
		{
			"from": [-0.5, 10.5, 12.75],
			"to": [0, 11, 14.25],
			"faces": {
				"north": {"uv": [0.29688, 2.57813, 4.04688, 3.84375], "texture": "#down"},
				"east": {"uv": [0.29688, 2.57813, 3.875, 3.79688], "texture": "#down"},
				"south": {"uv": [0.29688, 2.57813, 4.01563, 3.84375], "texture": "#down"},
				"west": {"uv": [0.29688, 2.57813, 3.48438, 3.90625], "texture": "#down"},
				"up": {"uv": [0.29688, 2.57813, 4.01563, 3.79688], "texture": "#down"},
				"down": {"uv": [0.29688, 2.57813, 3.78125, 3.79688], "texture": "#down"}
			}
		},
		{
			"from": [-0.75, 10.25, 13],
			"to": [0.5, 10.5, 13.25],
			"faces": {
				"north": {"uv": [0.29688, 2.57813, 14.625, 3.9375], "texture": "#down"},
				"east": {"uv": [0.29688, 2.57813, 14.625, 3.9375], "texture": "#down"},
				"south": {"uv": [0.29688, 2.57813, 14.625, 3.9375], "texture": "#down"},
				"west": {"uv": [0.29688, 2.57813, 14.625, 3.9375], "texture": "#down"},
				"up": {"uv": [0.29688, 2.57813, 14.625, 3.9375], "texture": "#down"},
				"down": {"uv": [0.29688, 2.57813, 14.625, 3.9375], "texture": "#down"}
			}
		},
		{
			"from": [-0.75, 10.25, 13.75],
			"to": [0.5, 10.5, 14],
			"faces": {
				"north": {"uv": [0.29688, 2.57813, 14.625, 3.9375], "texture": "#down"},
				"east": {"uv": [0.29688, 2.57813, 14.625, 3.9375], "texture": "#down"},
				"south": {"uv": [0.29688, 2.57813, 14.625, 3.9375], "texture": "#down"},
				"west": {"uv": [0.29688, 2.57813, 14.625, 3.9375], "texture": "#down"},
				"up": {"uv": [0.29688, 2.57813, 14.625, 3.9375], "texture": "#down"},
				"down": {"uv": [0.29688, 2.57813, 14.625, 3.9375], "texture": "#down"}
			}
		},
		{
			"from": [16, 9.75, 1.75],
			"to": [16.75, 10.75, 3.75],
			"faces": {
				"north": {"uv": [0.29688, 2.57813, 4.84375, 8.79688], "texture": "#7"},
				"east": {"uv": [0.29688, 2.57813, 4.75, 8.92188], "texture": "#7"},
				"south": {"uv": [0.32813, 2.57813, 4.71875, 8.85938], "texture": "#7"},
				"west": {"uv": [0.29688, 2.57813, 4.78125, 8.79688], "texture": "#7"},
				"up": {"uv": [0.26563, 2.57813, 4.6875, 8.89063], "texture": "#7"},
				"down": {"uv": [0.29688, 2.57813, 4.71875, 8.85938], "texture": "#7"}
			}
		}
	]
}