{
	"credit": "Made with Blockbench",
	"parent": "minecraft:block/cross",
	"textures": {
		"cross": "block/dandelion"
	},
	"elements": [
		{
			"from": [9.4, 0, 9.05],
			"to": [9.4, 9.75, 15.8],
			"rotation": {"angle": 45, "axis": "y", "origin": [3.575, 0, 12.225]},
			"faces": {
				"north": {"uv": [5.35938, 5.73438, 10.6875, 16], "texture": "#cross"},
				"east": {"uv": [10.6875, 5.73438, 5.35938, 16], "texture": "#cross"},
				"south": {"uv": [5.35938, 5.73438, 10.6875, 16], "texture": "#cross"},
				"west": {"uv": [5.35938, 5.73438, 10.6875, 16], "texture": "#cross"},
				"up": {"uv": [5.35938, 5.73438, 10.6875, 16], "rotation": 270, "texture": "#cross"},
				"down": {"uv": [5.35938, 5.73438, 10.6875, 16], "rotation": 90, "texture": "#cross"}
			}
		},
		{
			"from": [4.575, 0, 8.225],
			"to": [11.325, 9.75, 8.225],
			"rotation": {"angle": 0, "axis": "y", "origin": [3.575, 0, 8.225]},
			"faces": {
				"north": {"uv": [5.35938, 5.73438, 10.6875, 16], "texture": "#cross"},
				"east": {"uv": [5.35938, 5.73438, 10.6875, 16], "texture": "#cross"},
				"south": {"uv": [10.6875, 5.73438, 5.35938, 16], "texture": "#cross"},
				"west": {"uv": [5.35938, 5.73438, 10.6875, 16], "texture": "#cross"},
				"up": {"uv": [5.35938, 5.73438, 10.6875, 16], "texture": "#cross"},
				"down": {"uv": [5.35938, 5.73438, 10.6875, 16], "texture": "#cross"}
			}
		},
		{
			"from": [7.95, 0, 4.925],
			"to": [7.95, 9.75, 11.675],
			"rotation": {"angle": 0, "axis": "y", "origin": [3.575, 0, 12.225]},
			"faces": {
				"north": {"uv": [5.35938, 5.73438, 10.6875, 16], "texture": "#cross"},
				"east": {"uv": [5.35938, 5.73438, 10.6875, 16], "texture": "#cross"},
				"south": {"uv": [5.35938, 5.73438, 10.6875, 16], "texture": "#cross"},
				"west": {"uv": [10.6875, 5.73438, 5.35938, 16], "texture": "#cross"},
				"up": {"uv": [5.35938, 5.73438, 10.6875, 16], "rotation": 90, "texture": "#cross"},
				"down": {"uv": [5.35938, 5.73438, 10.6875, 16], "rotation": 270, "texture": "#cross"}
			}
		},
		{
			"from": [3.85, 0, 2.975],
			"to": [3.85, 9.75, 9.725],
			"rotation": {"angle": -45, "axis": "y", "origin": [3.575, 0, 12.225]},
			"faces": {
				"north": {"uv": [5.35938, 5.73438, 10.6875, 16], "texture": "#cross"},
				"east": {"uv": [5.35938, 5.73438, 10.6875, 16], "texture": "#cross"},
				"south": {"uv": [5.35938, 5.73438, 10.6875, 16], "texture": "#cross"},
				"west": {"uv": [10.6875, 5.73438, 5.35938, 16], "texture": "#cross"},
				"up": {"uv": [5.35938, 5.73438, 10.6875, 16], "rotation": 90, "texture": "#cross"},
				"down": {"uv": [5.35938, 5.73438, 10.6875, 16], "rotation": 270, "texture": "#cross"}
			}
		},
		{
			"from": [14.925, 0, 6.9],
			"to": [14.925, 4.675, 11.125],
			"rotation": {"angle": 45, "axis": "y", "origin": [8.575, 0, 9.225]},
			"faces": {
				"north": {"uv": [5.35938, 5.73438, 10.6875, 16], "texture": "#cross"},
				"east": {"uv": [10.6875, 5.73438, 5.35938, 16], "texture": "#cross"},
				"south": {"uv": [5.35938, 5.73438, 10.6875, 16], "texture": "#cross"},
				"west": {"uv": [5.35938, 5.73438, 10.6875, 16], "texture": "#cross"},
				"up": {"uv": [5.35938, 5.73438, 10.6875, 16], "rotation": 270, "texture": "#cross"},
				"down": {"uv": [5.35938, 5.73438, 10.6875, 16], "rotation": 90, "texture": "#cross"}
			}
		},
		{
			"from": [11.325, 0, 4.575],
			"to": [14.575, 4.675, 4.575],
			"rotation": {"angle": 0, "axis": "y", "origin": [8.575, 0, 5.225]},
			"faces": {
				"north": {"uv": [5.35938, 5.73438, 10.6875, 16], "texture": "#cross"},
				"east": {"uv": [5.35938, 5.73438, 10.6875, 16], "texture": "#cross"},
				"south": {"uv": [10.6875, 5.73438, 5.35938, 16], "texture": "#cross"},
				"west": {"uv": [5.35938, 5.73438, 10.6875, 16], "texture": "#cross"},
				"up": {"uv": [5.35938, 5.73438, 10.6875, 16], "texture": "#cross"},
				"down": {"uv": [5.35938, 5.73438, 10.6875, 16], "texture": "#cross"}
			}
		},
		{
			"from": [12.95, 0, 2.575],
			"to": [12.95, 4.675, 6.8],
			"rotation": {"angle": 0, "axis": "y", "origin": [8.575, 0, 9.225]},
			"faces": {
				"north": {"uv": [5.35938, 5.73438, 10.6875, 16], "texture": "#cross"},
				"east": {"uv": [5.35938, 5.73438, 10.6875, 16], "texture": "#cross"},
				"south": {"uv": [5.35938, 5.73438, 10.6875, 16], "texture": "#cross"},
				"west": {"uv": [10.6875, 5.73438, 5.35938, 16], "texture": "#cross"},
				"up": {"uv": [5.35938, 5.73438, 10.6875, 16], "rotation": 90, "texture": "#cross"},
				"down": {"uv": [5.35938, 5.73438, 10.6875, 16], "rotation": 270, "texture": "#cross"}
			}
		},
		{
			"from": [8.425, 0, 0.775],
			"to": [8.425, 4.675, 5],
			"rotation": {"angle": -45, "axis": "y", "origin": [8.575, 0, 9.225]},
			"faces": {
				"north": {"uv": [5.35938, 5.73438, 10.6875, 16], "texture": "#cross"},
				"east": {"uv": [5.35938, 5.73438, 10.6875, 16], "texture": "#cross"},
				"south": {"uv": [5.35938, 5.73438, 10.6875, 16], "texture": "#cross"},
				"west": {"uv": [10.6875, 5.73438, 5.35938, 16], "texture": "#cross"},
				"up": {"uv": [5.35938, 5.73438, 10.6875, 16], "rotation": 90, "texture": "#cross"},
				"down": {"uv": [5.35938, 5.73438, 10.6875, 16], "rotation": 270, "texture": "#cross"}
			}
		}
	],
	"groups": [
		{
			"name": "group",
			"origin": [3.575, 0, 12.225],
			"color": 0,
			"children": [0, 1, 2, 3]
		},
		{
			"name": "group",
			"origin": [3.575, 0, 12.225],
			"color": 0,
			"children": [4, 5, 6, 7]
		}
	]
}