{
	"credit": "Made with Blockbench",
	"ambientocclusion": false,
	"textures": {
		"0": "block/ladder",
		"particle": "block/ladder"
	},
	"elements": [
		{
			"from": [2.75, 3.75, 15],
			"to": [3.25, 4.25, 16],
			"rotation": {"angle": -45, "axis": "z", "origin": [3, 4, 15]},
			"faces": {
				"north": {"uv": [0, 0, 2, 16], "texture": "#missing"},
				"east": {"uv": [1.42188, 12.98438, 6.35938, 15.75], "texture": "#0"},
				"south": {"uv": [4.3125, 13.42188, 6.75, 16], "texture": "#0"},
				"west": {"uv": [1.73438, 13.04688, 7.15625, 16], "texture": "#0"},
				"up": {"uv": [3.75, 13.71875, 5.75, 14.71875], "texture": "#0"},
				"down": {"uv": [3.6875, 14.09375, 5.6875, 15.09375], "texture": "#0"}
			}
		},
		{
			"from": [12, 0, 14.25],
			"to": [14, 16, 15],
			"rotation": {"angle": 0, "axis": "y", "origin": [10, 0, 0]},
			"faces": {
				"north": {"uv": [0, 3.6875, 16, 5.6875], "rotation": 90, "texture": "#0"},
				"east": {"uv": [0, 3.78125, 16, 4.78125], "rotation": 270, "texture": "#0"},
				"south": {"uv": [0, 3.6875, 16, 5.6875], "rotation": 270, "texture": "#0"},
				"west": {"uv": [0, 4.1875, 16, 5.1875], "rotation": 270, "texture": "#0"},
				"up": {"uv": [7.64063, 3.71875, 8.64063, 5.71875], "rotation": 270, "texture": "#0"},
				"down": {"uv": [1.14063, 3.875, 2.14063, 5.875], "rotation": 270, "texture": "#0"}
			}
		},
		{
			"from": [12.75, 11.75, 15],
			"to": [13.25, 12.25, 16],
			"rotation": {"angle": -45, "axis": "z", "origin": [13, 12, 15]},
			"faces": {
				"north": {"uv": [10.03125, 0, 12.03125, 16], "texture": "#missing"},
				"east": {"uv": [3.125, 13.46875, 6.3125, 16], "texture": "#0"},
				"south": {"uv": [5.10938, 14, 7.67188, 16], "texture": "#0"},
				"west": {"uv": [4.17188, 13.40625, 5.17188, 13.90625], "texture": "#0"},
				"up": {"uv": [2.14063, 14.5625, 4.14063, 15.5625], "texture": "#0"},
				"down": {"uv": [1.48438, 12.90625, 3.48438, 13.90625], "texture": "#0"}
			}
		},
		{
			"from": [12.75, 3.75, 15],
			"to": [13.25, 4.25, 16],
			"rotation": {"angle": -45, "axis": "z", "origin": [13, 4, 15]},
			"faces": {
				"north": {"uv": [0, 0, 2, 16], "texture": "#missing"},
				"east": {"uv": [1.42188, 12.98438, 6.35938, 15.75], "texture": "#0"},
				"south": {"uv": [4.3125, 13.42188, 6.75, 16], "texture": "#0"},
				"west": {"uv": [1.73438, 13.04688, 7.15625, 16], "texture": "#0"},
				"up": {"uv": [3.75, 13.71875, 5.75, 14.71875], "texture": "#0"},
				"down": {"uv": [3.6875, 14.09375, 5.6875, 15.09375], "texture": "#0"}
			}
		},
		{
			"from": [2.75, 11.75, 15],
			"to": [3.25, 12.25, 16],
			"rotation": {"angle": -45, "axis": "z", "origin": [3, 12, 15]},
			"faces": {
				"north": {"uv": [10.03125, 0, 12.03125, 16], "texture": "#missing"},
				"east": {"uv": [3.125, 13.46875, 6.3125, 16], "texture": "#0"},
				"south": {"uv": [5.10938, 14, 7.67188, 16], "texture": "#0"},
				"west": {"uv": [4.17188, 13.40625, 5.17188, 13.90625], "texture": "#0"},
				"up": {"uv": [2.14063, 14.5625, 4.14063, 15.5625], "texture": "#0"},
				"down": {"uv": [1.48438, 12.90625, 3.48438, 13.90625], "texture": "#0"}
			}
		},
		{
			"from": [1, 13, 13.5],
			"to": [15, 15, 14.25],
			"faces": {
				"north": {"uv": [0.98047, 0.39063, 14.98047, 2.39063], "texture": "#0"},
				"east": {"uv": [4.32813, 0.34375, 5.32813, 2.34375], "texture": "#0"},
				"south": {"uv": [0.9375, 0.38281, 14.9375, 2.38281], "texture": "#0"},
				"west": {"uv": [5.59375, 0, 6.59375, 2], "texture": "#0"},
				"up": {"uv": [0.15625, 3.89063, 14.15625, 4.89063], "texture": "#0"},
				"down": {"uv": [0, 3.9375, 14, 4.9375], "texture": "#0"}
			}
		},
		{
			"from": [1, 9, 13.5],
			"to": [15, 11, 14.25],
			"faces": {
				"north": {"uv": [0.98047, 0.39063, 14.98047, 2.39063], "texture": "#0"},
				"east": {"uv": [4.32813, 0.34375, 5.32813, 2.34375], "texture": "#0"},
				"south": {"uv": [0.9375, 0.38281, 14.9375, 2.38281], "texture": "#0"},
				"west": {"uv": [5.59375, 0, 6.59375, 2], "texture": "#0"},
				"up": {"uv": [0.15625, 3.89063, 14.15625, 4.89063], "texture": "#0"},
				"down": {"uv": [0, 3.9375, 14, 4.9375], "texture": "#0"}
			}
		},
		{
			"from": [1, 5, 13.5],
			"to": [15, 7, 14.25],
			"faces": {
				"north": {"uv": [0.98047, 0.39063, 14.98047, 2.39063], "texture": "#0"},
				"east": {"uv": [4.32813, 0.34375, 5.32813, 2.34375], "texture": "#0"},
				"south": {"uv": [0.9375, 0.38281, 14.9375, 2.38281], "texture": "#0"},
				"west": {"uv": [5.59375, 0, 6.59375, 2], "texture": "#0"},
				"up": {"uv": [0.15625, 3.89063, 14.15625, 4.89063], "texture": "#0"},
				"down": {"uv": [0, 3.9375, 14, 4.9375], "texture": "#0"}
			}
		},
		{
			"from": [1, 1, 13.5],
			"to": [15, 3, 14.25],
			"faces": {
				"north": {"uv": [0.98047, 0.39063, 14.98047, 2.39063], "texture": "#0"},
				"east": {"uv": [4.32813, 0.34375, 5.32813, 2.34375], "texture": "#0"},
				"south": {"uv": [0.9375, 0.38281, 14.9375, 2.38281], "texture": "#0"},
				"west": {"uv": [5.59375, 0, 6.59375, 2], "texture": "#0"},
				"up": {"uv": [0.15625, 3.89063, 14.15625, 4.89063], "texture": "#0"},
				"down": {"uv": [0, 3.9375, 14, 4.9375], "texture": "#0"}
			}
		},
		{
			"from": [2, 0, 14.25],
			"to": [4, 16, 15],
			"faces": {
				"north": {"uv": [0, 3.6875, 16, 5.6875], "rotation": 90, "texture": "#0"},
				"east": {"uv": [0, 3.78125, 16, 4.78125], "rotation": 270, "texture": "#0"},
				"south": {"uv": [0, 3.6875, 16, 5.6875], "rotation": 270, "texture": "#0"},
				"west": {"uv": [0, 4.1875, 16, 5.1875], "rotation": 270, "texture": "#0"},
				"up": {"uv": [7.64063, 3.71875, 8.64063, 5.71875], "rotation": 270, "texture": "#0"},
				"down": {"uv": [1.14063, 3.875, 2.14063, 5.875], "rotation": 270, "texture": "#0"}
			}
		}
	]
}