{
	"credit": "Made with Blockbench",
	"ambientocclusion": false,
	"textures": {
		"particle": "#1"
	},
	"elements": [
		{
			"from": [3, 10, 0],
			"to": [25, 10, 22],
			"shade": false,
			"rotation": {"angle": -45, "axis": "z", "origin": [8, 6, 8]},
			"faces": {
				"up": {"uv": [0, 0, 16, 16], "rotation": 180, "texture": "#1", "tintindex": 0},
				"down": {"uv": [0, 16, 16, 0], "rotation": 180, "texture": "#1", "tintindex": 0}
			}
		},
		{
			"from": [3, 10, 0],
			"to": [25, 10, 22],
			"shade": false,
			"rotation": {"angle": 22.5, "axis": "z", "origin": [8, 6, 8]},
			"faces": {
				"up": {"uv": [0, 0, 16, 16], "rotation": 180, "texture": "#1", "tintindex": 0},
				"down": {"uv": [0, 16, 16, 0], "rotation": 180, "texture": "#1", "tintindex": 0}
			}
		},
		{
			"from": [-9, 10, -6],
			"to": [13, 10, 16],
			"shade": false,
			"rotation": {"angle": 45, "axis": "z", "origin": [8, 6, 8]},
			"faces": {
				"up": {"uv": [0, 0, 16, 16], "texture": "#1", "tintindex": 0},
				"down": {"uv": [0, 16, 16, 0], "texture": "#1", "tintindex": 0}
			}
		},
		{
			"from": [-7, 10, 3],
			"to": [15, 10, 25],
			"shade": false,
			"rotation": {"angle": 45, "axis": "x", "origin": [8, 6, 8]},
			"faces": {
				"up": {"uv": [0, 0, 16, 16], "rotation": 270, "texture": "#1", "tintindex": 0},
				"down": {"uv": [0, 16, 16, 0], "rotation": 90, "texture": "#1", "tintindex": 0}
			}
		},
		{
			"from": [0, 10, -9],
			"to": [22, 10, 13],
			"shade": false,
			"rotation": {"angle": -45, "axis": "x", "origin": [8, 6, 8]},
			"faces": {
				"up": {"uv": [0, 0, 16, 16], "texture": "#1", "tintindex": 0},
				"down": {"uv": [0, 16, 16, 0], "rotation": 270, "texture": "#1", "tintindex": 0}
			}
		},
		{
			"from": [-6, 7, -3],
			"to": [16, 7, 19],
			"shade": false,
			"rotation": {"angle": -22.5, "axis": "z", "origin": [8, 17, 8]},
			"faces": {
				"up": {"uv": [0, 0, 16, 16], "rotation": 270, "texture": "#1", "tintindex": 0},
				"down": {"uv": [0, 16, 16, 0], "rotation": 90, "texture": "#1", "tintindex": 0}
			}
		},
		{
			"from": [7, -5, 11],
			"to": [29, 17, 11],
			"shade": false,
			"rotation": {"angle": -22.5, "axis": "y", "origin": [8, 17, 8]},
			"faces": {
				"north": {"uv": [0, 16, 16, 0], "rotation": 270, "texture": "#1", "tintindex": 0},
				"south": {"uv": [0, 0, 16, 16], "rotation": 270, "texture": "#1", "tintindex": 0}
			}
		},
		{
			"from": [5, -7, 5],
			"to": [5, 15, 27],
			"shade": false,
			"rotation": {"angle": -45, "axis": "y", "origin": [8, 17, 8]},
			"faces": {
				"east": {"uv": [0, 16, 16, 0], "rotation": 270, "texture": "#1", "tintindex": 0},
				"west": {"uv": [0, 0, 16, 16], "rotation": 270, "texture": "#1", "tintindex": 0}
			}
		},
		{
			"from": [9, -8, -14],
			"to": [9, 14, 8],
			"shade": false,
			"rotation": {"angle": 45, "axis": "y", "origin": [8, 17, 8]},
			"faces": {
				"east": {"uv": [0, 0, 16, 16], "rotation": 270, "texture": "#1", "tintindex": 0},
				"west": {"uv": [0, 16, 16, 0], "rotation": 270, "texture": "#1", "tintindex": 0}
			}
		},
		{
			"from": [15, -5, -14],
			"to": [15, 17, 8],
			"shade": false,
			"rotation": {"angle": -22.5, "axis": "y", "origin": [8, 17, 8]},
			"faces": {
				"east": {"uv": [0, 0, 16, 16], "rotation": 270, "texture": "#1", "tintindex": 0},
				"west": {"uv": [0, 16, 16, 0], "rotation": 270, "texture": "#1", "tintindex": 0}
			}
		},
		{
			"from": [-2, 11, -6],
			"to": [20, 11, 16],
			"shade": false,
			"rotation": {"angle": 22.5, "axis": "x", "origin": [8, 17, 8]},
			"faces": {
				"up": {"uv": [0, 0, 16, 16], "texture": "#1", "tintindex": 0},
				"down": {"uv": [0, 16, 16, 0], "texture": "#1", "tintindex": 0}
			}
		},
		{
			"from": [-1, 7, 2],
			"to": [21, 7, 24],
			"shade": false,
			"rotation": {"angle": -45, "axis": "x", "origin": [8, 17, 8]},
			"faces": {
				"up": {"uv": [0, 0, 16, 16], "rotation": 180, "texture": "#1", "tintindex": 0},
				"down": {"uv": [0, 16, 16, 0], "rotation": 180, "texture": "#1", "tintindex": 0}
			}
		}
	],
	"display": {
		"thirdperson_righthand": {
			"rotation": [75, 45, 0],
			"translation": [0, 2.5, 0],
			"scale": [0.375, 0.375, 0.375]
		},
		"firstperson_righthand": {
			"rotation": [0, 45, 0],
			"scale": [0.4, 0.4, 0.4]
		},
		"firstperson_lefthand": {
			"rotation": [0, 225, 0],
			"scale": [0.4, 0.4, 0.4]
		},
		"ground": {
			"translation": [0, 3, 0],
			"scale": [0.25, 0.25, 0.25]
		},
		"gui": {
			"rotation": [30, 225, 0],
			"scale": [0.625, 0.625, 0.625]
		}
	}
}