{
	"credit": "Made with Blockbench",
	"parent": "minecraft:block/cube_column",
	"textures": {
		"2": "block/melon_pumpkin",
		"end": "block/melon_top",
		"particle": "block/melon_pumpkin",
		"side": "block/melon_side"
	},
	"elements": [
		{
			"from": [0, 0, 0],
			"to": [16, 16, 16],
			"faces": {
				"north": {"uv": [0, 0, 16, 16], "texture": "#side"},
				"east": {"uv": [0, 0, 16, 16], "texture": "#side"},
				"south": {"uv": [0, 0, 16, 16], "texture": "#side"},
				"west": {"uv": [0, 0, 16, 16], "texture": "#side"},
				"up": {"uv": [0, 0, 16, 16], "texture": "#end"},
				"down": {"uv": [0, 0, 16, 16], "texture": "#missing"}
			}
		},
		{
			"from": [7.45, 11, 13.225],
			"to": [8.45, 13.95, 14.225],
			"rotation": {"angle": -22.5, "axis": "x", "origin": [0, 0, 0.4]},
			"faces": {
				"north": {"uv": [1.17188, 1.70313, 6.03125, 5.21875], "texture": "#2"},
				"east": {"uv": [1.17188, 1.70313, 6.03125, 5.21875], "texture": "#2"},
				"south": {"uv": [1.17188, 1.70313, 6.03125, 5.21875], "texture": "#2"},
				"west": {"uv": [1.17188, 1.70313, 6.03125, 5.21875], "texture": "#2"},
				"up": {"uv": [1.17188, 1.70313, 6.03125, 5.21875], "texture": "#2"},
				"down": {"uv": [1.17188, 1.70313, 6.03125, 5.21875], "texture": "#2"}
			}
		},
		{
			"from": [9.8, 15.375, 0.525],
			"to": [14.3, 19.95, 0.525],
			"rotation": {"angle": -45, "axis": "y", "origin": [0, 0, 0.4]},
			"faces": {
				"north": {"uv": [9.0625, 1.125, 14.89063, 6.59375], "rotation": 270, "texture": "#2"},
				"east": {"uv": [9.0625, 1.125, 14.89063, 6.59375], "rotation": 270, "texture": "#2"},
				"south": {"uv": [14.89063, 1.125, 9.0625, 6.59375], "rotation": 90, "texture": "#2"},
				"west": {"uv": [9.0625, 1.125, 14.89063, 6.59375], "rotation": 270, "texture": "#2"},
				"up": {"uv": [9.0625, 1.125, 14.89063, 6.59375], "rotation": 90, "texture": "#2"},
				"down": {"uv": [9.0625, 1.125, 14.89063, 6.59375], "rotation": 90, "texture": "#2"}
			}
		},
		{
			"from": [6.4, 11.675, 13.7],
			"to": [10.9, 11.675, 18.275],
			"rotation": {"angle": -22.5, "axis": "x", "origin": [0, 0, 0.4]},
			"faces": {
				"north": {"uv": [9.0625, 1.125, 14.89063, 6.59375], "rotation": 270, "texture": "#2"},
				"east": {"uv": [9.0625, 1.125, 14.89063, 6.59375], "rotation": 180, "texture": "#2"},
				"south": {"uv": [9.0625, 1.125, 14.89063, 6.59375], "rotation": 90, "texture": "#2"},
				"west": {"uv": [9.0625, 1.125, 14.89063, 6.59375], "texture": "#2"},
				"up": {"uv": [9.0625, 1.125, 14.89063, 6.59375], "rotation": 90, "texture": "#2"},
				"down": {"uv": [14.89063, 1.125, 9.0625, 6.59375], "rotation": 90, "texture": "#2"}
			}
		}
	]
}