{
	"credit": "Made with Blockbench",
	"parent": "minecraft:block/rail_flat",
	"textures": {
		"0": "block/rail_flat",
		"particle": "block/rail_flat"
	},
	"elements": [
		{
			"from": [1, 0, 1],
			"to": [15, 0.75, 3],
			"rotation": {"angle": 0, "axis": "x", "origin": [0, 6, 0]},
			"faces": {
				"north": {"uv": [0, 0, 1, 14], "rotation": 90, "texture": "#0"},
				"east": {"uv": [0, 0, 1, 14], "rotation": 90, "texture": "#0"},
				"south": {"uv": [0, 0, 1, 14], "rotation": 90, "texture": "#0"},
				"west": {"uv": [0, 0, 1, 14], "rotation": 90, "texture": "#0"},
				"up": {"uv": [0, 0, 1, 14], "rotation": 90, "texture": "#0"},
				"down": {"uv": [0, 0, 1, 14], "rotation": 90, "texture": "#0"}
			}
		},
		{
			"from": [1, 0, 5],
			"to": [15, 0.75, 7],
			"rotation": {"angle": 0, "axis": "x", "origin": [0, 6, 0]},
			"faces": {
				"north": {"uv": [0, 0, 2, 14], "rotation": 90, "texture": "#0"},
				"east": {"uv": [0, 0, 2, 14], "rotation": 90, "texture": "#0"},
				"south": {"uv": [0, 0, 2, 14], "rotation": 90, "texture": "#0"},
				"west": {"uv": [0, 0, 2, 14], "rotation": 90, "texture": "#0"},
				"up": {"uv": [0, 0, 2, 14], "rotation": 90, "texture": "#0"},
				"down": {"uv": [0, 0, 2, 14], "rotation": 90, "texture": "#0"}
			}
		},
		{
			"from": [1, 0, 9],
			"to": [15, 0.75, 11],
			"rotation": {"angle": 0, "axis": "x", "origin": [0, 6, 0]},
			"faces": {
				"north": {"uv": [0, 0, 2, 14], "rotation": 90, "texture": "#0"},
				"east": {"uv": [0, 0, 2, 14], "rotation": 90, "texture": "#0"},
				"south": {"uv": [0, 0, 2, 14], "rotation": 90, "texture": "#0"},
				"west": {"uv": [0, 0, 2, 14], "rotation": 90, "texture": "#0"},
				"up": {"uv": [0, 0, 2, 14], "rotation": 90, "texture": "#0"},
				"down": {"uv": [0, 0, 2, 14], "rotation": 90, "texture": "#0"}
			}
		},
		{
			"from": [1, 0, 13],
			"to": [15, 0.75, 15],
			"rotation": {"angle": 0, "axis": "x", "origin": [0, 6, 0]},
			"faces": {
				"north": {"uv": [0, 0, 2, 14], "rotation": 90, "texture": "#0"},
				"east": {"uv": [0, 0, 2, 14], "rotation": 90, "texture": "#0"},
				"south": {"uv": [0, 0, 2, 14], "rotation": 90, "texture": "#0"},
				"west": {"uv": [0, 0, 2, 14], "rotation": 90, "texture": "#0"},
				"up": {"uv": [0, 0, 2, 14], "rotation": 90, "texture": "#0"},
				"down": {"uv": [0, 0, 2, 14], "rotation": 90, "texture": "#0"}
			}
		},
		{
			"from": [13.75, 0.7, 2.25],
			"to": [14, 0.95, 2.5],
			"rotation": {"angle": 45, "axis": "y", "origin": [13.875, 1.05, 2.375]},
			"faces": {
				"north": {"uv": [12.70313, 1.44531, 12.95313, 1.69531], "rotation": 180, "texture": "#0"},
				"east": {"uv": [12.70313, 1.44531, 12.95313, 1.69531], "rotation": 180, "texture": "#0"},
				"south": {"uv": [12.70313, 1.44531, 12.95313, 1.69531], "rotation": 180, "texture": "#0"},
				"west": {"uv": [12.70313, 1.44531, 12.95313, 1.69531], "rotation": 180, "texture": "#0"},
				"up": {"uv": [12.70313, 1.44531, 12.95313, 1.69531], "rotation": 180, "texture": "#0"},
				"down": {"uv": [12.70313, 1.44531, 12.95313, 1.69531], "rotation": 180, "texture": "#0"}
			}
		},
		{
			"from": [11.25, 0.55, 1.25],
			"to": [14.25, 0.8, 2.75],
			"rotation": {"angle": 0, "axis": "y", "origin": [0, 6, 0]},
			"faces": {
				"north": {"uv": [12.67969, 0.64844, 15.67969, 2.14844], "rotation": 180, "texture": "#0"},
				"east": {"uv": [12.67969, 0.64844, 15.67969, 2.14844], "rotation": 180, "texture": "#0"},
				"south": {"uv": [12.67969, 0.64844, 15.67969, 2.14844], "rotation": 180, "texture": "#0"},
				"west": {"uv": [12.67969, 0.64844, 15.67969, 2.14844], "rotation": 180, "texture": "#0"},
				"up": {"uv": [12.67969, 0.64844, 15.67969, 2.14844], "rotation": 180, "texture": "#0"},
				"down": {"uv": [12.67969, 0.64844, 15.67969, 2.14844], "rotation": 180, "texture": "#0"}
			}
		},
		{
			"from": [2.5, 0.725, 0],
			"to": [4, 0.85, 16],
			"rotation": {"angle": 0, "axis": "y", "origin": [-9.5, 6, 0]},
			"faces": {
				"north": {"uv": [14, 0, 16, 16], "rotation": 180, "texture": "#0"},
				"east": {"uv": [14, 0, 16, 16], "rotation": 180, "texture": "#0"},
				"south": {"uv": [14, 0, 16, 16], "rotation": 180, "texture": "#0"},
				"west": {"uv": [14, 0, 16, 16], "rotation": 180, "texture": "#0"},
				"up": {"uv": [14, 0, 16, 16], "rotation": 180, "texture": "#0"},
				"down": {"uv": [14, 0, 16, 16], "rotation": 180, "texture": "#0"}
			}
		},
		{
			"from": [2.61194, 0.85866, 0],
			"to": [3.23694, 0.98366, 16],
			"rotation": {"angle": 22.5, "axis": "z", "origin": [3, 1, 7.75]},
			"faces": {
				"north": {"uv": [14, 0, 16, 16], "rotation": 180, "texture": "#0"},
				"east": {"uv": [14, 0, 16, 16], "rotation": 180, "texture": "#0"},
				"south": {"uv": [14, 0, 16, 16], "rotation": 180, "texture": "#0"},
				"west": {"uv": [14, 0, 16, 16], "rotation": 180, "texture": "#0"},
				"up": {"uv": [14, 0, 16, 16], "rotation": 180, "texture": "#0"},
				"down": {"uv": [14, 0, 16, 16], "rotation": 180, "texture": "#0"}
			}
		},
		{
			"from": [3.275, 0.85, 0],
			"to": [3.9, 1, 16],
			"rotation": {"angle": -22.5, "axis": "z", "origin": [3.5, 1, 0]},
			"faces": {
				"north": {"uv": [14, 0, 16, 16], "rotation": 180, "texture": "#0"},
				"east": {"uv": [14, 0, 16, 16], "rotation": 180, "texture": "#0"},
				"south": {"uv": [14, 0, 16, 16], "rotation": 180, "texture": "#0"},
				"west": {"uv": [14, 0, 16, 16], "rotation": 180, "texture": "#0"},
				"up": {"uv": [14, 0, 16, 16], "rotation": 180, "texture": "#0"},
				"down": {"uv": [14, 0, 16, 16], "rotation": 180, "texture": "#0"}
			}
		},
		{
			"from": [3, 0.85, 0],
			"to": [3.5, 1.35, 16],
			"rotation": {"angle": 0, "axis": "y", "origin": [-9.5, 6, 0]},
			"faces": {
				"north": {"uv": [14, 0, 16, 16], "rotation": 180, "texture": "#0"},
				"east": {"uv": [14, 0, 16, 16], "rotation": 180, "texture": "#0"},
				"south": {"uv": [14, 0, 16, 16], "rotation": 180, "texture": "#0"},
				"west": {"uv": [14, 0, 16, 16], "rotation": 180, "texture": "#0"},
				"up": {"uv": [14, 0, 16, 16], "rotation": 180, "texture": "#0"},
				"down": {"uv": [14, 0, 16, 16], "rotation": 180, "texture": "#0"}
			}
		},
		{
			"from": [3.14, 1.375, 0],
			"to": [3.265, 1.5, 16],
			"rotation": {"angle": -45, "axis": "z", "origin": [3.675, 2.15, 8]},
			"faces": {
				"north": {"uv": [14, 0, 16, 16], "rotation": 180, "texture": "#0"},
				"east": {"uv": [14, 0, 16, 16], "rotation": 180, "texture": "#0"},
				"south": {"uv": [14, 0, 16, 16], "rotation": 180, "texture": "#0"},
				"west": {"uv": [13.51563, 7.57031, 13.78125, 16], "rotation": 180, "texture": "#0"},
				"up": {"uv": [14, 0, 16, 16], "rotation": 180, "texture": "#0"},
				"down": {"uv": [14, 0, 16, 16], "rotation": 180, "texture": "#0"}
			}
		},
		{
			"from": [2.838, 1.963, 0],
			"to": [3.651, 2.068, 16],
			"rotation": {"angle": 0, "axis": "y", "origin": [-9.5, 6, 0]},
			"faces": {
				"north": {"uv": [14, 0, 16, 16], "rotation": 180, "texture": "#0"},
				"east": {"uv": [14, 0, 16, 16], "rotation": 180, "texture": "#0"},
				"south": {"uv": [14, 0, 16, 16], "rotation": 180, "texture": "#0"},
				"west": {"uv": [14, 0, 16, 16], "rotation": 180, "texture": "#0"},
				"up": {"uv": [13.24219, 7.32813, 13.64063, 16], "rotation": 180, "texture": "#0"},
				"down": {"uv": [14, 0, 16, 16], "rotation": 180, "texture": "#0"}
			}
		},
		{
			"from": [3.3423, 2.49978, 0],
			"to": [3.4673, 2.62478, 16],
			"rotation": {"angle": -45, "axis": "z", "origin": [2.825, 1.975, 8]},
			"faces": {
				"north": {"uv": [13.07422, 8.50781, 13.35547, 16], "rotation": 180, "texture": "#0"},
				"east": {"uv": [13.07422, 8.50781, 13.35547, 16], "rotation": 180, "texture": "#0"},
				"south": {"uv": [13.07422, 8.50781, 13.35547, 16], "rotation": 180, "texture": "#0"},
				"west": {"uv": [13.07422, 8.50781, 13.35547, 16], "rotation": 180, "texture": "#0"},
				"up": {"uv": [13.07422, 8.50781, 13.35547, 16], "rotation": 180, "texture": "#0"},
				"down": {"uv": [13.07422, 8.50781, 13.35547, 16], "rotation": 180, "texture": "#0"}
			}
		},
		{
			"from": [2.75, 1.325, 0],
			"to": [3.738, 1.98, 16],
			"rotation": {"angle": 0, "axis": "y", "origin": [-9.5, 6, 0]},
			"faces": {
				"north": {"uv": [14.20313, 7.42188, 15.61719, 16], "rotation": 180, "texture": "#0"},
				"east": {"uv": [14.20313, 7.42188, 15.61719, 16], "rotation": 180, "texture": "#0"},
				"south": {"uv": [14.20313, 7.42188, 15.61719, 16], "rotation": 180, "texture": "#0"},
				"west": {"uv": [14.20313, 7.42188, 15.61719, 16], "rotation": 180, "texture": "#0"},
				"up": {"uv": [14.20313, 7.42188, 15.61719, 16], "rotation": 180, "texture": "#0"},
				"down": {"uv": [14.20313, 7.42188, 15.61719, 16], "rotation": 180, "texture": "#0"}
			}
		},
		{
			"from": [3.14, 0.725, 0],
			"to": [3.265, 0.85, 16],
			"rotation": {"angle": -45, "axis": "z", "origin": [3.675, 1.5, 8]},
			"faces": {
				"north": {"uv": [14, 0, 16, 16], "rotation": 180, "texture": "#0"},
				"east": {"uv": [14, 0, 16, 16], "rotation": 180, "texture": "#0"},
				"south": {"uv": [14, 0, 16, 16], "rotation": 180, "texture": "#0"},
				"west": {"uv": [14, 0, 16, 16], "rotation": 180, "texture": "#0"},
				"up": {"uv": [14, 0, 16, 16], "rotation": 180, "texture": "#0"},
				"down": {"uv": [14, 0, 16, 16], "rotation": 180, "texture": "#0"}
			}
		},
		{
			"from": [2.838, 1.243, 0],
			"to": [3.651, 1.348, 16],
			"rotation": {"angle": 0, "axis": "y", "origin": [-9.5, 5.35, 0]},
			"faces": {
				"north": {"uv": [14, 0, 16, 16], "rotation": 180, "texture": "#0"},
				"east": {"uv": [14, 0, 16, 16], "rotation": 180, "texture": "#0"},
				"south": {"uv": [14, 0, 16, 16], "rotation": 180, "texture": "#0"},
				"west": {"uv": [14, 0, 16, 16], "rotation": 180, "texture": "#0"},
				"up": {"uv": [14, 0, 16, 16], "rotation": 180, "texture": "#0"},
				"down": {"uv": [14, 0, 16, 16], "rotation": 180, "texture": "#0"}
			}
		},
		{
			"from": [3.3423, 1.84978, 0],
			"to": [3.4673, 1.97478, 16],
			"rotation": {"angle": -45, "axis": "z", "origin": [2.825, 1.325, 8]},
			"faces": {
				"north": {"uv": [14, 0, 16, 16], "rotation": 180, "texture": "#0"},
				"east": {"uv": [14, 0, 16, 16], "rotation": 180, "texture": "#0"},
				"south": {"uv": [14, 0, 16, 16], "rotation": 180, "texture": "#0"},
				"west": {"uv": [14, 0, 16, 16], "rotation": 180, "texture": "#0"},
				"up": {"uv": [14, 0, 16, 16], "rotation": 180, "texture": "#0"},
				"down": {"uv": [14, 0, 16, 16], "rotation": 180, "texture": "#0"}
			}
		},
		{
			"from": [1.75, 0.55, 13.25],
			"to": [4.75, 0.8, 14.75],
			"rotation": {"angle": 0, "axis": "y", "origin": [-9.5, 6, 12]},
			"faces": {
				"north": {"uv": [12.67969, 0.64844, 15.67969, 2.14844], "rotation": 180, "texture": "#0"},
				"east": {"uv": [12.67969, 0.64844, 15.67969, 2.14844], "rotation": 180, "texture": "#0"},
				"south": {"uv": [12.67969, 0.64844, 15.67969, 2.14844], "rotation": 180, "texture": "#0"},
				"west": {"uv": [12.67969, 0.64844, 15.67969, 2.14844], "rotation": 180, "texture": "#0"},
				"up": {"uv": [12.67969, 0.64844, 15.67969, 2.14844], "rotation": 180, "texture": "#0"},
				"down": {"uv": [12.67969, 0.64844, 15.67969, 2.14844], "rotation": 180, "texture": "#0"}
			}
		},
		{
			"from": [2, 0.7, 13.5],
			"to": [2.25, 0.95, 13.75],
			"rotation": {"angle": 0, "axis": "y", "origin": [-9.5, 6, 12]},
			"faces": {
				"north": {"uv": [12.73438, 0.85156, 12.98438, 1.10156], "rotation": 180, "texture": "#0"},
				"east": {"uv": [12.73438, 0.85156, 12.98438, 1.10156], "rotation": 180, "texture": "#0"},
				"south": {"uv": [12.73438, 0.85156, 12.98438, 1.10156], "rotation": 180, "texture": "#0"},
				"west": {"uv": [12.73438, 0.85156, 12.98438, 1.10156], "rotation": 180, "texture": "#0"},
				"up": {"uv": [12.73438, 0.85156, 12.98438, 1.10156], "rotation": 180, "texture": "#0"},
				"down": {"uv": [12.73438, 0.85156, 12.98438, 1.10156], "rotation": 180, "texture": "#0"}
			}
		},
		{
			"from": [4.25, 0.7, 13.5],
			"to": [4.5, 0.95, 13.75],
			"rotation": {"angle": 0, "axis": "y", "origin": [-9.5, 6, 12]},
			"faces": {
				"north": {"uv": [12.67969, 1.14844, 12.92969, 1.39844], "rotation": 180, "texture": "#0"},
				"east": {"uv": [12.67969, 1.14844, 12.92969, 1.39844], "rotation": 180, "texture": "#0"},
				"south": {"uv": [12.67969, 1.14844, 12.92969, 1.39844], "rotation": 180, "texture": "#0"},
				"west": {"uv": [12.67969, 1.14844, 12.92969, 1.39844], "rotation": 180, "texture": "#0"},
				"up": {"uv": [12.67969, 1.14844, 12.92969, 1.39844], "rotation": 180, "texture": "#0"},
				"down": {"uv": [12.67969, 1.14844, 12.92969, 1.39844], "rotation": 180, "texture": "#0"}
			}
		},
		{
			"from": [4.25, 0.7, 14.25],
			"to": [4.5, 0.95, 14.5],
			"rotation": {"angle": 0, "axis": "y", "origin": [-9.5, 6, 12]},
			"faces": {
				"north": {"uv": [12.67969, 1.14844, 12.92969, 1.39844], "rotation": 180, "texture": "#0"},
				"east": {"uv": [12.67969, 1.14844, 12.92969, 1.39844], "rotation": 180, "texture": "#0"},
				"south": {"uv": [12.67969, 1.14844, 12.92969, 1.39844], "rotation": 180, "texture": "#0"},
				"west": {"uv": [12.67969, 1.14844, 12.92969, 1.39844], "rotation": 180, "texture": "#0"},
				"up": {"uv": [12.67969, 1.14844, 12.92969, 1.39844], "rotation": 180, "texture": "#0"},
				"down": {"uv": [12.67969, 1.14844, 12.92969, 1.39844], "rotation": 180, "texture": "#0"}
			}
		},
		{
			"from": [2, 0.7, 14.25],
			"to": [2.25, 0.95, 14.5],
			"rotation": {"angle": 0, "axis": "y", "origin": [-9.5, 6, 12]},
			"faces": {
				"north": {"uv": [12.73438, 0.85156, 12.98438, 1.10156], "rotation": 180, "texture": "#0"},
				"east": {"uv": [12.73438, 0.85156, 12.98438, 1.10156], "rotation": 180, "texture": "#0"},
				"south": {"uv": [12.73438, 0.85156, 12.98438, 1.10156], "rotation": 180, "texture": "#0"},
				"west": {"uv": [12.73438, 0.85156, 12.98438, 1.10156], "rotation": 180, "texture": "#0"},
				"up": {"uv": [12.73438, 0.85156, 12.98438, 1.10156], "rotation": 180, "texture": "#0"},
				"down": {"uv": [12.73438, 0.85156, 12.98438, 1.10156], "rotation": 180, "texture": "#0"}
			}
		},
		{
			"from": [2, 0.7, 14.25],
			"to": [2.25, 0.95, 14.5],
			"rotation": {"angle": -45, "axis": "y", "origin": [2.125, 1.05, 14.375]},
			"faces": {
				"north": {"uv": [12.73438, 0.85156, 12.98438, 1.10156], "rotation": 180, "texture": "#0"},
				"east": {"uv": [12.73438, 0.85156, 12.98438, 1.10156], "rotation": 180, "texture": "#0"},
				"south": {"uv": [12.73438, 0.85156, 12.98438, 1.10156], "rotation": 180, "texture": "#0"},
				"west": {"uv": [12.73438, 0.85156, 12.98438, 1.10156], "rotation": 180, "texture": "#0"},
				"up": {"uv": [12.73438, 0.85156, 12.98438, 1.10156], "rotation": 180, "texture": "#0"},
				"down": {"uv": [12.73438, 0.85156, 12.98438, 1.10156], "rotation": 180, "texture": "#0"}
			}
		},
		{
			"from": [4.25, 0.7, 14.25],
			"to": [4.5, 0.95, 14.5],
			"rotation": {"angle": 45, "axis": "y", "origin": [4.375, 1.05, 14.375]},
			"faces": {
				"north": {"uv": [12.67969, 1.14844, 12.92969, 1.39844], "rotation": 180, "texture": "#0"},
				"east": {"uv": [12.67969, 1.14844, 12.92969, 1.39844], "rotation": 180, "texture": "#0"},
				"south": {"uv": [12.67969, 1.14844, 12.92969, 1.39844], "rotation": 180, "texture": "#0"},
				"west": {"uv": [12.67969, 1.14844, 12.92969, 1.39844], "rotation": 180, "texture": "#0"},
				"up": {"uv": [12.67969, 1.14844, 12.92969, 1.39844], "rotation": 180, "texture": "#0"},
				"down": {"uv": [12.67969, 1.14844, 12.92969, 1.39844], "rotation": 180, "texture": "#0"}
			}
		},
		{
			"from": [4.25, 0.7, 13.5],
			"to": [4.5, 0.95, 13.75],
			"rotation": {"angle": 45, "axis": "y", "origin": [4.375, 1.05, 13.625]},
			"faces": {
				"north": {"uv": [12.67969, 1.14844, 12.92969, 1.39844], "rotation": 180, "texture": "#0"},
				"east": {"uv": [12.67969, 1.14844, 12.92969, 1.39844], "rotation": 180, "texture": "#0"},
				"south": {"uv": [12.67969, 1.14844, 12.92969, 1.39844], "rotation": 180, "texture": "#0"},
				"west": {"uv": [12.67969, 1.14844, 12.92969, 1.39844], "rotation": 180, "texture": "#0"},
				"up": {"uv": [12.67969, 1.14844, 12.92969, 1.39844], "rotation": 180, "texture": "#0"},
				"down": {"uv": [12.67969, 1.14844, 12.92969, 1.39844], "rotation": 180, "texture": "#0"}
			}
		},
		{
			"from": [2, 0.7, 13.5],
			"to": [2.25, 0.95, 13.75],
			"rotation": {"angle": -45, "axis": "y", "origin": [2.125, 1.05, 13.625]},
			"faces": {
				"north": {"uv": [12.73438, 0.85156, 12.98438, 1.10156], "rotation": 180, "texture": "#0"},
				"east": {"uv": [12.73438, 0.85156, 12.98438, 1.10156], "rotation": 180, "texture": "#0"},
				"south": {"uv": [12.73438, 0.85156, 12.98438, 1.10156], "rotation": 180, "texture": "#0"},
				"west": {"uv": [12.73438, 0.85156, 12.98438, 1.10156], "rotation": 180, "texture": "#0"},
				"up": {"uv": [12.73438, 0.85156, 12.98438, 1.10156], "rotation": 180, "texture": "#0"},
				"down": {"uv": [12.73438, 0.85156, 12.98438, 1.10156], "rotation": 180, "texture": "#0"}
			}
		},
		{
			"from": [1.75, 0.55, 9.25],
			"to": [4.75, 0.8, 10.75],
			"rotation": {"angle": 0, "axis": "y", "origin": [-9.5, 6, 8]},
			"faces": {
				"north": {"uv": [12.75781, 0.30469, 15.75781, 1.80469], "rotation": 180, "texture": "#0"},
				"east": {"uv": [12.75781, 0.30469, 15.75781, 1.80469], "rotation": 180, "texture": "#0"},
				"south": {"uv": [12.75781, 0.30469, 15.75781, 1.80469], "rotation": 180, "texture": "#0"},
				"west": {"uv": [12.75781, 0.30469, 15.75781, 1.80469], "rotation": 180, "texture": "#0"},
				"up": {"uv": [12.75781, 0.30469, 15.75781, 1.80469], "rotation": 180, "texture": "#0"},
				"down": {"uv": [12.75781, 0.30469, 15.75781, 1.80469], "rotation": 180, "texture": "#0"}
			}
		},
		{
			"from": [2, 0.7, 9.5],
			"to": [2.25, 0.95, 9.75],
			"rotation": {"angle": 0, "axis": "y", "origin": [-9.5, 6, 8]},
			"faces": {
				"north": {"uv": [12.70313, 1.36719, 12.95313, 1.61719], "rotation": 180, "texture": "#0"},
				"east": {"uv": [12.70313, 1.36719, 12.95313, 1.61719], "rotation": 180, "texture": "#0"},
				"south": {"uv": [12.70313, 1.36719, 12.95313, 1.61719], "rotation": 180, "texture": "#0"},
				"west": {"uv": [12.70313, 1.36719, 12.95313, 1.61719], "rotation": 180, "texture": "#0"},
				"up": {"uv": [12.70313, 1.36719, 12.95313, 1.61719], "rotation": 180, "texture": "#0"},
				"down": {"uv": [12.70313, 1.36719, 12.95313, 1.61719], "rotation": 180, "texture": "#0"}
			}
		},
		{
			"from": [4.25, 0.7, 9.5],
			"to": [4.5, 0.95, 9.75],
			"rotation": {"angle": 0, "axis": "y", "origin": [-9.5, 6, 8]},
			"faces": {
				"north": {"uv": [12.67969, 1.14844, 12.92969, 1.39844], "rotation": 180, "texture": "#0"},
				"east": {"uv": [12.67969, 1.14844, 12.92969, 1.39844], "rotation": 180, "texture": "#0"},
				"south": {"uv": [12.67969, 1.14844, 12.92969, 1.39844], "rotation": 180, "texture": "#0"},
				"west": {"uv": [12.67969, 1.14844, 12.92969, 1.39844], "rotation": 180, "texture": "#0"},
				"up": {"uv": [12.67969, 1.14844, 12.92969, 1.39844], "rotation": 180, "texture": "#0"},
				"down": {"uv": [12.67969, 1.14844, 12.92969, 1.39844], "rotation": 180, "texture": "#0"}
			}
		},
		{
			"from": [4.25, 0.7, 10.25],
			"to": [4.5, 0.95, 10.5],
			"rotation": {"angle": 0, "axis": "y", "origin": [-9.5, 6, 8]},
			"faces": {
				"north": {"uv": [12.67969, 1.14844, 12.92969, 1.39844], "rotation": 180, "texture": "#0"},
				"east": {"uv": [12.67969, 1.14844, 12.92969, 1.39844], "rotation": 180, "texture": "#0"},
				"south": {"uv": [12.67969, 1.14844, 12.92969, 1.39844], "rotation": 180, "texture": "#0"},
				"west": {"uv": [12.67969, 1.14844, 12.92969, 1.39844], "rotation": 180, "texture": "#0"},
				"up": {"uv": [12.67969, 1.14844, 12.92969, 1.39844], "rotation": 180, "texture": "#0"},
				"down": {"uv": [12.67969, 1.14844, 12.92969, 1.39844], "rotation": 180, "texture": "#0"}
			}
		},
		{
			"from": [2, 0.7, 10.25],
			"to": [2.25, 0.95, 10.5],
			"rotation": {"angle": 0, "axis": "y", "origin": [-9.5, 6, 8]},
			"faces": {
				"north": {"uv": [12.70313, 1.36719, 12.95313, 1.61719], "rotation": 180, "texture": "#0"},
				"east": {"uv": [12.70313, 1.36719, 12.95313, 1.61719], "rotation": 180, "texture": "#0"},
				"south": {"uv": [12.70313, 1.36719, 12.95313, 1.61719], "rotation": 180, "texture": "#0"},
				"west": {"uv": [12.70313, 1.36719, 12.95313, 1.61719], "rotation": 180, "texture": "#0"},
				"up": {"uv": [12.70313, 1.36719, 12.95313, 1.61719], "rotation": 180, "texture": "#0"},
				"down": {"uv": [12.70313, 1.36719, 12.95313, 1.61719], "rotation": 180, "texture": "#0"}
			}
		},
		{
			"from": [2, 0.7, 10.25],
			"to": [2.25, 0.95, 10.5],
			"rotation": {"angle": -45, "axis": "y", "origin": [2.125, 1.05, 10.375]},
			"faces": {
				"north": {"uv": [12.70313, 1.36719, 12.95313, 1.61719], "rotation": 180, "texture": "#0"},
				"east": {"uv": [12.70313, 1.36719, 12.95313, 1.61719], "rotation": 180, "texture": "#0"},
				"south": {"uv": [12.70313, 1.36719, 12.95313, 1.61719], "rotation": 180, "texture": "#0"},
				"west": {"uv": [12.70313, 1.36719, 12.95313, 1.61719], "rotation": 180, "texture": "#0"},
				"up": {"uv": [12.70313, 1.36719, 12.95313, 1.61719], "rotation": 180, "texture": "#0"},
				"down": {"uv": [12.70313, 1.36719, 12.95313, 1.61719], "rotation": 180, "texture": "#0"}
			}
		},
		{
			"from": [4.25, 0.7, 10.25],
			"to": [4.5, 0.95, 10.5],
			"rotation": {"angle": 45, "axis": "y", "origin": [4.375, 1.05, 10.375]},
			"faces": {
				"north": {"uv": [12.67969, 1.14844, 12.92969, 1.39844], "rotation": 180, "texture": "#0"},
				"east": {"uv": [12.67969, 1.14844, 12.92969, 1.39844], "rotation": 180, "texture": "#0"},
				"south": {"uv": [12.67969, 1.14844, 12.92969, 1.39844], "rotation": 180, "texture": "#0"},
				"west": {"uv": [12.67969, 1.14844, 12.92969, 1.39844], "rotation": 180, "texture": "#0"},
				"up": {"uv": [12.67969, 1.14844, 12.92969, 1.39844], "rotation": 180, "texture": "#0"},
				"down": {"uv": [12.67969, 1.14844, 12.92969, 1.39844], "rotation": 180, "texture": "#0"}
			}
		},
		{
			"from": [4.25, 0.7, 9.5],
			"to": [4.5, 0.95, 9.75],
			"rotation": {"angle": 45, "axis": "y", "origin": [4.375, 1.05, 9.625]},
			"faces": {
				"north": {"uv": [12.67969, 1.14844, 12.92969, 1.39844], "rotation": 180, "texture": "#0"},
				"east": {"uv": [12.67969, 1.14844, 12.92969, 1.39844], "rotation": 180, "texture": "#0"},
				"south": {"uv": [12.67969, 1.14844, 12.92969, 1.39844], "rotation": 180, "texture": "#0"},
				"west": {"uv": [12.67969, 1.14844, 12.92969, 1.39844], "rotation": 180, "texture": "#0"},
				"up": {"uv": [12.67969, 1.14844, 12.92969, 1.39844], "rotation": 180, "texture": "#0"},
				"down": {"uv": [12.67969, 1.14844, 12.92969, 1.39844], "rotation": 180, "texture": "#0"}
			}
		},
		{
			"from": [2, 0.7, 9.5],
			"to": [2.25, 0.95, 9.75],
			"rotation": {"angle": -45, "axis": "y", "origin": [2.125, 1.05, 9.625]},
			"faces": {
				"north": {"uv": [12.70313, 1.36719, 12.95313, 1.61719], "rotation": 180, "texture": "#0"},
				"east": {"uv": [12.70313, 1.36719, 12.95313, 1.61719], "rotation": 180, "texture": "#0"},
				"south": {"uv": [12.70313, 1.36719, 12.95313, 1.61719], "rotation": 180, "texture": "#0"},
				"west": {"uv": [12.70313, 1.36719, 12.95313, 1.61719], "rotation": 180, "texture": "#0"},
				"up": {"uv": [12.70313, 1.36719, 12.95313, 1.61719], "rotation": 180, "texture": "#0"},
				"down": {"uv": [12.70313, 1.36719, 12.95313, 1.61719], "rotation": 180, "texture": "#0"}
			}
		},
		{
			"from": [1.75, 0.55, 5.25],
			"to": [4.75, 0.8, 6.75],
			"rotation": {"angle": 0, "axis": "y", "origin": [-9.5, 6, 4]},
			"faces": {
				"north": {"uv": [12.67969, 0.64844, 15.67969, 2.14844], "rotation": 180, "texture": "#0"},
				"east": {"uv": [12.67969, 0.64844, 15.67969, 2.14844], "rotation": 180, "texture": "#0"},
				"south": {"uv": [12.67969, 0.64844, 15.67969, 2.14844], "rotation": 180, "texture": "#0"},
				"west": {"uv": [12.67969, 0.64844, 15.67969, 2.14844], "rotation": 180, "texture": "#0"},
				"up": {"uv": [12.67969, 0.64844, 15.67969, 2.14844], "rotation": 180, "texture": "#0"},
				"down": {"uv": [12.67969, 0.64844, 15.67969, 2.14844], "rotation": 180, "texture": "#0"}
			}
		},
		{
			"from": [2, 0.7, 5.5],
			"to": [2.25, 0.95, 5.75],
			"rotation": {"angle": 0, "axis": "y", "origin": [-9.5, 6, 4]},
			"faces": {
				"north": {"uv": [12.70313, 1.36719, 12.95313, 1.61719], "rotation": 180, "texture": "#0"},
				"east": {"uv": [12.70313, 1.36719, 12.95313, 1.61719], "rotation": 180, "texture": "#0"},
				"south": {"uv": [12.70313, 1.36719, 12.95313, 1.61719], "rotation": 180, "texture": "#0"},
				"west": {"uv": [12.70313, 1.36719, 12.95313, 1.61719], "rotation": 180, "texture": "#0"},
				"up": {"uv": [12.70313, 1.36719, 12.95313, 1.61719], "rotation": 180, "texture": "#0"},
				"down": {"uv": [12.70313, 1.36719, 12.95313, 1.61719], "rotation": 180, "texture": "#0"}
			}
		},
		{
			"from": [4.25, 0.7, 5.5],
			"to": [4.5, 0.95, 5.75],
			"rotation": {"angle": 0, "axis": "y", "origin": [-9.5, 6, 4]},
			"faces": {
				"north": {"uv": [12.67969, 1.14844, 12.92969, 1.39844], "rotation": 180, "texture": "#0"},
				"east": {"uv": [12.67969, 1.14844, 12.92969, 1.39844], "rotation": 180, "texture": "#0"},
				"south": {"uv": [12.67969, 1.14844, 12.92969, 1.39844], "rotation": 180, "texture": "#0"},
				"west": {"uv": [12.67969, 1.14844, 12.92969, 1.39844], "rotation": 180, "texture": "#0"},
				"up": {"uv": [12.67969, 1.14844, 12.92969, 1.39844], "rotation": 180, "texture": "#0"},
				"down": {"uv": [12.67969, 1.14844, 12.92969, 1.39844], "rotation": 180, "texture": "#0"}
			}
		},
		{
			"from": [4.25, 0.7, 6.25],
			"to": [4.5, 0.95, 6.5],
			"rotation": {"angle": 0, "axis": "y", "origin": [-9.5, 6, 4]},
			"faces": {
				"north": {"uv": [12.67969, 1.14844, 12.92969, 1.39844], "rotation": 180, "texture": "#0"},
				"east": {"uv": [12.67969, 1.14844, 12.92969, 1.39844], "rotation": 180, "texture": "#0"},
				"south": {"uv": [12.67969, 1.14844, 12.92969, 1.39844], "rotation": 180, "texture": "#0"},
				"west": {"uv": [12.67969, 1.14844, 12.92969, 1.39844], "rotation": 180, "texture": "#0"},
				"up": {"uv": [12.67969, 1.14844, 12.92969, 1.39844], "rotation": 180, "texture": "#0"},
				"down": {"uv": [12.67969, 1.14844, 12.92969, 1.39844], "rotation": 180, "texture": "#0"}
			}
		},
		{
			"from": [2, 0.7, 6.25],
			"to": [2.25, 0.95, 6.5],
			"rotation": {"angle": 0, "axis": "y", "origin": [-9.5, 6, 4]},
			"faces": {
				"north": {"uv": [12.70313, 1.36719, 12.95313, 1.61719], "rotation": 180, "texture": "#0"},
				"east": {"uv": [12.70313, 1.36719, 12.95313, 1.61719], "rotation": 180, "texture": "#0"},
				"south": {"uv": [12.70313, 1.36719, 12.95313, 1.61719], "rotation": 180, "texture": "#0"},
				"west": {"uv": [12.70313, 1.36719, 12.95313, 1.61719], "rotation": 180, "texture": "#0"},
				"up": {"uv": [12.70313, 1.36719, 12.95313, 1.61719], "rotation": 180, "texture": "#0"},
				"down": {"uv": [12.70313, 1.36719, 12.95313, 1.61719], "rotation": 180, "texture": "#0"}
			}
		},
		{
			"from": [2, 0.7, 6.25],
			"to": [2.25, 0.95, 6.5],
			"rotation": {"angle": -45, "axis": "y", "origin": [2.125, 1.05, 6.375]},
			"faces": {
				"north": {"uv": [12.70313, 1.36719, 12.95313, 1.61719], "rotation": 180, "texture": "#0"},
				"east": {"uv": [12.70313, 1.36719, 12.95313, 1.61719], "rotation": 180, "texture": "#0"},
				"south": {"uv": [12.70313, 1.36719, 12.95313, 1.61719], "rotation": 180, "texture": "#0"},
				"west": {"uv": [12.70313, 1.36719, 12.95313, 1.61719], "rotation": 180, "texture": "#0"},
				"up": {"uv": [12.70313, 1.36719, 12.95313, 1.61719], "rotation": 180, "texture": "#0"},
				"down": {"uv": [12.70313, 1.36719, 12.95313, 1.61719], "rotation": 180, "texture": "#0"}
			}
		},
		{
			"from": [4.25, 0.7, 6.25],
			"to": [4.5, 0.95, 6.5],
			"rotation": {"angle": 45, "axis": "y", "origin": [4.375, 1.05, 6.375]},
			"faces": {
				"north": {"uv": [12.67969, 1.14844, 12.92969, 1.39844], "rotation": 180, "texture": "#0"},
				"east": {"uv": [12.67969, 1.14844, 12.92969, 1.39844], "rotation": 180, "texture": "#0"},
				"south": {"uv": [12.67969, 1.14844, 12.92969, 1.39844], "rotation": 180, "texture": "#0"},
				"west": {"uv": [12.67969, 1.14844, 12.92969, 1.39844], "rotation": 180, "texture": "#0"},
				"up": {"uv": [12.67969, 1.14844, 12.92969, 1.39844], "rotation": 180, "texture": "#0"},
				"down": {"uv": [12.67969, 1.14844, 12.92969, 1.39844], "rotation": 180, "texture": "#0"}
			}
		},
		{
			"from": [4.25, 0.7, 5.5],
			"to": [4.5, 0.95, 5.75],
			"rotation": {"angle": 45, "axis": "y", "origin": [4.375, 1.05, 5.625]},
			"faces": {
				"north": {"uv": [12.67969, 1.14844, 12.92969, 1.39844], "rotation": 180, "texture": "#0"},
				"east": {"uv": [12.67969, 1.14844, 12.92969, 1.39844], "rotation": 180, "texture": "#0"},
				"south": {"uv": [12.67969, 1.14844, 12.92969, 1.39844], "rotation": 180, "texture": "#0"},
				"west": {"uv": [12.67969, 1.14844, 12.92969, 1.39844], "rotation": 180, "texture": "#0"},
				"up": {"uv": [12.67969, 1.14844, 12.92969, 1.39844], "rotation": 180, "texture": "#0"},
				"down": {"uv": [12.67969, 1.14844, 12.92969, 1.39844], "rotation": 180, "texture": "#0"}
			}
		},
		{
			"from": [2, 0.7, 5.5],
			"to": [2.25, 0.95, 5.75],
			"rotation": {"angle": -45, "axis": "y", "origin": [2.125, 1.05, 5.625]},
			"faces": {
				"north": {"uv": [12.70313, 1.36719, 12.95313, 1.61719], "rotation": 180, "texture": "#0"},
				"east": {"uv": [12.70313, 1.36719, 12.95313, 1.61719], "rotation": 180, "texture": "#0"},
				"south": {"uv": [12.70313, 1.36719, 12.95313, 1.61719], "rotation": 180, "texture": "#0"},
				"west": {"uv": [12.70313, 1.36719, 12.95313, 1.61719], "rotation": 180, "texture": "#0"},
				"up": {"uv": [12.70313, 1.36719, 12.95313, 1.61719], "rotation": 180, "texture": "#0"},
				"down": {"uv": [12.70313, 1.36719, 12.95313, 1.61719], "rotation": 180, "texture": "#0"}
			}
		},
		{
			"from": [4.25, 0.7, 2.25],
			"to": [4.5, 0.95, 2.5],
			"rotation": {"angle": 45, "axis": "y", "origin": [4.375, 1.05, 2.375]},
			"faces": {
				"north": {"uv": [12.70313, 1.44531, 12.95313, 1.69531], "rotation": 180, "texture": "#0"},
				"east": {"uv": [12.70313, 1.44531, 12.95313, 1.69531], "rotation": 180, "texture": "#0"},
				"south": {"uv": [12.70313, 1.44531, 12.95313, 1.69531], "rotation": 180, "texture": "#0"},
				"west": {"uv": [12.70313, 1.44531, 12.95313, 1.69531], "rotation": 180, "texture": "#0"},
				"up": {"uv": [12.70313, 1.44531, 12.95313, 1.69531], "rotation": 180, "texture": "#0"},
				"down": {"uv": [12.70313, 1.44531, 12.95313, 1.69531], "rotation": 180, "texture": "#0"}
			}
		},
		{
			"from": [4.25, 0.7, 1.5],
			"to": [4.5, 0.95, 1.75],
			"rotation": {"angle": 45, "axis": "y", "origin": [4.375, 1.05, 1.625]},
			"faces": {
				"north": {"uv": [12.65625, 1.14844, 12.90625, 1.39844], "rotation": 180, "texture": "#0"},
				"east": {"uv": [12.67969, 1.14844, 12.92969, 1.39844], "rotation": 180, "texture": "#0"},
				"south": {"uv": [12.67969, 1.14844, 12.92969, 1.39844], "rotation": 180, "texture": "#0"},
				"west": {"uv": [12.67969, 1.14844, 12.92969, 1.39844], "rotation": 180, "texture": "#0"},
				"up": {"uv": [12.67969, 1.14844, 12.92969, 1.39844], "rotation": 180, "texture": "#0"},
				"down": {"uv": [12.67969, 1.14844, 12.92969, 1.39844], "rotation": 180, "texture": "#0"}
			}
		},
		{
			"from": [2, 0.7, 2.25],
			"to": [2.25, 0.95, 2.5],
			"rotation": {"angle": -45, "axis": "y", "origin": [2.125, 1.05, 2.375]},
			"faces": {
				"north": {"uv": [12.70313, 1.36719, 12.95313, 1.61719], "rotation": 180, "texture": "#0"},
				"east": {"uv": [12.70313, 1.36719, 12.95313, 1.61719], "rotation": 180, "texture": "#0"},
				"south": {"uv": [12.70313, 1.36719, 12.95313, 1.61719], "rotation": 180, "texture": "#0"},
				"west": {"uv": [12.70313, 1.36719, 12.95313, 1.61719], "rotation": 180, "texture": "#0"},
				"up": {"uv": [12.70313, 1.36719, 12.95313, 1.61719], "rotation": 180, "texture": "#0"},
				"down": {"uv": [12.70313, 1.36719, 12.95313, 1.61719], "rotation": 180, "texture": "#0"}
			}
		},
		{
			"from": [2, 0.7, 1.5],
			"to": [2.25, 0.95, 1.75],
			"rotation": {"angle": -45, "axis": "y", "origin": [2.125, 1.05, 1.625]},
			"faces": {
				"north": {"uv": [13.42188, 1.02344, 13.67188, 1.27344], "rotation": 180, "texture": "#0"},
				"east": {"uv": [13.42188, 1.02344, 13.67188, 1.27344], "rotation": 180, "texture": "#0"},
				"south": {"uv": [13.42188, 1.02344, 13.67188, 1.27344], "rotation": 180, "texture": "#0"},
				"west": {"uv": [13.42188, 1.02344, 13.67188, 1.27344], "rotation": 180, "texture": "#0"},
				"up": {"uv": [13.42188, 1.02344, 13.67188, 1.27344], "rotation": 180, "texture": "#0"},
				"down": {"uv": [13.42188, 1.02344, 13.67188, 1.27344], "rotation": 180, "texture": "#0"}
			}
		},
		{
			"from": [4.25, 0.7, 1.5],
			"to": [4.5, 0.95, 1.75],
			"rotation": {"angle": 0, "axis": "y", "origin": [-9.5, 6, 0]},
			"faces": {
				"north": {"uv": [12.73438, 1.34375, 12.98438, 1.59375], "rotation": 180, "texture": "#0"},
				"east": {"uv": [12.73438, 1.34375, 12.98438, 1.59375], "rotation": 180, "texture": "#0"},
				"south": {"uv": [12.73438, 1.34375, 12.98438, 1.59375], "rotation": 180, "texture": "#0"},
				"west": {"uv": [12.73438, 1.34375, 12.98438, 1.59375], "rotation": 180, "texture": "#0"},
				"up": {"uv": [12.73438, 1.34375, 12.98438, 1.59375], "rotation": 180, "texture": "#0"},
				"down": {"uv": [12.73438, 1.34375, 12.98438, 1.59375], "rotation": 180, "texture": "#0"}
			}
		},
		{
			"from": [4.25, 0.7, 2.25],
			"to": [4.5, 0.95, 2.5],
			"rotation": {"angle": 0, "axis": "y", "origin": [-9.5, 6, 0]},
			"faces": {
				"north": {"uv": [12.70313, 1.44531, 12.95313, 1.69531], "rotation": 180, "texture": "#0"},
				"east": {"uv": [12.70313, 1.44531, 12.95313, 1.69531], "rotation": 180, "texture": "#0"},
				"south": {"uv": [12.70313, 1.44531, 12.95313, 1.69531], "rotation": 180, "texture": "#0"},
				"west": {"uv": [12.70313, 1.44531, 12.95313, 1.69531], "rotation": 180, "texture": "#0"},
				"up": {"uv": [12.70313, 1.44531, 12.95313, 1.69531], "rotation": 180, "texture": "#0"},
				"down": {"uv": [12.70313, 1.44531, 12.95313, 1.69531], "rotation": 180, "texture": "#0"}
			}
		},
		{
			"from": [2, 0.7, 2.25],
			"to": [2.25, 0.95, 2.5],
			"rotation": {"angle": 0, "axis": "y", "origin": [-9.5, 6, 0]},
			"faces": {
				"north": {"uv": [12.70313, 1.36719, 12.95313, 1.61719], "rotation": 180, "texture": "#0"},
				"east": {"uv": [12.70313, 1.36719, 12.95313, 1.61719], "rotation": 180, "texture": "#0"},
				"south": {"uv": [12.70313, 1.36719, 12.95313, 1.61719], "rotation": 180, "texture": "#0"},
				"west": {"uv": [12.70313, 1.36719, 12.95313, 1.61719], "rotation": 180, "texture": "#0"},
				"up": {"uv": [12.70313, 1.36719, 12.95313, 1.61719], "rotation": 180, "texture": "#0"},
				"down": {"uv": [12.70313, 1.36719, 12.95313, 1.61719], "rotation": 180, "texture": "#0"}
			}
		},
		{
			"from": [2, 0.7, 1.5],
			"to": [2.25, 0.95, 1.75],
			"rotation": {"angle": 0, "axis": "y", "origin": [-9.5, 6, 0]},
			"faces": {
				"north": {"uv": [12.70313, 1.36719, 12.95313, 1.61719], "rotation": 180, "texture": "#0"},
				"east": {"uv": [12.70313, 1.36719, 12.95313, 1.61719], "rotation": 180, "texture": "#0"},
				"south": {"uv": [12.70313, 1.36719, 12.95313, 1.61719], "rotation": 180, "texture": "#0"},
				"west": {"uv": [12.70313, 1.36719, 12.95313, 1.61719], "rotation": 180, "texture": "#0"},
				"up": {"uv": [12.70313, 1.36719, 12.95313, 1.61719], "rotation": 180, "texture": "#0"},
				"down": {"uv": [12.70313, 1.36719, 12.95313, 1.61719], "rotation": 180, "texture": "#0"}
			}
		},
		{
			"from": [1.75, 0.55, 1.25],
			"to": [4.75, 0.8, 2.75],
			"rotation": {"angle": 0, "axis": "y", "origin": [-9.5, 6, 0]},
			"faces": {
				"north": {"uv": [12.67969, 0.64844, 15.67969, 2.14844], "rotation": 180, "texture": "#0"},
				"east": {"uv": [12.67969, 0.64844, 15.67969, 2.14844], "rotation": 180, "texture": "#0"},
				"south": {"uv": [12.67969, 0.64844, 15.67969, 2.14844], "rotation": 180, "texture": "#0"},
				"west": {"uv": [12.67969, 0.64844, 15.67969, 2.14844], "rotation": 180, "texture": "#0"},
				"up": {"uv": [12.67969, 0.64844, 15.67969, 2.14844], "rotation": 180, "texture": "#0"},
				"down": {"uv": [12.67969, 0.64844, 15.67969, 2.14844], "rotation": 180, "texture": "#0"}
			}
		},
		{
			"from": [13.75, 0.7, 1.5],
			"to": [14, 0.95, 1.75],
			"rotation": {"angle": 45, "axis": "y", "origin": [13.875, 1.05, 1.625]},
			"faces": {
				"north": {"uv": [12.65625, 1.14844, 12.90625, 1.39844], "rotation": 180, "texture": "#0"},
				"east": {"uv": [12.67969, 1.14844, 12.92969, 1.39844], "rotation": 180, "texture": "#0"},
				"south": {"uv": [12.67969, 1.14844, 12.92969, 1.39844], "rotation": 180, "texture": "#0"},
				"west": {"uv": [12.67969, 1.14844, 12.92969, 1.39844], "rotation": 180, "texture": "#0"},
				"up": {"uv": [12.67969, 1.14844, 12.92969, 1.39844], "rotation": 180, "texture": "#0"},
				"down": {"uv": [12.67969, 1.14844, 12.92969, 1.39844], "rotation": 180, "texture": "#0"}
			}
		},
		{
			"from": [11.5, 0.7, 1.5],
			"to": [11.75, 0.95, 1.75],
			"rotation": {"angle": 0, "axis": "y", "origin": [0, 6, 0]},
			"faces": {
				"north": {"uv": [12.70313, 1.36719, 12.95313, 1.61719], "rotation": 180, "texture": "#0"},
				"east": {"uv": [12.70313, 1.36719, 12.95313, 1.61719], "rotation": 180, "texture": "#0"},
				"south": {"uv": [12.70313, 1.36719, 12.95313, 1.61719], "rotation": 180, "texture": "#0"},
				"west": {"uv": [12.70313, 1.36719, 12.95313, 1.61719], "rotation": 180, "texture": "#0"},
				"up": {"uv": [12.70313, 1.36719, 12.95313, 1.61719], "rotation": 180, "texture": "#0"},
				"down": {"uv": [12.70313, 1.36719, 12.95313, 1.61719], "rotation": 180, "texture": "#0"}
			}
		},
		{
			"from": [11.5, 0.7, 1.5],
			"to": [11.75, 0.95, 1.75],
			"rotation": {"angle": -45, "axis": "y", "origin": [11.625, 1.05, 1.625]},
			"faces": {
				"north": {"uv": [13.42188, 1.02344, 13.67188, 1.27344], "rotation": 180, "texture": "#0"},
				"east": {"uv": [13.42188, 1.02344, 13.67188, 1.27344], "rotation": 180, "texture": "#0"},
				"south": {"uv": [13.42188, 1.02344, 13.67188, 1.27344], "rotation": 180, "texture": "#0"},
				"west": {"uv": [13.42188, 1.02344, 13.67188, 1.27344], "rotation": 180, "texture": "#0"},
				"up": {"uv": [13.42188, 1.02344, 13.67188, 1.27344], "rotation": 180, "texture": "#0"},
				"down": {"uv": [13.42188, 1.02344, 13.67188, 1.27344], "rotation": 180, "texture": "#0"}
			}
		},
		{
			"from": [11.25, 0.55, 5.25],
			"to": [14.25, 0.8, 6.75],
			"rotation": {"angle": 0, "axis": "y", "origin": [0, 6, 4]},
			"faces": {
				"north": {"uv": [12.67969, 0.64844, 15.67969, 2.14844], "rotation": 180, "texture": "#0"},
				"east": {"uv": [12.67969, 0.64844, 15.67969, 2.14844], "rotation": 180, "texture": "#0"},
				"south": {"uv": [12.67969, 0.64844, 15.67969, 2.14844], "rotation": 180, "texture": "#0"},
				"west": {"uv": [12.67969, 0.64844, 15.67969, 2.14844], "rotation": 180, "texture": "#0"},
				"up": {"uv": [12.67969, 0.64844, 15.67969, 2.14844], "rotation": 180, "texture": "#0"},
				"down": {"uv": [12.67969, 0.64844, 15.67969, 2.14844], "rotation": 180, "texture": "#0"}
			}
		},
		{
			"from": [11.5, 0.7, 5.5],
			"to": [11.75, 0.95, 5.75],
			"rotation": {"angle": 0, "axis": "y", "origin": [0, 6, 4]},
			"faces": {
				"north": {"uv": [12.70313, 1.36719, 12.95313, 1.61719], "rotation": 180, "texture": "#0"},
				"east": {"uv": [12.70313, 1.36719, 12.95313, 1.61719], "rotation": 180, "texture": "#0"},
				"south": {"uv": [12.70313, 1.36719, 12.95313, 1.61719], "rotation": 180, "texture": "#0"},
				"west": {"uv": [12.70313, 1.36719, 12.95313, 1.61719], "rotation": 180, "texture": "#0"},
				"up": {"uv": [12.70313, 1.36719, 12.95313, 1.61719], "rotation": 180, "texture": "#0"},
				"down": {"uv": [12.70313, 1.36719, 12.95313, 1.61719], "rotation": 180, "texture": "#0"}
			}
		},
		{
			"from": [13.75, 0.7, 5.5],
			"to": [14, 0.95, 5.75],
			"rotation": {"angle": 0, "axis": "y", "origin": [0, 6, 4]},
			"faces": {
				"north": {"uv": [12.67969, 1.14844, 12.92969, 1.39844], "rotation": 180, "texture": "#0"},
				"east": {"uv": [12.67969, 1.14844, 12.92969, 1.39844], "rotation": 180, "texture": "#0"},
				"south": {"uv": [12.67969, 1.14844, 12.92969, 1.39844], "rotation": 180, "texture": "#0"},
				"west": {"uv": [12.67969, 1.14844, 12.92969, 1.39844], "rotation": 180, "texture": "#0"},
				"up": {"uv": [12.67969, 1.14844, 12.92969, 1.39844], "rotation": 180, "texture": "#0"},
				"down": {"uv": [12.67969, 1.14844, 12.92969, 1.39844], "rotation": 180, "texture": "#0"}
			}
		},
		{
			"from": [13.75, 0.7, 6.25],
			"to": [14, 0.95, 6.5],
			"rotation": {"angle": 0, "axis": "y", "origin": [0, 6, 4]},
			"faces": {
				"north": {"uv": [12.67969, 1.14844, 12.92969, 1.39844], "rotation": 180, "texture": "#0"},
				"east": {"uv": [12.67969, 1.14844, 12.92969, 1.39844], "rotation": 180, "texture": "#0"},
				"south": {"uv": [12.67969, 1.14844, 12.92969, 1.39844], "rotation": 180, "texture": "#0"},
				"west": {"uv": [12.67969, 1.14844, 12.92969, 1.39844], "rotation": 180, "texture": "#0"},
				"up": {"uv": [12.67969, 1.14844, 12.92969, 1.39844], "rotation": 180, "texture": "#0"},
				"down": {"uv": [12.67969, 1.14844, 12.92969, 1.39844], "rotation": 180, "texture": "#0"}
			}
		},
		{
			"from": [11.5, 0.7, 6.25],
			"to": [11.75, 0.95, 6.5],
			"rotation": {"angle": 0, "axis": "y", "origin": [0, 6, 4]},
			"faces": {
				"north": {"uv": [12.70313, 1.36719, 12.95313, 1.61719], "rotation": 180, "texture": "#0"},
				"east": {"uv": [12.70313, 1.36719, 12.95313, 1.61719], "rotation": 180, "texture": "#0"},
				"south": {"uv": [12.70313, 1.36719, 12.95313, 1.61719], "rotation": 180, "texture": "#0"},
				"west": {"uv": [12.70313, 1.36719, 12.95313, 1.61719], "rotation": 180, "texture": "#0"},
				"up": {"uv": [12.70313, 1.36719, 12.95313, 1.61719], "rotation": 180, "texture": "#0"},
				"down": {"uv": [12.70313, 1.36719, 12.95313, 1.61719], "rotation": 180, "texture": "#0"}
			}
		},
		{
			"from": [11.5, 0.7, 6.25],
			"to": [11.75, 0.95, 6.5],
			"rotation": {"angle": -45, "axis": "y", "origin": [11.625, 1.05, 6.375]},
			"faces": {
				"north": {"uv": [12.70313, 1.36719, 12.95313, 1.61719], "rotation": 180, "texture": "#0"},
				"east": {"uv": [12.70313, 1.36719, 12.95313, 1.61719], "rotation": 180, "texture": "#0"},
				"south": {"uv": [12.70313, 1.36719, 12.95313, 1.61719], "rotation": 180, "texture": "#0"},
				"west": {"uv": [12.70313, 1.36719, 12.95313, 1.61719], "rotation": 180, "texture": "#0"},
				"up": {"uv": [12.70313, 1.36719, 12.95313, 1.61719], "rotation": 180, "texture": "#0"},
				"down": {"uv": [12.70313, 1.36719, 12.95313, 1.61719], "rotation": 180, "texture": "#0"}
			}
		},
		{
			"from": [13.75, 0.7, 6.25],
			"to": [14, 0.95, 6.5],
			"rotation": {"angle": 45, "axis": "y", "origin": [13.875, 1.05, 6.375]},
			"faces": {
				"north": {"uv": [12.67969, 1.14844, 12.92969, 1.39844], "rotation": 180, "texture": "#0"},
				"east": {"uv": [12.67969, 1.14844, 12.92969, 1.39844], "rotation": 180, "texture": "#0"},
				"south": {"uv": [12.67969, 1.14844, 12.92969, 1.39844], "rotation": 180, "texture": "#0"},
				"west": {"uv": [12.67969, 1.14844, 12.92969, 1.39844], "rotation": 180, "texture": "#0"},
				"up": {"uv": [12.67969, 1.14844, 12.92969, 1.39844], "rotation": 180, "texture": "#0"},
				"down": {"uv": [12.67969, 1.14844, 12.92969, 1.39844], "rotation": 180, "texture": "#0"}
			}
		},
		{
			"from": [13.75, 0.7, 5.5],
			"to": [14, 0.95, 5.75],
			"rotation": {"angle": 45, "axis": "y", "origin": [13.875, 1.05, 5.625]},
			"faces": {
				"north": {"uv": [12.67969, 1.14844, 12.92969, 1.39844], "rotation": 180, "texture": "#0"},
				"east": {"uv": [12.67969, 1.14844, 12.92969, 1.39844], "rotation": 180, "texture": "#0"},
				"south": {"uv": [12.67969, 1.14844, 12.92969, 1.39844], "rotation": 180, "texture": "#0"},
				"west": {"uv": [12.67969, 1.14844, 12.92969, 1.39844], "rotation": 180, "texture": "#0"},
				"up": {"uv": [12.67969, 1.14844, 12.92969, 1.39844], "rotation": 180, "texture": "#0"},
				"down": {"uv": [12.67969, 1.14844, 12.92969, 1.39844], "rotation": 180, "texture": "#0"}
			}
		},
		{
			"from": [11.5, 0.7, 5.5],
			"to": [11.75, 0.95, 5.75],
			"rotation": {"angle": -45, "axis": "y", "origin": [11.625, 1.05, 5.625]},
			"faces": {
				"north": {"uv": [12.70313, 1.36719, 12.95313, 1.61719], "rotation": 180, "texture": "#0"},
				"east": {"uv": [12.70313, 1.36719, 12.95313, 1.61719], "rotation": 180, "texture": "#0"},
				"south": {"uv": [12.70313, 1.36719, 12.95313, 1.61719], "rotation": 180, "texture": "#0"},
				"west": {"uv": [12.70313, 1.36719, 12.95313, 1.61719], "rotation": 180, "texture": "#0"},
				"up": {"uv": [12.70313, 1.36719, 12.95313, 1.61719], "rotation": 180, "texture": "#0"},
				"down": {"uv": [12.70313, 1.36719, 12.95313, 1.61719], "rotation": 180, "texture": "#0"}
			}
		},
		{
			"from": [11.25, 0.55, 9.25],
			"to": [14.25, 0.8, 10.75],
			"rotation": {"angle": 0, "axis": "y", "origin": [0, 6, 8]},
			"faces": {
				"north": {"uv": [12.75781, 0.30469, 15.75781, 1.80469], "rotation": 180, "texture": "#0"},
				"east": {"uv": [12.75781, 0.30469, 15.75781, 1.80469], "rotation": 180, "texture": "#0"},
				"south": {"uv": [12.75781, 0.30469, 15.75781, 1.80469], "rotation": 180, "texture": "#0"},
				"west": {"uv": [12.75781, 0.30469, 15.75781, 1.80469], "rotation": 180, "texture": "#0"},
				"up": {"uv": [12.75781, 0.30469, 15.75781, 1.80469], "rotation": 180, "texture": "#0"},
				"down": {"uv": [12.75781, 0.30469, 15.75781, 1.80469], "rotation": 180, "texture": "#0"}
			}
		},
		{
			"from": [11.5, 0.7, 9.5],
			"to": [11.75, 0.95, 9.75],
			"rotation": {"angle": 0, "axis": "y", "origin": [0, 6, 8]},
			"faces": {
				"north": {"uv": [12.70313, 1.36719, 12.95313, 1.61719], "rotation": 180, "texture": "#0"},
				"east": {"uv": [12.70313, 1.36719, 12.95313, 1.61719], "rotation": 180, "texture": "#0"},
				"south": {"uv": [12.70313, 1.36719, 12.95313, 1.61719], "rotation": 180, "texture": "#0"},
				"west": {"uv": [12.70313, 1.36719, 12.95313, 1.61719], "rotation": 180, "texture": "#0"},
				"up": {"uv": [12.70313, 1.36719, 12.95313, 1.61719], "rotation": 180, "texture": "#0"},
				"down": {"uv": [12.70313, 1.36719, 12.95313, 1.61719], "rotation": 180, "texture": "#0"}
			}
		},
		{
			"from": [13.75, 0.7, 9.5],
			"to": [14, 0.95, 9.75],
			"rotation": {"angle": 0, "axis": "y", "origin": [0, 6, 8]},
			"faces": {
				"north": {"uv": [12.67969, 1.14844, 12.92969, 1.39844], "rotation": 180, "texture": "#0"},
				"east": {"uv": [12.67969, 1.14844, 12.92969, 1.39844], "rotation": 180, "texture": "#0"},
				"south": {"uv": [12.67969, 1.14844, 12.92969, 1.39844], "rotation": 180, "texture": "#0"},
				"west": {"uv": [12.67969, 1.14844, 12.92969, 1.39844], "rotation": 180, "texture": "#0"},
				"up": {"uv": [12.67969, 1.14844, 12.92969, 1.39844], "rotation": 180, "texture": "#0"},
				"down": {"uv": [12.67969, 1.14844, 12.92969, 1.39844], "rotation": 180, "texture": "#0"}
			}
		},
		{
			"from": [13.75, 0.7, 10.25],
			"to": [14, 0.95, 10.5],
			"rotation": {"angle": 0, "axis": "y", "origin": [0, 6, 8]},
			"faces": {
				"north": {"uv": [12.67969, 1.14844, 12.92969, 1.39844], "rotation": 180, "texture": "#0"},
				"east": {"uv": [12.67969, 1.14844, 12.92969, 1.39844], "rotation": 180, "texture": "#0"},
				"south": {"uv": [12.67969, 1.14844, 12.92969, 1.39844], "rotation": 180, "texture": "#0"},
				"west": {"uv": [12.67969, 1.14844, 12.92969, 1.39844], "rotation": 180, "texture": "#0"},
				"up": {"uv": [12.67969, 1.14844, 12.92969, 1.39844], "rotation": 180, "texture": "#0"},
				"down": {"uv": [12.67969, 1.14844, 12.92969, 1.39844], "rotation": 180, "texture": "#0"}
			}
		},
		{
			"from": [11.5, 0.7, 10.25],
			"to": [11.75, 0.95, 10.5],
			"rotation": {"angle": 0, "axis": "y", "origin": [0, 6, 8]},
			"faces": {
				"north": {"uv": [12.70313, 1.36719, 12.95313, 1.61719], "rotation": 180, "texture": "#0"},
				"east": {"uv": [12.70313, 1.36719, 12.95313, 1.61719], "rotation": 180, "texture": "#0"},
				"south": {"uv": [12.70313, 1.36719, 12.95313, 1.61719], "rotation": 180, "texture": "#0"},
				"west": {"uv": [12.70313, 1.36719, 12.95313, 1.61719], "rotation": 180, "texture": "#0"},
				"up": {"uv": [12.70313, 1.36719, 12.95313, 1.61719], "rotation": 180, "texture": "#0"},
				"down": {"uv": [12.70313, 1.36719, 12.95313, 1.61719], "rotation": 180, "texture": "#0"}
			}
		},
		{
			"from": [11.5, 0.7, 10.25],
			"to": [11.75, 0.95, 10.5],
			"rotation": {"angle": -45, "axis": "y", "origin": [11.625, 1.05, 10.375]},
			"faces": {
				"north": {"uv": [12.70313, 1.36719, 12.95313, 1.61719], "rotation": 180, "texture": "#0"},
				"east": {"uv": [12.70313, 1.36719, 12.95313, 1.61719], "rotation": 180, "texture": "#0"},
				"south": {"uv": [12.70313, 1.36719, 12.95313, 1.61719], "rotation": 180, "texture": "#0"},
				"west": {"uv": [12.70313, 1.36719, 12.95313, 1.61719], "rotation": 180, "texture": "#0"},
				"up": {"uv": [12.70313, 1.36719, 12.95313, 1.61719], "rotation": 180, "texture": "#0"},
				"down": {"uv": [12.70313, 1.36719, 12.95313, 1.61719], "rotation": 180, "texture": "#0"}
			}
		},
		{
			"from": [13.75, 0.7, 10.25],
			"to": [14, 0.95, 10.5],
			"rotation": {"angle": 45, "axis": "y", "origin": [13.875, 1.05, 10.375]},
			"faces": {
				"north": {"uv": [12.67969, 1.14844, 12.92969, 1.39844], "rotation": 180, "texture": "#0"},
				"east": {"uv": [12.67969, 1.14844, 12.92969, 1.39844], "rotation": 180, "texture": "#0"},
				"south": {"uv": [12.67969, 1.14844, 12.92969, 1.39844], "rotation": 180, "texture": "#0"},
				"west": {"uv": [12.67969, 1.14844, 12.92969, 1.39844], "rotation": 180, "texture": "#0"},
				"up": {"uv": [12.67969, 1.14844, 12.92969, 1.39844], "rotation": 180, "texture": "#0"},
				"down": {"uv": [12.67969, 1.14844, 12.92969, 1.39844], "rotation": 180, "texture": "#0"}
			}
		},
		{
			"from": [13.75, 0.7, 9.5],
			"to": [14, 0.95, 9.75],
			"rotation": {"angle": 45, "axis": "y", "origin": [13.875, 1.05, 9.625]},
			"faces": {
				"north": {"uv": [12.67969, 1.14844, 12.92969, 1.39844], "rotation": 180, "texture": "#0"},
				"east": {"uv": [12.67969, 1.14844, 12.92969, 1.39844], "rotation": 180, "texture": "#0"},
				"south": {"uv": [12.67969, 1.14844, 12.92969, 1.39844], "rotation": 180, "texture": "#0"},
				"west": {"uv": [12.67969, 1.14844, 12.92969, 1.39844], "rotation": 180, "texture": "#0"},
				"up": {"uv": [12.67969, 1.14844, 12.92969, 1.39844], "rotation": 180, "texture": "#0"},
				"down": {"uv": [12.67969, 1.14844, 12.92969, 1.39844], "rotation": 180, "texture": "#0"}
			}
		},
		{
			"from": [11.5, 0.7, 9.5],
			"to": [11.75, 0.95, 9.75],
			"rotation": {"angle": -45, "axis": "y", "origin": [11.625, 1.05, 9.625]},
			"faces": {
				"north": {"uv": [12.70313, 1.36719, 12.95313, 1.61719], "rotation": 180, "texture": "#0"},
				"east": {"uv": [12.70313, 1.36719, 12.95313, 1.61719], "rotation": 180, "texture": "#0"},
				"south": {"uv": [12.70313, 1.36719, 12.95313, 1.61719], "rotation": 180, "texture": "#0"},
				"west": {"uv": [12.70313, 1.36719, 12.95313, 1.61719], "rotation": 180, "texture": "#0"},
				"up": {"uv": [12.70313, 1.36719, 12.95313, 1.61719], "rotation": 180, "texture": "#0"},
				"down": {"uv": [12.70313, 1.36719, 12.95313, 1.61719], "rotation": 180, "texture": "#0"}
			}
		},
		{
			"from": [11.25, 0.55, 13.25],
			"to": [14.25, 0.8, 14.75],
			"rotation": {"angle": 0, "axis": "y", "origin": [0, 6, 12]},
			"faces": {
				"north": {"uv": [12.67969, 0.64844, 15.67969, 2.14844], "rotation": 180, "texture": "#0"},
				"east": {"uv": [12.67969, 0.64844, 15.67969, 2.14844], "rotation": 180, "texture": "#0"},
				"south": {"uv": [12.67969, 0.64844, 15.67969, 2.14844], "rotation": 180, "texture": "#0"},
				"west": {"uv": [12.67969, 0.64844, 15.67969, 2.14844], "rotation": 180, "texture": "#0"},
				"up": {"uv": [12.67969, 0.64844, 15.67969, 2.14844], "rotation": 180, "texture": "#0"},
				"down": {"uv": [12.67969, 0.64844, 15.67969, 2.14844], "rotation": 180, "texture": "#0"}
			}
		},
		{
			"from": [11.5, 0.7, 13.5],
			"to": [11.75, 0.95, 13.75],
			"rotation": {"angle": 0, "axis": "y", "origin": [0, 6, 12]},
			"faces": {
				"north": {"uv": [12.73438, 0.85156, 12.98438, 1.10156], "rotation": 180, "texture": "#0"},
				"east": {"uv": [12.73438, 0.85156, 12.98438, 1.10156], "rotation": 180, "texture": "#0"},
				"south": {"uv": [12.73438, 0.85156, 12.98438, 1.10156], "rotation": 180, "texture": "#0"},
				"west": {"uv": [12.73438, 0.85156, 12.98438, 1.10156], "rotation": 180, "texture": "#0"},
				"up": {"uv": [12.73438, 0.85156, 12.98438, 1.10156], "rotation": 180, "texture": "#0"},
				"down": {"uv": [12.73438, 0.85156, 12.98438, 1.10156], "rotation": 180, "texture": "#0"}
			}
		},
		{
			"from": [13.75, 0.7, 13.5],
			"to": [14, 0.95, 13.75],
			"rotation": {"angle": 0, "axis": "y", "origin": [0, 6, 12]},
			"faces": {
				"north": {"uv": [12.67969, 1.14844, 12.92969, 1.39844], "rotation": 180, "texture": "#0"},
				"east": {"uv": [12.67969, 1.14844, 12.92969, 1.39844], "rotation": 180, "texture": "#0"},
				"south": {"uv": [12.67969, 1.14844, 12.92969, 1.39844], "rotation": 180, "texture": "#0"},
				"west": {"uv": [12.67969, 1.14844, 12.92969, 1.39844], "rotation": 180, "texture": "#0"},
				"up": {"uv": [12.67969, 1.14844, 12.92969, 1.39844], "rotation": 180, "texture": "#0"},
				"down": {"uv": [12.67969, 1.14844, 12.92969, 1.39844], "rotation": 180, "texture": "#0"}
			}
		},
		{
			"from": [13.75, 0.7, 14.25],
			"to": [14, 0.95, 14.5],
			"rotation": {"angle": 0, "axis": "y", "origin": [0, 6, 12]},
			"faces": {
				"north": {"uv": [12.67969, 1.14844, 12.92969, 1.39844], "rotation": 180, "texture": "#0"},
				"east": {"uv": [12.67969, 1.14844, 12.92969, 1.39844], "rotation": 180, "texture": "#0"},
				"south": {"uv": [12.67969, 1.14844, 12.92969, 1.39844], "rotation": 180, "texture": "#0"},
				"west": {"uv": [12.67969, 1.14844, 12.92969, 1.39844], "rotation": 180, "texture": "#0"},
				"up": {"uv": [12.67969, 1.14844, 12.92969, 1.39844], "rotation": 180, "texture": "#0"},
				"down": {"uv": [12.67969, 1.14844, 12.92969, 1.39844], "rotation": 180, "texture": "#0"}
			}
		},
		{
			"from": [11.5, 0.7, 14.25],
			"to": [11.75, 0.95, 14.5],
			"rotation": {"angle": 0, "axis": "y", "origin": [0, 6, 12]},
			"faces": {
				"north": {"uv": [12.73438, 0.85156, 12.98438, 1.10156], "rotation": 180, "texture": "#0"},
				"east": {"uv": [12.73438, 0.85156, 12.98438, 1.10156], "rotation": 180, "texture": "#0"},
				"south": {"uv": [12.73438, 0.85156, 12.98438, 1.10156], "rotation": 180, "texture": "#0"},
				"west": {"uv": [12.73438, 0.85156, 12.98438, 1.10156], "rotation": 180, "texture": "#0"},
				"up": {"uv": [12.73438, 0.85156, 12.98438, 1.10156], "rotation": 180, "texture": "#0"},
				"down": {"uv": [12.73438, 0.85156, 12.98438, 1.10156], "rotation": 180, "texture": "#0"}
			}
		},
		{
			"from": [11.5, 0.7, 14.25],
			"to": [11.75, 0.95, 14.5],
			"rotation": {"angle": -45, "axis": "y", "origin": [11.625, 1.05, 14.375]},
			"faces": {
				"north": {"uv": [12.73438, 0.85156, 12.98438, 1.10156], "rotation": 180, "texture": "#0"},
				"east": {"uv": [12.73438, 0.85156, 12.98438, 1.10156], "rotation": 180, "texture": "#0"},
				"south": {"uv": [12.73438, 0.85156, 12.98438, 1.10156], "rotation": 180, "texture": "#0"},
				"west": {"uv": [12.73438, 0.85156, 12.98438, 1.10156], "rotation": 180, "texture": "#0"},
				"up": {"uv": [12.73438, 0.85156, 12.98438, 1.10156], "rotation": 180, "texture": "#0"},
				"down": {"uv": [12.73438, 0.85156, 12.98438, 1.10156], "rotation": 180, "texture": "#0"}
			}
		},
		{
			"from": [13.75, 0.7, 14.25],
			"to": [14, 0.95, 14.5],
			"rotation": {"angle": 45, "axis": "y", "origin": [13.875, 1.05, 14.375]},
			"faces": {
				"north": {"uv": [12.67969, 1.14844, 12.92969, 1.39844], "rotation": 180, "texture": "#0"},
				"east": {"uv": [12.67969, 1.14844, 12.92969, 1.39844], "rotation": 180, "texture": "#0"},
				"south": {"uv": [12.67969, 1.14844, 12.92969, 1.39844], "rotation": 180, "texture": "#0"},
				"west": {"uv": [12.67969, 1.14844, 12.92969, 1.39844], "rotation": 180, "texture": "#0"},
				"up": {"uv": [12.67969, 1.14844, 12.92969, 1.39844], "rotation": 180, "texture": "#0"},
				"down": {"uv": [12.67969, 1.14844, 12.92969, 1.39844], "rotation": 180, "texture": "#0"}
			}
		},
		{
			"from": [13.75, 0.7, 13.5],
			"to": [14, 0.95, 13.75],
			"rotation": {"angle": 45, "axis": "y", "origin": [13.875, 1.05, 13.625]},
			"faces": {
				"north": {"uv": [12.67969, 1.14844, 12.92969, 1.39844], "rotation": 180, "texture": "#0"},
				"east": {"uv": [12.67969, 1.14844, 12.92969, 1.39844], "rotation": 180, "texture": "#0"},
				"south": {"uv": [12.67969, 1.14844, 12.92969, 1.39844], "rotation": 180, "texture": "#0"},
				"west": {"uv": [12.67969, 1.14844, 12.92969, 1.39844], "rotation": 180, "texture": "#0"},
				"up": {"uv": [12.67969, 1.14844, 12.92969, 1.39844], "rotation": 180, "texture": "#0"},
				"down": {"uv": [12.67969, 1.14844, 12.92969, 1.39844], "rotation": 180, "texture": "#0"}
			}
		},
		{
			"from": [11.5, 0.7, 13.5],
			"to": [11.75, 0.95, 13.75],
			"rotation": {"angle": -45, "axis": "y", "origin": [11.625, 1.05, 13.625]},
			"faces": {
				"north": {"uv": [12.73438, 0.85156, 12.98438, 1.10156], "rotation": 180, "texture": "#0"},
				"east": {"uv": [12.73438, 0.85156, 12.98438, 1.10156], "rotation": 180, "texture": "#0"},
				"south": {"uv": [12.73438, 0.85156, 12.98438, 1.10156], "rotation": 180, "texture": "#0"},
				"west": {"uv": [12.73438, 0.85156, 12.98438, 1.10156], "rotation": 180, "texture": "#0"},
				"up": {"uv": [12.73438, 0.85156, 12.98438, 1.10156], "rotation": 180, "texture": "#0"},
				"down": {"uv": [12.73438, 0.85156, 12.98438, 1.10156], "rotation": 180, "texture": "#0"}
			}
		},
		{
			"from": [11.5, 0.7, 2.25],
			"to": [11.75, 0.95, 2.5],
			"rotation": {"angle": -45, "axis": "y", "origin": [11.625, 1.05, 2.375]},
			"faces": {
				"north": {"uv": [12.70313, 1.36719, 12.95313, 1.61719], "rotation": 180, "texture": "#0"},
				"east": {"uv": [12.70313, 1.36719, 12.95313, 1.61719], "rotation": 180, "texture": "#0"},
				"south": {"uv": [12.70313, 1.36719, 12.95313, 1.61719], "rotation": 180, "texture": "#0"},
				"west": {"uv": [12.70313, 1.36719, 12.95313, 1.61719], "rotation": 180, "texture": "#0"},
				"up": {"uv": [12.70313, 1.36719, 12.95313, 1.61719], "rotation": 180, "texture": "#0"},
				"down": {"uv": [12.70313, 1.36719, 12.95313, 1.61719], "rotation": 180, "texture": "#0"}
			}
		},
		{
			"from": [11.5, 0.7, 2.25],
			"to": [11.75, 0.95, 2.5],
			"rotation": {"angle": 0, "axis": "y", "origin": [0, 6, 0]},
			"faces": {
				"north": {"uv": [12.70313, 1.36719, 12.95313, 1.61719], "rotation": 180, "texture": "#0"},
				"east": {"uv": [12.70313, 1.36719, 12.95313, 1.61719], "rotation": 180, "texture": "#0"},
				"south": {"uv": [12.70313, 1.36719, 12.95313, 1.61719], "rotation": 180, "texture": "#0"},
				"west": {"uv": [12.70313, 1.36719, 12.95313, 1.61719], "rotation": 180, "texture": "#0"},
				"up": {"uv": [12.70313, 1.36719, 12.95313, 1.61719], "rotation": 180, "texture": "#0"},
				"down": {"uv": [12.70313, 1.36719, 12.95313, 1.61719], "rotation": 180, "texture": "#0"}
			}
		},
		{
			"from": [13.75, 0.7, 1.5],
			"to": [14, 0.95, 1.75],
			"rotation": {"angle": 0, "axis": "y", "origin": [0, 6, 0]},
			"faces": {
				"north": {"uv": [12.73438, 1.34375, 12.98438, 1.59375], "rotation": 180, "texture": "#0"},
				"east": {"uv": [12.73438, 1.34375, 12.98438, 1.59375], "rotation": 180, "texture": "#0"},
				"south": {"uv": [12.73438, 1.34375, 12.98438, 1.59375], "rotation": 180, "texture": "#0"},
				"west": {"uv": [12.73438, 1.34375, 12.98438, 1.59375], "rotation": 180, "texture": "#0"},
				"up": {"uv": [12.73438, 1.34375, 12.98438, 1.59375], "rotation": 180, "texture": "#0"},
				"down": {"uv": [12.73438, 1.34375, 12.98438, 1.59375], "rotation": 180, "texture": "#0"}
			}
		},
		{
			"from": [13.75, 0.7, 2.25],
			"to": [14, 0.95, 2.5],
			"rotation": {"angle": 0, "axis": "y", "origin": [0, 6, 0]},
			"faces": {
				"north": {"uv": [12.70313, 1.44531, 12.95313, 1.69531], "rotation": 180, "texture": "#0"},
				"east": {"uv": [12.70313, 1.44531, 12.95313, 1.69531], "rotation": 180, "texture": "#0"},
				"south": {"uv": [12.70313, 1.44531, 12.95313, 1.69531], "rotation": 180, "texture": "#0"},
				"west": {"uv": [12.70313, 1.44531, 12.95313, 1.69531], "rotation": 180, "texture": "#0"},
				"up": {"uv": [12.70313, 1.44531, 12.95313, 1.69531], "rotation": 180, "texture": "#0"},
				"down": {"uv": [12.70313, 1.44531, 12.95313, 1.69531], "rotation": 180, "texture": "#0"}
			}
		},
		{
			"from": [12.8423, 1.84978, 0],
			"to": [12.9673, 1.97478, 16],
			"rotation": {"angle": -45, "axis": "z", "origin": [12.325, 1.325, 8]},
			"faces": {
				"north": {"uv": [14, 0, 16, 16], "rotation": 180, "texture": "#0"},
				"east": {"uv": [14, 0, 16, 16], "rotation": 180, "texture": "#0"},
				"south": {"uv": [14, 0, 16, 16], "rotation": 180, "texture": "#0"},
				"west": {"uv": [14, 0, 16, 16], "rotation": 180, "texture": "#0"},
				"up": {"uv": [14, 0, 16, 16], "rotation": 180, "texture": "#0"},
				"down": {"uv": [14, 0, 16, 16], "rotation": 180, "texture": "#0"}
			}
		},
		{
			"from": [12.338, 1.243, 0],
			"to": [13.151, 1.348, 16],
			"rotation": {"angle": 0, "axis": "y", "origin": [0, 5.35, 0]},
			"faces": {
				"north": {"uv": [14, 0, 16, 16], "rotation": 180, "texture": "#0"},
				"east": {"uv": [14, 0, 16, 16], "rotation": 180, "texture": "#0"},
				"south": {"uv": [14, 0, 16, 16], "rotation": 180, "texture": "#0"},
				"west": {"uv": [14, 0, 16, 16], "rotation": 180, "texture": "#0"},
				"up": {"uv": [14, 0, 16, 16], "rotation": 180, "texture": "#0"},
				"down": {"uv": [14, 0, 16, 16], "rotation": 180, "texture": "#0"}
			}
		},
		{
			"from": [12.64, 0.725, 0],
			"to": [12.765, 0.85, 16],
			"rotation": {"angle": -45, "axis": "z", "origin": [13.175, 1.5, 8]},
			"faces": {
				"north": {"uv": [14, 0, 16, 16], "rotation": 180, "texture": "#0"},
				"east": {"uv": [14, 0, 16, 16], "rotation": 180, "texture": "#0"},
				"south": {"uv": [14, 0, 16, 16], "rotation": 180, "texture": "#0"},
				"west": {"uv": [14, 0, 16, 16], "rotation": 180, "texture": "#0"},
				"up": {"uv": [14, 0, 16, 16], "rotation": 180, "texture": "#0"},
				"down": {"uv": [14, 0, 16, 16], "rotation": 180, "texture": "#0"}
			}
		},
		{
			"from": [12.25, 1.325, 0],
			"to": [13.238, 1.98, 16],
			"rotation": {"angle": 0, "axis": "y", "origin": [0, 6, 0]},
			"faces": {
				"north": {"uv": [14.01563, 7.42188, 15.53125, 16], "rotation": 180, "texture": "#0"},
				"east": {"uv": [14.01563, 7.42188, 15.53125, 16], "rotation": 180, "texture": "#0"},
				"south": {"uv": [14.01563, 7.42188, 15.53125, 16], "rotation": 180, "texture": "#0"},
				"west": {"uv": [14.01563, 7.42188, 15.53125, 16], "rotation": 180, "texture": "#0"},
				"up": {"uv": [14.01563, 7.42188, 15.53125, 16], "rotation": 180, "texture": "#0"},
				"down": {"uv": [14.01563, 7.42188, 15.53125, 16], "rotation": 180, "texture": "#0"}
			}
		},
		{
			"from": [12.8423, 2.49978, 0],
			"to": [12.9673, 2.62478, 16],
			"rotation": {"angle": -45, "axis": "z", "origin": [12.325, 1.975, 8]},
			"faces": {
				"north": {"uv": [13.14844, 7.22656, 13.36719, 16], "rotation": 180, "texture": "#0"},
				"east": {"uv": [13.14844, 7.22656, 13.36719, 16], "rotation": 180, "texture": "#0"},
				"south": {"uv": [13.14844, 7.22656, 13.36719, 16], "rotation": 180, "texture": "#0"},
				"west": {"uv": [13.14844, 7.22656, 13.36719, 16], "rotation": 180, "texture": "#0"},
				"up": {"uv": [13.14844, 7.22656, 13.36719, 16], "rotation": 180, "texture": "#0"},
				"down": {"uv": [13.14844, 7.22656, 13.36719, 16], "rotation": 180, "texture": "#0"}
			}
		},
		{
			"from": [12.338, 1.963, 0],
			"to": [13.151, 2.068, 16],
			"rotation": {"angle": 0, "axis": "y", "origin": [0, 6, 0]},
			"faces": {
				"north": {"uv": [14, 0, 16, 16], "rotation": 180, "texture": "#0"},
				"east": {"uv": [14, 0, 16, 16], "rotation": 180, "texture": "#0"},
				"south": {"uv": [14, 0, 16, 16], "rotation": 180, "texture": "#0"},
				"west": {"uv": [14, 0, 16, 16], "rotation": 180, "texture": "#0"},
				"up": {"uv": [13.24219, 7.32813, 13.64063, 16], "rotation": 180, "texture": "#0"},
				"down": {"uv": [14, 0, 16, 16], "rotation": 180, "texture": "#0"}
			}
		},
		{
			"from": [12.64, 1.375, 0],
			"to": [12.765, 1.5, 16],
			"rotation": {"angle": -45, "axis": "z", "origin": [13.175, 2.15, 8]},
			"faces": {
				"north": {"uv": [13.51563, 8.0625, 13.67969, 16], "rotation": 180, "texture": "#0"},
				"east": {"uv": [13.51563, 8.0625, 13.67969, 16], "rotation": 180, "texture": "#0"},
				"south": {"uv": [13.51563, 8.0625, 13.67969, 16], "rotation": 180, "texture": "#0"},
				"west": {"uv": [13.51563, 8.0625, 13.67969, 16], "rotation": 180, "texture": "#0"},
				"up": {"uv": [13.51563, 8.0625, 13.67969, 16], "rotation": 180, "texture": "#0"},
				"down": {"uv": [13.51563, 8.0625, 13.67969, 16], "rotation": 180, "texture": "#0"}
			}
		},
		{
			"from": [12.5, 0.85, 0],
			"to": [13, 1.35, 16],
			"rotation": {"angle": 0, "axis": "y", "origin": [0, 6, 0]},
			"faces": {
				"north": {"uv": [14, 0, 16, 16], "rotation": 180, "texture": "#0"},
				"east": {"uv": [14, 0, 16, 16], "rotation": 180, "texture": "#0"},
				"south": {"uv": [14, 0, 16, 16], "rotation": 180, "texture": "#0"},
				"west": {"uv": [14, 0, 16, 16], "rotation": 180, "texture": "#0"},
				"up": {"uv": [14, 0, 16, 16], "rotation": 180, "texture": "#0"},
				"down": {"uv": [14, 0, 16, 16], "rotation": 180, "texture": "#0"}
			}
		},
		{
			"from": [12.775, 0.85, 0],
			"to": [13.4, 1, 16],
			"rotation": {"angle": -22.5, "axis": "z", "origin": [13, 1, 0]},
			"faces": {
				"north": {"uv": [14, 0, 16, 16], "rotation": 180, "texture": "#0"},
				"east": {"uv": [14, 0, 16, 16], "rotation": 180, "texture": "#0"},
				"south": {"uv": [14, 0, 16, 16], "rotation": 180, "texture": "#0"},
				"west": {"uv": [14, 0, 16, 16], "rotation": 180, "texture": "#0"},
				"up": {"uv": [14, 0, 16, 16], "rotation": 180, "texture": "#0"},
				"down": {"uv": [14, 0, 16, 16], "rotation": 180, "texture": "#0"}
			}
		},
		{
			"from": [12.11194, 0.85866, 0],
			"to": [12.73694, 0.98366, 16],
			"rotation": {"angle": 22.5, "axis": "z", "origin": [12.5, 1, 7.75]},
			"faces": {
				"north": {"uv": [14, 0, 16, 16], "rotation": 180, "texture": "#0"},
				"east": {"uv": [14, 0, 16, 16], "rotation": 180, "texture": "#0"},
				"south": {"uv": [14, 0, 16, 16], "rotation": 180, "texture": "#0"},
				"west": {"uv": [14, 0, 16, 16], "rotation": 180, "texture": "#0"},
				"up": {"uv": [14, 0, 16, 16], "rotation": 180, "texture": "#0"},
				"down": {"uv": [14, 0, 16, 16], "rotation": 180, "texture": "#0"}
			}
		},
		{
			"from": [12, 0.725, 0],
			"to": [13.5, 0.85, 16],
			"rotation": {"angle": 0, "axis": "y", "origin": [0, 6, 0]},
			"faces": {
				"north": {"uv": [14, 0, 16, 16], "rotation": 180, "texture": "#0"},
				"east": {"uv": [14, 0, 16, 16], "rotation": 180, "texture": "#0"},
				"south": {"uv": [14, 0, 16, 16], "rotation": 180, "texture": "#0"},
				"west": {"uv": [14, 0, 16, 16], "rotation": 180, "texture": "#0"},
				"up": {"uv": [14, 0, 16, 16], "rotation": 180, "texture": "#0"},
				"down": {"uv": [14, 0, 16, 16], "rotation": 180, "texture": "#0"}
			}
		}
	]
}