{
	"credit": "Made with Blockbench",
	"ambientocclusion": false,
	"textures": {
		"0": "block/rail_flat",
		"particle": "block/rail_flat"
	},
	"elements": [
		{
			"from": [13.75, 18, -0.775],
			"to": [14, 18.25, -0.525],
			"rotation": {"angle": 45, "axis": "x", "origin": [8, 0, -0.075]},
			"faces": {
				"north": {"uv": [12.67969, 1.14844, 12.92969, 1.39844], "texture": "#0"},
				"east": {"uv": [12.67969, 1.14844, 12.92969, 1.39844], "rotation": 270, "texture": "#0"},
				"south": {"uv": [12.67969, 1.14844, 12.92969, 1.39844], "rotation": 180, "texture": "#0"},
				"west": {"uv": [12.67969, 1.14844, 12.92969, 1.39844], "rotation": 90, "texture": "#0"},
				"up": {"uv": [12.67969, 1.14844, 12.92969, 1.39844], "rotation": 180, "texture": "#0"},
				"down": {"uv": [12.67969, 1.14844, 12.92969, 1.39844], "texture": "#0"}
			}
		},
		{
			"from": [13.75, 18.75, -0.775],
			"to": [14, 19, -0.525],
			"rotation": {"angle": 45, "axis": "x", "origin": [8, 0, -0.075]},
			"faces": {
				"north": {"uv": [12.67969, 1.14844, 12.92969, 1.39844], "texture": "#0"},
				"east": {"uv": [12.67969, 1.14844, 12.92969, 1.39844], "rotation": 270, "texture": "#0"},
				"south": {"uv": [12.67969, 1.14844, 12.92969, 1.39844], "rotation": 180, "texture": "#0"},
				"west": {"uv": [12.67969, 1.14844, 12.92969, 1.39844], "rotation": 90, "texture": "#0"},
				"up": {"uv": [12.67969, 1.14844, 12.92969, 1.39844], "rotation": 180, "texture": "#0"},
				"down": {"uv": [12.67969, 1.14844, 12.92969, 1.39844], "texture": "#0"}
			}
		},
		{
			"from": [11.25, 17.75, -0.625],
			"to": [14.25, 19.25, -0.375],
			"rotation": {"angle": 45, "axis": "x", "origin": [8, 0, -0.075]},
			"faces": {
				"north": {"uv": [12.67969, 0.64844, 15.67969, 2.14844], "texture": "#0"},
				"east": {"uv": [12.67969, 0.64844, 15.67969, 2.14844], "rotation": 270, "texture": "#0"},
				"south": {"uv": [12.67969, 0.64844, 15.67969, 2.14844], "rotation": 180, "texture": "#0"},
				"west": {"uv": [12.67969, 0.64844, 15.67969, 2.14844], "rotation": 90, "texture": "#0"},
				"up": {"uv": [12.67969, 0.64844, 15.67969, 2.14844], "rotation": 180, "texture": "#0"},
				"down": {"uv": [12.67969, 0.64844, 15.67969, 2.14844], "texture": "#0"}
			}
		},
		{
			"from": [11.5, 18, -0.775],
			"to": [11.75, 18.25, -0.525],
			"rotation": {"angle": 45, "axis": "x", "origin": [8, 0, -0.075]},
			"faces": {
				"north": {"uv": [12.73438, 0.85156, 12.98438, 1.10156], "texture": "#0"},
				"east": {"uv": [12.73438, 0.85156, 12.98438, 1.10156], "rotation": 270, "texture": "#0"},
				"south": {"uv": [12.73438, 0.85156, 12.98438, 1.10156], "rotation": 180, "texture": "#0"},
				"west": {"uv": [12.73438, 0.85156, 12.98438, 1.10156], "rotation": 90, "texture": "#0"},
				"up": {"uv": [12.73438, 0.85156, 12.98438, 1.10156], "rotation": 180, "texture": "#0"},
				"down": {"uv": [12.73438, 0.85156, 12.98438, 1.10156], "texture": "#0"}
			}
		},
		{
			"from": [11.5, 18.75, -0.775],
			"to": [11.75, 19, -0.525],
			"rotation": {"angle": 45, "axis": "x", "origin": [8, 0, -0.075]},
			"faces": {
				"north": {"uv": [12.73438, 0.85156, 12.98438, 1.10156], "texture": "#0"},
				"east": {"uv": [12.73438, 0.85156, 12.98438, 1.10156], "rotation": 270, "texture": "#0"},
				"south": {"uv": [12.73438, 0.85156, 12.98438, 1.10156], "rotation": 180, "texture": "#0"},
				"west": {"uv": [12.73438, 0.85156, 12.98438, 1.10156], "rotation": 90, "texture": "#0"},
				"up": {"uv": [12.73438, 0.85156, 12.98438, 1.10156], "rotation": 180, "texture": "#0"},
				"down": {"uv": [12.73438, 0.85156, 12.98438, 1.10156], "texture": "#0"}
			}
		},
		{
			"from": [13.75, 22, -0.775],
			"to": [14, 22.25, -0.525],
			"rotation": {"angle": 45, "axis": "x", "origin": [8, 0, -0.075]},
			"faces": {
				"north": {"uv": [12.67969, 1.14844, 12.92969, 1.39844], "texture": "#0"},
				"east": {"uv": [12.67969, 1.14844, 12.92969, 1.39844], "rotation": 270, "texture": "#0"},
				"south": {"uv": [12.67969, 1.14844, 12.92969, 1.39844], "rotation": 180, "texture": "#0"},
				"west": {"uv": [12.67969, 1.14844, 12.92969, 1.39844], "rotation": 90, "texture": "#0"},
				"up": {"uv": [12.67969, 1.14844, 12.92969, 1.39844], "rotation": 180, "texture": "#0"},
				"down": {"uv": [12.67969, 1.14844, 12.92969, 1.39844], "texture": "#0"}
			}
		},
		{
			"from": [13.75, 22.75, -0.775],
			"to": [14, 23, -0.525],
			"rotation": {"angle": 45, "axis": "x", "origin": [8, 0, -0.075]},
			"faces": {
				"north": {"uv": [12.67969, 1.14844, 12.92969, 1.39844], "texture": "#0"},
				"east": {"uv": [12.67969, 1.14844, 12.92969, 1.39844], "rotation": 270, "texture": "#0"},
				"south": {"uv": [12.67969, 1.14844, 12.92969, 1.39844], "rotation": 180, "texture": "#0"},
				"west": {"uv": [12.67969, 1.14844, 12.92969, 1.39844], "rotation": 90, "texture": "#0"},
				"up": {"uv": [12.67969, 1.14844, 12.92969, 1.39844], "rotation": 180, "texture": "#0"},
				"down": {"uv": [12.67969, 1.14844, 12.92969, 1.39844], "texture": "#0"}
			}
		},
		{
			"from": [11.25, 21.75, -0.625],
			"to": [14.25, 23.21, -0.375],
			"rotation": {"angle": 45, "axis": "x", "origin": [8, 0, -0.075]},
			"faces": {
				"north": {"uv": [12.67969, 0.64844, 15.67969, 2.14844], "texture": "#0"},
				"east": {"uv": [12.67969, 0.64844, 15.67969, 2.14844], "rotation": 270, "texture": "#0"},
				"south": {"uv": [12.67969, 0.64844, 15.67969, 2.14844], "rotation": 180, "texture": "#0"},
				"west": {"uv": [12.67969, 0.64844, 15.67969, 2.14844], "rotation": 90, "texture": "#0"},
				"up": {"uv": [12.67969, 0.64844, 15.67969, 2.14844], "rotation": 180, "texture": "#0"},
				"down": {"uv": [12.67969, 0.64844, 15.67969, 2.14844], "texture": "#0"}
			}
		},
		{
			"from": [11.5, 22, -0.775],
			"to": [11.75, 22.25, -0.525],
			"rotation": {"angle": 45, "axis": "x", "origin": [8, 0, -0.075]},
			"faces": {
				"north": {"uv": [12.73438, 0.85156, 12.98438, 1.10156], "texture": "#0"},
				"east": {"uv": [12.73438, 0.85156, 12.98438, 1.10156], "rotation": 270, "texture": "#0"},
				"south": {"uv": [12.73438, 0.85156, 12.98438, 1.10156], "rotation": 180, "texture": "#0"},
				"west": {"uv": [12.73438, 0.85156, 12.98438, 1.10156], "rotation": 90, "texture": "#0"},
				"up": {"uv": [12.73438, 0.85156, 12.98438, 1.10156], "rotation": 180, "texture": "#0"},
				"down": {"uv": [12.73438, 0.85156, 12.98438, 1.10156], "texture": "#0"}
			}
		},
		{
			"from": [11.5, 22.75, -0.775],
			"to": [11.75, 23, -0.525],
			"rotation": {"angle": 45, "axis": "x", "origin": [8, 0, -0.075]},
			"faces": {
				"north": {"uv": [12.73438, 0.85156, 12.98438, 1.10156], "texture": "#0"},
				"east": {"uv": [12.73438, 0.85156, 12.98438, 1.10156], "rotation": 270, "texture": "#0"},
				"south": {"uv": [12.73438, 0.85156, 12.98438, 1.10156], "rotation": 180, "texture": "#0"},
				"west": {"uv": [12.73438, 0.85156, 12.98438, 1.10156], "rotation": 90, "texture": "#0"},
				"up": {"uv": [12.73438, 0.85156, 12.98438, 1.10156], "rotation": 180, "texture": "#0"},
				"down": {"uv": [12.73438, 0.85156, 12.98438, 1.10156], "texture": "#0"}
			}
		},
		{
			"from": [12, 0.5, -0.675],
			"to": [13.5, 23.225, -0.55],
			"rotation": {"angle": 45, "axis": "x", "origin": [8, 0, -0.075]},
			"faces": {
				"north": {"uv": [14, 0, 16, 16], "texture": "#0"},
				"east": {"uv": [14, 0, 16, 16], "rotation": 270, "texture": "#0"},
				"south": {"uv": [14, 0, 16, 16], "rotation": 180, "texture": "#0"},
				"west": {"uv": [14, 0, 16, 16], "rotation": 90, "texture": "#0"},
				"up": {"uv": [14, 0, 16, 16], "rotation": 180, "texture": "#0"},
				"down": {"uv": [14, 0, 16, 16], "texture": "#0"}
			}
		},
		{
			"from": [12.5, 0.5, -1.175],
			"to": [13, 23.325, -0.675],
			"rotation": {"angle": 45, "axis": "x", "origin": [8, 0, -0.075]},
			"faces": {
				"north": {"uv": [14, 0, 16, 16], "texture": "#0"},
				"east": {"uv": [14, 0, 16, 16], "rotation": 270, "texture": "#0"},
				"south": {"uv": [14, 0, 16, 16], "rotation": 180, "texture": "#0"},
				"west": {"uv": [14, 0, 16, 16], "rotation": 90, "texture": "#0"},
				"up": {"uv": [14, 0, 16, 16], "rotation": 180, "texture": "#0"},
				"down": {"uv": [14, 0, 16, 16], "texture": "#0"}
			}
		},
		{
			"from": [12, 16.725, 15.925],
			"to": [13.5, 16.85, 16.7],
			"rotation": {"angle": 0, "axis": "y", "origin": [0, 22, 1]},
			"faces": {
				"north": {"uv": [14, 0, 16, 16], "rotation": 180, "texture": "#0"},
				"east": {"uv": [14, 0, 16, 16], "rotation": 180, "texture": "#0"},
				"south": {"uv": [14, 0, 16, 16], "rotation": 180, "texture": "#0"},
				"west": {"uv": [14, 0, 16, 16], "rotation": 180, "texture": "#0"},
				"up": {"uv": [14, 0, 16, 16], "rotation": 180, "texture": "#0"},
				"down": {"uv": [14, 0, 16, 16], "rotation": 180, "texture": "#0"}
			}
		},
		{
			"from": [12.125, 16.725, 16.225],
			"to": [13.4, 17.05, 16.3],
			"rotation": {"angle": 0, "axis": "y", "origin": [0, 22, 1]},
			"faces": {
				"north": {"uv": [14, 0, 16, 16], "rotation": 180, "texture": "#0"},
				"east": {"uv": [14, 0, 16, 16], "rotation": 180, "texture": "#0"},
				"south": {"uv": [14, 0, 16, 16], "rotation": 180, "texture": "#0"},
				"west": {"uv": [14, 0, 16, 16], "rotation": 180, "texture": "#0"},
				"up": {"uv": [14, 0, 16, 16], "rotation": 180, "texture": "#0"},
				"down": {"uv": [14, 0, 16, 16], "rotation": 180, "texture": "#0"}
			}
		},
		{
			"from": [12.125, 16.725, 16.1],
			"to": [13.4, 17.05, 16.175],
			"rotation": {"angle": 0, "axis": "y", "origin": [0, 22, 1]},
			"faces": {
				"north": {"uv": [14, 0, 16, 16], "rotation": 180, "texture": "#0"},
				"east": {"uv": [14, 0, 16, 16], "rotation": 180, "texture": "#0"},
				"south": {"uv": [14, 0, 16, 16], "rotation": 180, "texture": "#0"},
				"west": {"uv": [14, 0, 16, 16], "rotation": 180, "texture": "#0"},
				"up": {"uv": [14, 0, 16, 16], "rotation": 180, "texture": "#0"},
				"down": {"uv": [14, 0, 16, 16], "rotation": 180, "texture": "#0"}
			}
		},
		{
			"from": [12.11194, 16.85866, 16.25],
			"to": [12.73694, 16.98366, 16.7],
			"rotation": {"angle": 22.5, "axis": "z", "origin": [12.5, 17, 8.75]},
			"faces": {
				"north": {"uv": [14, 0, 16, 16], "rotation": 180, "texture": "#0"},
				"east": {"uv": [14, 0, 16, 16], "rotation": 180, "texture": "#0"},
				"south": {"uv": [14, 0, 16, 16], "rotation": 180, "texture": "#0"},
				"west": {"uv": [14, 0, 16, 16], "rotation": 180, "texture": "#0"},
				"up": {"uv": [14, 0, 16, 16], "rotation": 180, "texture": "#0"},
				"down": {"uv": [14, 0, 16, 16], "rotation": 180, "texture": "#0"}
			}
		},
		{
			"from": [12.775, 16.85, 16.25],
			"to": [13.4, 17, 16.7],
			"rotation": {"angle": -22.5, "axis": "z", "origin": [13, 17, 1]},
			"faces": {
				"north": {"uv": [14, 0, 16, 16], "rotation": 180, "texture": "#0"},
				"east": {"uv": [14, 0, 16, 16], "rotation": 180, "texture": "#0"},
				"south": {"uv": [14, 0, 16, 16], "rotation": 180, "texture": "#0"},
				"west": {"uv": [14, 0, 16, 16], "rotation": 180, "texture": "#0"},
				"up": {"uv": [14, 0, 16, 16], "rotation": 180, "texture": "#0"},
				"down": {"uv": [14, 0, 16, 16], "rotation": 180, "texture": "#0"}
			}
		},
		{
			"from": [12.5, 16.85, 15.45],
			"to": [13, 17.35, 16.7],
			"rotation": {"angle": 0, "axis": "y", "origin": [0, 22, 1]},
			"faces": {
				"north": {"uv": [14, 0, 16, 16], "rotation": 180, "texture": "#0"},
				"east": {"uv": [14, 0, 16, 16], "rotation": 180, "texture": "#0"},
				"south": {"uv": [14, 0, 16, 16], "rotation": 180, "texture": "#0"},
				"west": {"uv": [14, 0, 16, 16], "rotation": 180, "texture": "#0"},
				"up": {"uv": [14, 0, 16, 16], "rotation": 180, "texture": "#0"},
				"down": {"uv": [14, 0, 16, 16], "rotation": 180, "texture": "#0"}
			}
		},
		{
			"from": [12.64, 17.375, 16.075],
			"to": [12.765, 17.5, 16.7],
			"rotation": {"angle": -45, "axis": "z", "origin": [13.175, 18.15, 9]},
			"faces": {
				"north": {"uv": [13.51563, 8.0625, 13.67969, 16], "rotation": 180, "texture": "#0"},
				"east": {"uv": [13.51563, 8.0625, 13.67969, 16], "rotation": 180, "texture": "#0"},
				"south": {"uv": [13.51563, 8.0625, 13.67969, 16], "rotation": 180, "texture": "#0"},
				"west": {"uv": [13.51563, 8.0625, 13.67969, 16], "rotation": 180, "texture": "#0"},
				"up": {"uv": [13.51563, 8.0625, 13.67969, 16], "rotation": 180, "texture": "#0"},
				"down": {"uv": [13.51563, 8.0625, 13.67969, 16], "rotation": 180, "texture": "#0"}
			}
		},
		{
			"from": [12.338, 17.963, 15.425],
			"to": [13.151, 18.068, 16.7],
			"rotation": {"angle": 0, "axis": "y", "origin": [0, 22, 1]},
			"faces": {
				"north": {"uv": [14, 0, 16, 16], "rotation": 180, "texture": "#0"},
				"east": {"uv": [14, 0, 16, 16], "rotation": 180, "texture": "#0"},
				"south": {"uv": [14, 0, 16, 16], "rotation": 180, "texture": "#0"},
				"west": {"uv": [14, 0, 16, 16], "rotation": 180, "texture": "#0"},
				"up": {"uv": [13.24219, 7.32813, 13.64063, 16], "rotation": 180, "texture": "#0"},
				"down": {"uv": [14, 0, 16, 16], "rotation": 180, "texture": "#0"}
			}
		},
		{
			"from": [12.8423, 18.49978, 16.075],
			"to": [12.9673, 18.62478, 16.7],
			"rotation": {"angle": -45, "axis": "z", "origin": [12.325, 17.975, 9]},
			"faces": {
				"north": {"uv": [13.14844, 7.22656, 13.36719, 16], "rotation": 180, "texture": "#0"},
				"east": {"uv": [13.14844, 7.22656, 13.36719, 16], "rotation": 180, "texture": "#0"},
				"south": {"uv": [13.14844, 7.22656, 13.36719, 16], "rotation": 180, "texture": "#0"},
				"west": {"uv": [13.14844, 7.22656, 13.36719, 16], "rotation": 180, "texture": "#0"},
				"up": {"uv": [13.14844, 7.22656, 13.36719, 16], "rotation": 180, "texture": "#0"},
				"down": {"uv": [13.14844, 7.22656, 13.36719, 16], "rotation": 180, "texture": "#0"}
			}
		},
		{
			"from": [12.25, 17.325, 15.45],
			"to": [13.238, 17.98, 16.7],
			"rotation": {"angle": 0, "axis": "y", "origin": [0, 22, 1]},
			"faces": {
				"north": {"uv": [14.01563, 7.42188, 15.53125, 16], "rotation": 180, "texture": "#0"},
				"east": {"uv": [14.01563, 7.42188, 15.53125, 16], "rotation": 180, "texture": "#0"},
				"south": {"uv": [14.01563, 7.42188, 15.53125, 16], "rotation": 180, "texture": "#0"},
				"west": {"uv": [14.01563, 7.42188, 15.53125, 16], "rotation": 180, "texture": "#0"},
				"up": {"uv": [14.01563, 7.42188, 15.53125, 16], "rotation": 180, "texture": "#0"},
				"down": {"uv": [14.01563, 7.42188, 15.53125, 16], "rotation": 180, "texture": "#0"}
			}
		},
		{
			"from": [12.64, 16.725, 15.45],
			"to": [12.765, 16.85, 16.7],
			"rotation": {"angle": -45, "axis": "z", "origin": [13.175, 17.5, 9]},
			"faces": {
				"north": {"uv": [14, 0, 16, 16], "rotation": 180, "texture": "#0"},
				"east": {"uv": [14, 0, 16, 16], "rotation": 180, "texture": "#0"},
				"south": {"uv": [14, 0, 16, 16], "rotation": 180, "texture": "#0"},
				"west": {"uv": [14, 0, 16, 16], "rotation": 180, "texture": "#0"},
				"up": {"uv": [14, 0, 16, 16], "rotation": 180, "texture": "#0"},
				"down": {"uv": [14, 0, 16, 16], "rotation": 180, "texture": "#0"}
			}
		},
		{
			"from": [12.338, 17.243, 15.45],
			"to": [13.151, 17.348, 16.7],
			"rotation": {"angle": 0, "axis": "y", "origin": [0, 21.35, 1]},
			"faces": {
				"north": {"uv": [14, 0, 16, 16], "rotation": 180, "texture": "#0"},
				"east": {"uv": [14, 0, 16, 16], "rotation": 180, "texture": "#0"},
				"south": {"uv": [14, 0, 16, 16], "rotation": 180, "texture": "#0"},
				"west": {"uv": [14, 0, 16, 16], "rotation": 180, "texture": "#0"},
				"up": {"uv": [14, 0, 16, 16], "rotation": 180, "texture": "#0"},
				"down": {"uv": [14, 0, 16, 16], "rotation": 180, "texture": "#0"}
			}
		},
		{
			"from": [12.8423, 17.84978, 15.45],
			"to": [12.9673, 17.97478, 16.7],
			"rotation": {"angle": -45, "axis": "z", "origin": [12.325, 17.325, 9]},
			"faces": {
				"north": {"uv": [14, 0, 16, 16], "rotation": 180, "texture": "#0"},
				"east": {"uv": [14, 0, 16, 16], "rotation": 180, "texture": "#0"},
				"south": {"uv": [14, 0, 16, 16], "rotation": 180, "texture": "#0"},
				"west": {"uv": [14, 0, 16, 16], "rotation": 180, "texture": "#0"},
				"up": {"uv": [14, 0, 16, 16], "rotation": 180, "texture": "#0"},
				"down": {"uv": [14, 0, 16, 16], "rotation": 180, "texture": "#0"}
			}
		},
		{
			"from": [11.25, 16.55, 15.95],
			"to": [14.25, 16.8, 16.7],
			"rotation": {"angle": 0, "axis": "y", "origin": [0, 22, 14.7]},
			"faces": {
				"north": {"uv": [12.67969, 0.64844, 15.67969, 2.14844], "rotation": 180, "texture": "#0"},
				"east": {"uv": [12.67969, 0.64844, 15.67969, 2.14844], "rotation": 180, "texture": "#0"},
				"south": {"uv": [12.67969, 0.64844, 15.67969, 2.14844], "rotation": 180, "texture": "#0"},
				"west": {"uv": [12.67969, 0.64844, 15.67969, 2.14844], "rotation": 180, "texture": "#0"},
				"up": {"uv": [12.67969, 0.64844, 15.67969, 2.14844], "rotation": 180, "texture": "#0"},
				"down": {"uv": [12.67969, 0.64844, 15.67969, 2.14844], "rotation": 180, "texture": "#0"}
			}
		},
		{
			"from": [11.5, 16.7, 16.2],
			"to": [11.75, 16.95, 16.45],
			"rotation": {"angle": 0, "axis": "y", "origin": [0, 22, 14.7]},
			"faces": {
				"north": {"uv": [12.73438, 0.85156, 12.98438, 1.10156], "rotation": 180, "texture": "#0"},
				"east": {"uv": [12.73438, 0.85156, 12.98438, 1.10156], "rotation": 180, "texture": "#0"},
				"south": {"uv": [12.73438, 0.85156, 12.98438, 1.10156], "rotation": 180, "texture": "#0"},
				"west": {"uv": [12.73438, 0.85156, 12.98438, 1.10156], "rotation": 180, "texture": "#0"},
				"up": {"uv": [12.73438, 0.85156, 12.98438, 1.10156], "rotation": 180, "texture": "#0"},
				"down": {"uv": [12.73438, 0.85156, 12.98438, 1.10156], "rotation": 180, "texture": "#0"}
			}
		},
		{
			"from": [13.75, 16.7, 16.2],
			"to": [14, 16.95, 16.45],
			"rotation": {"angle": 0, "axis": "y", "origin": [0, 22, 14.7]},
			"faces": {
				"north": {"uv": [12.67969, 1.14844, 12.92969, 1.39844], "rotation": 180, "texture": "#0"},
				"east": {"uv": [12.67969, 1.14844, 12.92969, 1.39844], "rotation": 180, "texture": "#0"},
				"south": {"uv": [12.67969, 1.14844, 12.92969, 1.39844], "rotation": 180, "texture": "#0"},
				"west": {"uv": [12.67969, 1.14844, 12.92969, 1.39844], "rotation": 180, "texture": "#0"},
				"up": {"uv": [12.67969, 1.14844, 12.92969, 1.39844], "rotation": 180, "texture": "#0"},
				"down": {"uv": [12.67969, 1.14844, 12.92969, 1.39844], "rotation": 180, "texture": "#0"}
			}
		},
		{
			"from": [11.5, 0.7, -0.725],
			"to": [11.75, 0.95, -0.475],
			"rotation": {"angle": -45, "axis": "y", "origin": [11.625, 1.05, -0.6]},
			"faces": {
				"north": {"uv": [12.73438, 0.85156, 12.98438, 1.10156], "rotation": 180, "texture": "#0"},
				"east": {"uv": [12.73438, 0.85156, 12.98438, 1.10156], "rotation": 180, "texture": "#0"},
				"south": {"uv": [12.73438, 0.85156, 12.98438, 1.10156], "rotation": 180, "texture": "#0"},
				"west": {"uv": [12.73438, 0.85156, 12.98438, 1.10156], "rotation": 180, "texture": "#0"},
				"up": {"uv": [12.73438, 0.85156, 12.98438, 1.10156], "rotation": 180, "texture": "#0"},
				"down": {"uv": [12.73438, 0.85156, 12.98438, 1.10156], "rotation": 180, "texture": "#0"}
			}
		},
		{
			"from": [11.5, 0.7, -0.725],
			"to": [11.75, 0.95, -0.475],
			"rotation": {"angle": 0, "axis": "y", "origin": [0, 6, -2.225]},
			"faces": {
				"north": {"uv": [12.73438, 0.85156, 12.98438, 1.10156], "rotation": 180, "texture": "#0"},
				"east": {"uv": [12.73438, 0.85156, 12.98438, 1.10156], "rotation": 180, "texture": "#0"},
				"south": {"uv": [12.73438, 0.85156, 12.98438, 1.10156], "rotation": 180, "texture": "#0"},
				"west": {"uv": [12.73438, 0.85156, 12.98438, 1.10156], "rotation": 180, "texture": "#0"},
				"up": {"uv": [12.73438, 0.85156, 12.98438, 1.10156], "rotation": 180, "texture": "#0"},
				"down": {"uv": [12.73438, 0.85156, 12.98438, 1.10156], "rotation": 180, "texture": "#0"}
			}
		},
		{
			"from": [11.25, 0.55, -0.975],
			"to": [14.25, 0.8, -0.225],
			"rotation": {"angle": 0, "axis": "y", "origin": [0, 6, -2.225]},
			"faces": {
				"north": {"uv": [12.67969, 0.64844, 15.67969, 2.14844], "rotation": 180, "texture": "#0"},
				"east": {"uv": [12.67969, 0.64844, 15.67969, 2.14844], "rotation": 180, "texture": "#0"},
				"south": {"uv": [12.67969, 0.64844, 15.67969, 2.14844], "rotation": 180, "texture": "#0"},
				"west": {"uv": [12.67969, 0.64844, 15.67969, 2.14844], "rotation": 180, "texture": "#0"},
				"up": {"uv": [12.67969, 0.64844, 15.67969, 2.14844], "rotation": 180, "texture": "#0"},
				"down": {"uv": [12.67969, 0.64844, 15.67969, 2.14844], "rotation": 180, "texture": "#0"}
			}
		},
		{
			"from": [13.75, 0.7, -0.725],
			"to": [14, 0.95, -0.475],
			"rotation": {"angle": 45, "axis": "y", "origin": [13.875, 1.05, -0.6]},
			"faces": {
				"north": {"uv": [12.67969, 1.14844, 12.92969, 1.39844], "rotation": 180, "texture": "#0"},
				"east": {"uv": [12.67969, 1.14844, 12.92969, 1.39844], "rotation": 180, "texture": "#0"},
				"south": {"uv": [12.67969, 1.14844, 12.92969, 1.39844], "rotation": 180, "texture": "#0"},
				"west": {"uv": [12.67969, 1.14844, 12.92969, 1.39844], "rotation": 180, "texture": "#0"},
				"up": {"uv": [12.67969, 1.14844, 12.92969, 1.39844], "rotation": 180, "texture": "#0"},
				"down": {"uv": [12.67969, 1.14844, 12.92969, 1.39844], "rotation": 180, "texture": "#0"}
			}
		},
		{
			"from": [13.75, 0.7, -0.725],
			"to": [14, 0.95, -0.475],
			"rotation": {"angle": 0, "axis": "y", "origin": [0, 6, -2.225]},
			"faces": {
				"north": {"uv": [12.67969, 1.14844, 12.92969, 1.39844], "rotation": 180, "texture": "#0"},
				"east": {"uv": [12.67969, 1.14844, 12.92969, 1.39844], "rotation": 180, "texture": "#0"},
				"south": {"uv": [12.67969, 1.14844, 12.92969, 1.39844], "rotation": 180, "texture": "#0"},
				"west": {"uv": [12.67969, 1.14844, 12.92969, 1.39844], "rotation": 180, "texture": "#0"},
				"up": {"uv": [12.67969, 1.14844, 12.92969, 1.39844], "rotation": 180, "texture": "#0"},
				"down": {"uv": [12.67969, 1.14844, 12.92969, 1.39844], "rotation": 180, "texture": "#0"}
			}
		},
		{
			"from": [2.025, 0.7, -0.725],
			"to": [2.275, 0.95, -0.475],
			"rotation": {"angle": -45, "axis": "y", "origin": [2.15, 1.05, -0.6]},
			"faces": {
				"north": {"uv": [12.73438, 0.85156, 12.98438, 1.10156], "rotation": 180, "texture": "#0"},
				"east": {"uv": [12.73438, 0.85156, 12.98438, 1.10156], "rotation": 180, "texture": "#0"},
				"south": {"uv": [12.73438, 0.85156, 12.98438, 1.10156], "rotation": 180, "texture": "#0"},
				"west": {"uv": [12.73438, 0.85156, 12.98438, 1.10156], "rotation": 180, "texture": "#0"},
				"up": {"uv": [12.73438, 0.85156, 12.98438, 1.10156], "rotation": 180, "texture": "#0"},
				"down": {"uv": [12.73438, 0.85156, 12.98438, 1.10156], "rotation": 180, "texture": "#0"}
			}
		},
		{
			"from": [2.025, 0.7, -0.725],
			"to": [2.275, 0.95, -0.475],
			"rotation": {"angle": 0, "axis": "y", "origin": [-9.475, 6, -2.225]},
			"faces": {
				"north": {"uv": [12.73438, 0.85156, 12.98438, 1.10156], "rotation": 180, "texture": "#0"},
				"east": {"uv": [12.73438, 0.85156, 12.98438, 1.10156], "rotation": 180, "texture": "#0"},
				"south": {"uv": [12.73438, 0.85156, 12.98438, 1.10156], "rotation": 180, "texture": "#0"},
				"west": {"uv": [12.73438, 0.85156, 12.98438, 1.10156], "rotation": 180, "texture": "#0"},
				"up": {"uv": [12.73438, 0.85156, 12.98438, 1.10156], "rotation": 180, "texture": "#0"},
				"down": {"uv": [12.73438, 0.85156, 12.98438, 1.10156], "rotation": 180, "texture": "#0"}
			}
		},
		{
			"from": [1.775, 0.55, -0.975],
			"to": [4.775, 0.8, -0.225],
			"rotation": {"angle": 0, "axis": "y", "origin": [-9.475, 6, -2.225]},
			"faces": {
				"north": {"uv": [12.67969, 0.64844, 15.67969, 2.14844], "rotation": 180, "texture": "#0"},
				"east": {"uv": [12.67969, 0.64844, 15.67969, 2.14844], "rotation": 180, "texture": "#0"},
				"south": {"uv": [12.67969, 0.64844, 15.67969, 2.14844], "rotation": 180, "texture": "#0"},
				"west": {"uv": [12.67969, 0.64844, 15.67969, 2.14844], "rotation": 180, "texture": "#0"},
				"up": {"uv": [12.67969, 0.64844, 15.67969, 2.14844], "rotation": 180, "texture": "#0"},
				"down": {"uv": [12.67969, 0.64844, 15.67969, 2.14844], "rotation": 180, "texture": "#0"}
			}
		},
		{
			"from": [4.275, 0.7, -0.725],
			"to": [4.525, 0.95, -0.475],
			"rotation": {"angle": 45, "axis": "y", "origin": [4.4, 1.05, -0.6]},
			"faces": {
				"north": {"uv": [12.67969, 1.14844, 12.92969, 1.39844], "rotation": 180, "texture": "#0"},
				"east": {"uv": [12.67969, 1.14844, 12.92969, 1.39844], "rotation": 180, "texture": "#0"},
				"south": {"uv": [12.67969, 1.14844, 12.92969, 1.39844], "rotation": 180, "texture": "#0"},
				"west": {"uv": [12.67969, 1.14844, 12.92969, 1.39844], "rotation": 180, "texture": "#0"},
				"up": {"uv": [12.67969, 1.14844, 12.92969, 1.39844], "rotation": 180, "texture": "#0"},
				"down": {"uv": [12.67969, 1.14844, 12.92969, 1.39844], "rotation": 180, "texture": "#0"}
			}
		},
		{
			"from": [4.275, 0.7, -0.725],
			"to": [4.525, 0.95, -0.475],
			"rotation": {"angle": 0, "axis": "y", "origin": [-9.475, 6, -2.225]},
			"faces": {
				"north": {"uv": [12.67969, 1.14844, 12.92969, 1.39844], "rotation": 180, "texture": "#0"},
				"east": {"uv": [12.67969, 1.14844, 12.92969, 1.39844], "rotation": 180, "texture": "#0"},
				"south": {"uv": [12.67969, 1.14844, 12.92969, 1.39844], "rotation": 180, "texture": "#0"},
				"west": {"uv": [12.67969, 1.14844, 12.92969, 1.39844], "rotation": 180, "texture": "#0"},
				"up": {"uv": [12.67969, 1.14844, 12.92969, 1.39844], "rotation": 180, "texture": "#0"},
				"down": {"uv": [12.67969, 1.14844, 12.92969, 1.39844], "rotation": 180, "texture": "#0"}
			}
		},
		{
			"from": [13.75, 16.7, 16.2],
			"to": [14, 16.95, 16.45],
			"rotation": {"angle": 45, "axis": "y", "origin": [13.875, 17.05, 16.325]},
			"faces": {
				"north": {"uv": [12.67969, 1.14844, 12.92969, 1.39844], "rotation": 180, "texture": "#0"},
				"east": {"uv": [12.67969, 1.14844, 12.92969, 1.39844], "rotation": 180, "texture": "#0"},
				"south": {"uv": [12.67969, 1.14844, 12.92969, 1.39844], "rotation": 180, "texture": "#0"},
				"west": {"uv": [12.67969, 1.14844, 12.92969, 1.39844], "rotation": 180, "texture": "#0"},
				"up": {"uv": [12.67969, 1.14844, 12.92969, 1.39844], "rotation": 180, "texture": "#0"},
				"down": {"uv": [12.67969, 1.14844, 12.92969, 1.39844], "rotation": 180, "texture": "#0"}
			}
		},
		{
			"from": [11.5, 16.7, 16.2],
			"to": [11.75, 16.95, 16.45],
			"rotation": {"angle": -45, "axis": "y", "origin": [11.625, 17.05, 16.325]},
			"faces": {
				"north": {"uv": [12.73438, 0.85156, 12.98438, 1.10156], "rotation": 180, "texture": "#0"},
				"east": {"uv": [12.73438, 0.85156, 12.98438, 1.10156], "rotation": 180, "texture": "#0"},
				"south": {"uv": [12.73438, 0.85156, 12.98438, 1.10156], "rotation": 180, "texture": "#0"},
				"west": {"uv": [12.73438, 0.85156, 12.98438, 1.10156], "rotation": 180, "texture": "#0"},
				"up": {"uv": [12.73438, 0.85156, 12.98438, 1.10156], "rotation": 180, "texture": "#0"},
				"down": {"uv": [12.73438, 0.85156, 12.98438, 1.10156], "rotation": 180, "texture": "#0"}
			}
		},
		{
			"from": [12.338, -5.4431, 14.75553],
			"to": [13.151, 17.5419, 14.86053],
			"rotation": {"angle": 45, "axis": "x", "origin": [8, 17, 15.725]},
			"faces": {
				"north": {"uv": [13.24219, 7.32813, 13.64063, 16], "texture": "#0"},
				"east": {"uv": [14, 0, 16, 16], "rotation": 270, "texture": "#0"},
				"south": {"uv": [14, 0, 16, 16], "rotation": 180, "texture": "#0"},
				"west": {"uv": [14, 0, 16, 16], "rotation": 90, "texture": "#0"},
				"up": {"uv": [14, 0, 16, 16], "rotation": 180, "texture": "#0"},
				"down": {"uv": [14, 0, 16, 16], "texture": "#0"}
			}
		},
		{
			"from": [12.338, 0.75, -1.173],
			"to": [13.151, 24.275, -1.068],
			"rotation": {"angle": 45, "axis": "x", "origin": [8, 0, -0.075]},
			"faces": {
				"north": {"uv": [14, 0, 16, 16], "texture": "#0"},
				"east": {"uv": [14, 0, 16, 16], "rotation": 270, "texture": "#0"},
				"south": {"uv": [14, 0, 16, 16], "rotation": 180, "texture": "#0"},
				"west": {"uv": [14, 0, 16, 16], "rotation": 90, "texture": "#0"},
				"up": {"uv": [14, 0, 16, 16], "rotation": 180, "texture": "#0"},
				"down": {"uv": [14, 0, 16, 16], "texture": "#0"}
			}
		},
		{
			"from": [11.25, 13.75, -0.625],
			"to": [14.25, 15.25, -0.375],
			"rotation": {"angle": 45, "axis": "x", "origin": [8, 0, -0.075]},
			"faces": {
				"north": {"uv": [12.67969, 0.64844, 15.67969, 2.14844], "texture": "#0"},
				"east": {"uv": [12.67969, 0.64844, 15.67969, 2.14844], "rotation": 270, "texture": "#0"},
				"south": {"uv": [12.67969, 0.64844, 15.67969, 2.14844], "rotation": 180, "texture": "#0"},
				"west": {"uv": [12.67969, 0.64844, 15.67969, 2.14844], "rotation": 90, "texture": "#0"},
				"up": {"uv": [12.67969, 0.64844, 15.67969, 2.14844], "rotation": 180, "texture": "#0"},
				"down": {"uv": [12.67969, 0.64844, 15.67969, 2.14844], "texture": "#0"}
			}
		},
		{
			"from": [11.5, 14, -0.775],
			"to": [11.75, 14.25, -0.525],
			"rotation": {"angle": 45, "axis": "x", "origin": [8, 0, -0.075]},
			"faces": {
				"north": {"uv": [12.73438, 0.85156, 12.98438, 1.10156], "texture": "#0"},
				"east": {"uv": [12.73438, 0.85156, 12.98438, 1.10156], "rotation": 270, "texture": "#0"},
				"south": {"uv": [12.73438, 0.85156, 12.98438, 1.10156], "rotation": 180, "texture": "#0"},
				"west": {"uv": [12.73438, 0.85156, 12.98438, 1.10156], "rotation": 90, "texture": "#0"},
				"up": {"uv": [12.73438, 0.85156, 12.98438, 1.10156], "rotation": 180, "texture": "#0"},
				"down": {"uv": [12.73438, 0.85156, 12.98438, 1.10156], "texture": "#0"}
			}
		},
		{
			"from": [13.75, 14, -0.775],
			"to": [14, 14.25, -0.525],
			"rotation": {"angle": 45, "axis": "x", "origin": [8, 0, -0.075]},
			"faces": {
				"north": {"uv": [12.67969, 1.14844, 12.92969, 1.39844], "texture": "#0"},
				"east": {"uv": [12.67969, 1.14844, 12.92969, 1.39844], "rotation": 270, "texture": "#0"},
				"south": {"uv": [12.67969, 1.14844, 12.92969, 1.39844], "rotation": 180, "texture": "#0"},
				"west": {"uv": [12.67969, 1.14844, 12.92969, 1.39844], "rotation": 90, "texture": "#0"},
				"up": {"uv": [12.67969, 1.14844, 12.92969, 1.39844], "rotation": 180, "texture": "#0"},
				"down": {"uv": [12.67969, 1.14844, 12.92969, 1.39844], "texture": "#0"}
			}
		},
		{
			"from": [13.75, 14.75, -0.775],
			"to": [14, 15, -0.525],
			"rotation": {"angle": 45, "axis": "x", "origin": [8, 0, -0.075]},
			"faces": {
				"north": {"uv": [12.67969, 1.14844, 12.92969, 1.39844], "texture": "#0"},
				"east": {"uv": [12.67969, 1.14844, 12.92969, 1.39844], "rotation": 270, "texture": "#0"},
				"south": {"uv": [12.67969, 1.14844, 12.92969, 1.39844], "rotation": 180, "texture": "#0"},
				"west": {"uv": [12.67969, 1.14844, 12.92969, 1.39844], "rotation": 90, "texture": "#0"},
				"up": {"uv": [12.67969, 1.14844, 12.92969, 1.39844], "rotation": 180, "texture": "#0"},
				"down": {"uv": [12.67969, 1.14844, 12.92969, 1.39844], "texture": "#0"}
			}
		},
		{
			"from": [11.5, 14.75, -0.775],
			"to": [11.75, 15, -0.525],
			"rotation": {"angle": 45, "axis": "x", "origin": [8, 0, -0.075]},
			"faces": {
				"north": {"uv": [12.73438, 0.85156, 12.98438, 1.10156], "texture": "#0"},
				"east": {"uv": [12.73438, 0.85156, 12.98438, 1.10156], "rotation": 270, "texture": "#0"},
				"south": {"uv": [12.73438, 0.85156, 12.98438, 1.10156], "rotation": 180, "texture": "#0"},
				"west": {"uv": [12.73438, 0.85156, 12.98438, 1.10156], "rotation": 90, "texture": "#0"},
				"up": {"uv": [12.73438, 0.85156, 12.98438, 1.10156], "rotation": 180, "texture": "#0"},
				"down": {"uv": [12.73438, 0.85156, 12.98438, 1.10156], "texture": "#0"}
			}
		},
		{
			"from": [11.25, 9.75, -0.625],
			"to": [14.25, 11.25, -0.375],
			"rotation": {"angle": 45, "axis": "x", "origin": [8, 0, -0.075]},
			"faces": {
				"north": {"uv": [12.75781, 0.30469, 15.75781, 1.80469], "texture": "#0"},
				"east": {"uv": [12.75781, 0.30469, 15.75781, 1.80469], "rotation": 270, "texture": "#0"},
				"south": {"uv": [12.75781, 0.30469, 15.75781, 1.80469], "rotation": 180, "texture": "#0"},
				"west": {"uv": [12.75781, 0.30469, 15.75781, 1.80469], "rotation": 90, "texture": "#0"},
				"up": {"uv": [12.75781, 0.30469, 15.75781, 1.80469], "rotation": 180, "texture": "#0"},
				"down": {"uv": [12.75781, 0.30469, 15.75781, 1.80469], "texture": "#0"}
			}
		},
		{
			"from": [11.5, 10, -0.775],
			"to": [11.75, 10.25, -0.525],
			"rotation": {"angle": 45, "axis": "x", "origin": [8, 0, -0.075]},
			"faces": {
				"north": {"uv": [12.70313, 1.36719, 12.95313, 1.61719], "texture": "#0"},
				"east": {"uv": [12.70313, 1.36719, 12.95313, 1.61719], "rotation": 270, "texture": "#0"},
				"south": {"uv": [12.70313, 1.36719, 12.95313, 1.61719], "rotation": 180, "texture": "#0"},
				"west": {"uv": [12.70313, 1.36719, 12.95313, 1.61719], "rotation": 90, "texture": "#0"},
				"up": {"uv": [12.70313, 1.36719, 12.95313, 1.61719], "rotation": 180, "texture": "#0"},
				"down": {"uv": [12.70313, 1.36719, 12.95313, 1.61719], "texture": "#0"}
			}
		},
		{
			"from": [13.75, 10, -0.775],
			"to": [14, 10.25, -0.525],
			"rotation": {"angle": 45, "axis": "x", "origin": [8, 0, -0.075]},
			"faces": {
				"north": {"uv": [12.67969, 1.14844, 12.92969, 1.39844], "texture": "#0"},
				"east": {"uv": [12.67969, 1.14844, 12.92969, 1.39844], "rotation": 270, "texture": "#0"},
				"south": {"uv": [12.67969, 1.14844, 12.92969, 1.39844], "rotation": 180, "texture": "#0"},
				"west": {"uv": [12.67969, 1.14844, 12.92969, 1.39844], "rotation": 90, "texture": "#0"},
				"up": {"uv": [12.67969, 1.14844, 12.92969, 1.39844], "rotation": 180, "texture": "#0"},
				"down": {"uv": [12.67969, 1.14844, 12.92969, 1.39844], "texture": "#0"}
			}
		},
		{
			"from": [13.75, 10.75, -0.775],
			"to": [14, 11, -0.525],
			"rotation": {"angle": 45, "axis": "x", "origin": [8, 0, -0.075]},
			"faces": {
				"north": {"uv": [12.67969, 1.14844, 12.92969, 1.39844], "texture": "#0"},
				"east": {"uv": [12.67969, 1.14844, 12.92969, 1.39844], "rotation": 270, "texture": "#0"},
				"south": {"uv": [12.67969, 1.14844, 12.92969, 1.39844], "rotation": 180, "texture": "#0"},
				"west": {"uv": [12.67969, 1.14844, 12.92969, 1.39844], "rotation": 90, "texture": "#0"},
				"up": {"uv": [12.67969, 1.14844, 12.92969, 1.39844], "rotation": 180, "texture": "#0"},
				"down": {"uv": [12.67969, 1.14844, 12.92969, 1.39844], "texture": "#0"}
			}
		},
		{
			"from": [11.5, 10.75, -0.775],
			"to": [11.75, 11, -0.525],
			"rotation": {"angle": 45, "axis": "x", "origin": [8, 0, -0.075]},
			"faces": {
				"north": {"uv": [12.70313, 1.36719, 12.95313, 1.61719], "texture": "#0"},
				"east": {"uv": [12.70313, 1.36719, 12.95313, 1.61719], "rotation": 270, "texture": "#0"},
				"south": {"uv": [12.70313, 1.36719, 12.95313, 1.61719], "rotation": 180, "texture": "#0"},
				"west": {"uv": [12.70313, 1.36719, 12.95313, 1.61719], "rotation": 90, "texture": "#0"},
				"up": {"uv": [12.70313, 1.36719, 12.95313, 1.61719], "rotation": 180, "texture": "#0"},
				"down": {"uv": [12.70313, 1.36719, 12.95313, 1.61719], "texture": "#0"}
			}
		},
		{
			"from": [11.25, 5.75, -0.625],
			"to": [14.25, 7.25, -0.375],
			"rotation": {"angle": 45, "axis": "x", "origin": [8, 0, -0.075]},
			"faces": {
				"north": {"uv": [12.67969, 0.64844, 15.67969, 2.14844], "texture": "#0"},
				"east": {"uv": [12.67969, 0.64844, 15.67969, 2.14844], "rotation": 270, "texture": "#0"},
				"south": {"uv": [12.67969, 0.64844, 15.67969, 2.14844], "rotation": 180, "texture": "#0"},
				"west": {"uv": [12.67969, 0.64844, 15.67969, 2.14844], "rotation": 90, "texture": "#0"},
				"up": {"uv": [12.67969, 0.64844, 15.67969, 2.14844], "rotation": 180, "texture": "#0"},
				"down": {"uv": [12.67969, 0.64844, 15.67969, 2.14844], "texture": "#0"}
			}
		},
		{
			"from": [11.5, 6, -0.775],
			"to": [11.75, 6.25, -0.525],
			"rotation": {"angle": 45, "axis": "x", "origin": [8, 0, -0.075]},
			"faces": {
				"north": {"uv": [12.70313, 1.36719, 12.95313, 1.61719], "texture": "#0"},
				"east": {"uv": [12.70313, 1.36719, 12.95313, 1.61719], "rotation": 270, "texture": "#0"},
				"south": {"uv": [12.70313, 1.36719, 12.95313, 1.61719], "rotation": 180, "texture": "#0"},
				"west": {"uv": [12.70313, 1.36719, 12.95313, 1.61719], "rotation": 90, "texture": "#0"},
				"up": {"uv": [12.70313, 1.36719, 12.95313, 1.61719], "rotation": 180, "texture": "#0"},
				"down": {"uv": [12.70313, 1.36719, 12.95313, 1.61719], "texture": "#0"}
			}
		},
		{
			"from": [13.75, 6, -0.775],
			"to": [14, 6.25, -0.525],
			"rotation": {"angle": 45, "axis": "x", "origin": [8, 0, -0.075]},
			"faces": {
				"north": {"uv": [12.67969, 1.14844, 12.92969, 1.39844], "texture": "#0"},
				"east": {"uv": [12.67969, 1.14844, 12.92969, 1.39844], "rotation": 270, "texture": "#0"},
				"south": {"uv": [12.67969, 1.14844, 12.92969, 1.39844], "rotation": 180, "texture": "#0"},
				"west": {"uv": [12.67969, 1.14844, 12.92969, 1.39844], "rotation": 90, "texture": "#0"},
				"up": {"uv": [12.67969, 1.14844, 12.92969, 1.39844], "rotation": 180, "texture": "#0"},
				"down": {"uv": [12.67969, 1.14844, 12.92969, 1.39844], "texture": "#0"}
			}
		},
		{
			"from": [13.75, 6.75, -0.775],
			"to": [14, 7, -0.525],
			"rotation": {"angle": 45, "axis": "x", "origin": [8, 0, -0.075]},
			"faces": {
				"north": {"uv": [12.67969, 1.14844, 12.92969, 1.39844], "texture": "#0"},
				"east": {"uv": [12.67969, 1.14844, 12.92969, 1.39844], "rotation": 270, "texture": "#0"},
				"south": {"uv": [12.67969, 1.14844, 12.92969, 1.39844], "rotation": 180, "texture": "#0"},
				"west": {"uv": [12.67969, 1.14844, 12.92969, 1.39844], "rotation": 90, "texture": "#0"},
				"up": {"uv": [12.67969, 1.14844, 12.92969, 1.39844], "rotation": 180, "texture": "#0"},
				"down": {"uv": [12.67969, 1.14844, 12.92969, 1.39844], "texture": "#0"}
			}
		},
		{
			"from": [11.5, 6.75, -0.775],
			"to": [11.75, 7, -0.525],
			"rotation": {"angle": 45, "axis": "x", "origin": [8, 0, -0.075]},
			"faces": {
				"north": {"uv": [12.70313, 1.36719, 12.95313, 1.61719], "texture": "#0"},
				"east": {"uv": [12.70313, 1.36719, 12.95313, 1.61719], "rotation": 270, "texture": "#0"},
				"south": {"uv": [12.70313, 1.36719, 12.95313, 1.61719], "rotation": 180, "texture": "#0"},
				"west": {"uv": [12.70313, 1.36719, 12.95313, 1.61719], "rotation": 90, "texture": "#0"},
				"up": {"uv": [12.70313, 1.36719, 12.95313, 1.61719], "rotation": 180, "texture": "#0"},
				"down": {"uv": [12.70313, 1.36719, 12.95313, 1.61719], "texture": "#0"}
			}
		},
		{
			"from": [13.75, 2, -0.775],
			"to": [14, 2.25, -0.525],
			"rotation": {"angle": 45, "axis": "x", "origin": [8, 0, -0.075]},
			"faces": {
				"north": {"uv": [12.73438, 1.34375, 12.98438, 1.59375], "texture": "#0"},
				"east": {"uv": [12.73438, 1.34375, 12.98438, 1.59375], "rotation": 270, "texture": "#0"},
				"south": {"uv": [12.73438, 1.34375, 12.98438, 1.59375], "rotation": 180, "texture": "#0"},
				"west": {"uv": [12.73438, 1.34375, 12.98438, 1.59375], "rotation": 90, "texture": "#0"},
				"up": {"uv": [12.73438, 1.34375, 12.98438, 1.59375], "rotation": 180, "texture": "#0"},
				"down": {"uv": [12.73438, 1.34375, 12.98438, 1.59375], "texture": "#0"}
			}
		},
		{
			"from": [13.75, 2.75, -0.775],
			"to": [14, 3, -0.525],
			"rotation": {"angle": 45, "axis": "x", "origin": [8, 0, -0.075]},
			"faces": {
				"north": {"uv": [12.70313, 1.44531, 12.95313, 1.69531], "texture": "#0"},
				"east": {"uv": [12.70313, 1.44531, 12.95313, 1.69531], "rotation": 270, "texture": "#0"},
				"south": {"uv": [12.70313, 1.44531, 12.95313, 1.69531], "rotation": 180, "texture": "#0"},
				"west": {"uv": [12.70313, 1.44531, 12.95313, 1.69531], "rotation": 90, "texture": "#0"},
				"up": {"uv": [12.70313, 1.44531, 12.95313, 1.69531], "rotation": 180, "texture": "#0"},
				"down": {"uv": [12.70313, 1.44531, 12.95313, 1.69531], "texture": "#0"}
			}
		},
		{
			"from": [11.5, 2.75, -0.775],
			"to": [11.75, 3, -0.525],
			"rotation": {"angle": 45, "axis": "x", "origin": [8, 0, -0.075]},
			"faces": {
				"north": {"uv": [12.70313, 1.36719, 12.95313, 1.61719], "texture": "#0"},
				"east": {"uv": [12.70313, 1.36719, 12.95313, 1.61719], "rotation": 270, "texture": "#0"},
				"south": {"uv": [12.70313, 1.36719, 12.95313, 1.61719], "rotation": 180, "texture": "#0"},
				"west": {"uv": [12.70313, 1.36719, 12.95313, 1.61719], "rotation": 90, "texture": "#0"},
				"up": {"uv": [12.70313, 1.36719, 12.95313, 1.61719], "rotation": 180, "texture": "#0"},
				"down": {"uv": [12.70313, 1.36719, 12.95313, 1.61719], "texture": "#0"}
			}
		},
		{
			"from": [11.5, 2, -0.775],
			"to": [11.75, 2.25, -0.525],
			"rotation": {"angle": 45, "axis": "x", "origin": [8, 0, -0.075]},
			"faces": {
				"north": {"uv": [12.70313, 1.36719, 12.95313, 1.61719], "texture": "#0"},
				"east": {"uv": [12.70313, 1.36719, 12.95313, 1.61719], "rotation": 270, "texture": "#0"},
				"south": {"uv": [12.70313, 1.36719, 12.95313, 1.61719], "rotation": 180, "texture": "#0"},
				"west": {"uv": [12.70313, 1.36719, 12.95313, 1.61719], "rotation": 90, "texture": "#0"},
				"up": {"uv": [12.70313, 1.36719, 12.95313, 1.61719], "rotation": 180, "texture": "#0"},
				"down": {"uv": [12.70313, 1.36719, 12.95313, 1.61719], "texture": "#0"}
			}
		},
		{
			"from": [11.25, 1.75, -0.625],
			"to": [14.25, 3.25, -0.375],
			"rotation": {"angle": 45, "axis": "x", "origin": [8, 0, -0.075]},
			"faces": {
				"north": {"uv": [12.67969, 0.64844, 15.67969, 2.14844], "texture": "#0"},
				"east": {"uv": [12.67969, 0.64844, 15.67969, 2.14844], "rotation": 270, "texture": "#0"},
				"south": {"uv": [12.67969, 0.64844, 15.67969, 2.14844], "rotation": 180, "texture": "#0"},
				"west": {"uv": [12.67969, 0.64844, 15.67969, 2.14844], "rotation": 90, "texture": "#0"},
				"up": {"uv": [12.67969, 0.64844, 15.67969, 2.14844], "rotation": 180, "texture": "#0"},
				"down": {"uv": [12.67969, 0.64844, 15.67969, 2.14844], "texture": "#0"}
			}
		},
		{
			"from": [2.625, 16.725, 16.1],
			"to": [3.9, 17.05, 16.175],
			"rotation": {"angle": 0, "axis": "y", "origin": [-9.5, 22, 1]},
			"faces": {
				"north": {"uv": [14, 0, 16, 16], "rotation": 180, "texture": "#0"},
				"east": {"uv": [14, 0, 16, 16], "rotation": 180, "texture": "#0"},
				"south": {"uv": [14, 0, 16, 16], "rotation": 180, "texture": "#0"},
				"west": {"uv": [14, 0, 16, 16], "rotation": 180, "texture": "#0"},
				"up": {"uv": [14, 0, 16, 16], "rotation": 180, "texture": "#0"},
				"down": {"uv": [14, 0, 16, 16], "rotation": 180, "texture": "#0"}
			}
		},
		{
			"from": [12.125, 16.725, 15.975],
			"to": [13.4, 17.05, 16.05],
			"rotation": {"angle": 0, "axis": "y", "origin": [0, 22, 1]},
			"faces": {
				"north": {"uv": [14, 0, 16, 16], "rotation": 180, "texture": "#0"},
				"east": {"uv": [14, 0, 16, 16], "rotation": 180, "texture": "#0"},
				"south": {"uv": [14, 0, 16, 16], "rotation": 180, "texture": "#0"},
				"west": {"uv": [14, 0, 16, 16], "rotation": 180, "texture": "#0"},
				"up": {"uv": [14, 0, 16, 16], "rotation": 180, "texture": "#0"},
				"down": {"uv": [14, 0, 16, 16], "rotation": 180, "texture": "#0"}
			}
		},
		{
			"from": [2.625, 16.725, 15.975],
			"to": [3.9, 17.05, 16.05],
			"rotation": {"angle": 0, "axis": "y", "origin": [-9.5, 22, 1]},
			"faces": {
				"north": {"uv": [14, 0, 16, 16], "rotation": 180, "texture": "#0"},
				"east": {"uv": [14, 0, 16, 16], "rotation": 180, "texture": "#0"},
				"south": {"uv": [14, 0, 16, 16], "rotation": 180, "texture": "#0"},
				"west": {"uv": [14, 0, 16, 16], "rotation": 180, "texture": "#0"},
				"up": {"uv": [14, 0, 16, 16], "rotation": 180, "texture": "#0"},
				"down": {"uv": [14, 0, 16, 16], "rotation": 180, "texture": "#0"}
			}
		},
		{
			"from": [2.625, 16.725, 16.225],
			"to": [3.9, 17.05, 16.3],
			"rotation": {"angle": 0, "axis": "y", "origin": [-9.5, 22, 1]},
			"faces": {
				"north": {"uv": [14, 0, 16, 16], "rotation": 180, "texture": "#0"},
				"east": {"uv": [14, 0, 16, 16], "rotation": 180, "texture": "#0"},
				"south": {"uv": [14, 0, 16, 16], "rotation": 180, "texture": "#0"},
				"west": {"uv": [14, 0, 16, 16], "rotation": 180, "texture": "#0"},
				"up": {"uv": [14, 0, 16, 16], "rotation": 180, "texture": "#0"},
				"down": {"uv": [14, 0, 16, 16], "rotation": 180, "texture": "#0"}
			}
		},
		{
			"from": [2.5, 16.725, 15.925],
			"to": [4, 16.85, 16.7],
			"rotation": {"angle": 0, "axis": "y", "origin": [-9.5, 22, 1]},
			"faces": {
				"north": {"uv": [14, 0, 16, 16], "rotation": 180, "texture": "#0"},
				"east": {"uv": [14, 0, 16, 16], "rotation": 180, "texture": "#0"},
				"south": {"uv": [14, 0, 16, 16], "rotation": 180, "texture": "#0"},
				"west": {"uv": [14, 0, 16, 16], "rotation": 180, "texture": "#0"},
				"up": {"uv": [14, 0, 16, 16], "rotation": 180, "texture": "#0"},
				"down": {"uv": [14, 0, 16, 16], "rotation": 180, "texture": "#0"}
			}
		},
		{
			"from": [2.61194, 16.85866, 16.25],
			"to": [3.23694, 16.98366, 16.7],
			"rotation": {"angle": 22.5, "axis": "z", "origin": [3, 17, 8.75]},
			"faces": {
				"north": {"uv": [14, 0, 16, 16], "rotation": 180, "texture": "#0"},
				"east": {"uv": [14, 0, 16, 16], "rotation": 180, "texture": "#0"},
				"south": {"uv": [14, 0, 16, 16], "rotation": 180, "texture": "#0"},
				"west": {"uv": [14, 0, 16, 16], "rotation": 180, "texture": "#0"},
				"up": {"uv": [14, 0, 16, 16], "rotation": 180, "texture": "#0"},
				"down": {"uv": [14, 0, 16, 16], "rotation": 180, "texture": "#0"}
			}
		},
		{
			"from": [3.275, 16.85, 16.25],
			"to": [3.9, 17, 16.7],
			"rotation": {"angle": -22.5, "axis": "z", "origin": [3.5, 17, 1]},
			"faces": {
				"north": {"uv": [14, 0, 16, 16], "rotation": 180, "texture": "#0"},
				"east": {"uv": [14, 0, 16, 16], "rotation": 180, "texture": "#0"},
				"south": {"uv": [14, 0, 16, 16], "rotation": 180, "texture": "#0"},
				"west": {"uv": [14, 0, 16, 16], "rotation": 180, "texture": "#0"},
				"up": {"uv": [14, 0, 16, 16], "rotation": 180, "texture": "#0"},
				"down": {"uv": [14, 0, 16, 16], "rotation": 180, "texture": "#0"}
			}
		},
		{
			"from": [3, 16.85, 15.45],
			"to": [3.5, 17.35, 16.7],
			"rotation": {"angle": 0, "axis": "y", "origin": [-9.5, 22, 1]},
			"faces": {
				"north": {"uv": [14, 0, 16, 16], "rotation": 180, "texture": "#0"},
				"east": {"uv": [14, 0, 16, 16], "rotation": 180, "texture": "#0"},
				"south": {"uv": [14, 0, 16, 16], "rotation": 180, "texture": "#0"},
				"west": {"uv": [14, 0, 16, 16], "rotation": 180, "texture": "#0"},
				"up": {"uv": [14, 0, 16, 16], "rotation": 180, "texture": "#0"},
				"down": {"uv": [14, 0, 16, 16], "rotation": 180, "texture": "#0"}
			}
		},
		{
			"from": [3.14, 17.375, 16.075],
			"to": [3.265, 17.5, 16.7],
			"rotation": {"angle": -45, "axis": "z", "origin": [3.675, 18.15, 9]},
			"faces": {
				"north": {"uv": [13.51563, 8.0625, 13.67969, 16], "rotation": 180, "texture": "#0"},
				"east": {"uv": [13.51563, 8.0625, 13.67969, 16], "rotation": 180, "texture": "#0"},
				"south": {"uv": [13.51563, 8.0625, 13.67969, 16], "rotation": 180, "texture": "#0"},
				"west": {"uv": [13.51563, 8.0625, 13.67969, 16], "rotation": 180, "texture": "#0"},
				"up": {"uv": [13.51563, 8.0625, 13.67969, 16], "rotation": 180, "texture": "#0"},
				"down": {"uv": [13.51563, 8.0625, 13.67969, 16], "rotation": 180, "texture": "#0"}
			}
		},
		{
			"from": [2.838, 17.963, 15.425],
			"to": [3.651, 18.068, 16.7],
			"rotation": {"angle": 0, "axis": "y", "origin": [-9.5, 22, 1]},
			"faces": {
				"north": {"uv": [14, 0, 16, 16], "rotation": 180, "texture": "#0"},
				"east": {"uv": [14, 0, 16, 16], "rotation": 180, "texture": "#0"},
				"south": {"uv": [14, 0, 16, 16], "rotation": 180, "texture": "#0"},
				"west": {"uv": [14, 0, 16, 16], "rotation": 180, "texture": "#0"},
				"up": {"uv": [13.24219, 7.32813, 13.64063, 16], "rotation": 180, "texture": "#0"},
				"down": {"uv": [14, 0, 16, 16], "rotation": 180, "texture": "#0"}
			}
		},
		{
			"from": [3.3423, 18.49978, 16.075],
			"to": [3.4673, 18.62478, 16.7],
			"rotation": {"angle": -45, "axis": "z", "origin": [2.825, 17.975, 9]},
			"faces": {
				"north": {"uv": [13.14844, 7.22656, 13.36719, 16], "rotation": 180, "texture": "#0"},
				"east": {"uv": [13.14844, 7.22656, 13.36719, 16], "rotation": 180, "texture": "#0"},
				"south": {"uv": [13.14844, 7.22656, 13.36719, 16], "rotation": 180, "texture": "#0"},
				"west": {"uv": [13.14844, 7.22656, 13.36719, 16], "rotation": 180, "texture": "#0"},
				"up": {"uv": [13.14844, 7.22656, 13.36719, 16], "rotation": 180, "texture": "#0"},
				"down": {"uv": [13.14844, 7.22656, 13.36719, 16], "rotation": 180, "texture": "#0"}
			}
		},
		{
			"from": [2.75, 17.325, 15.45],
			"to": [3.738, 17.98, 16.7],
			"rotation": {"angle": 0, "axis": "y", "origin": [-9.5, 22, 1]},
			"faces": {
				"north": {"uv": [14.01563, 7.42188, 15.53125, 16], "rotation": 180, "texture": "#0"},
				"east": {"uv": [14.01563, 7.42188, 15.53125, 16], "rotation": 180, "texture": "#0"},
				"south": {"uv": [14.01563, 7.42188, 15.53125, 16], "rotation": 180, "texture": "#0"},
				"west": {"uv": [14.01563, 7.42188, 15.53125, 16], "rotation": 180, "texture": "#0"},
				"up": {"uv": [14.01563, 7.42188, 15.53125, 16], "rotation": 180, "texture": "#0"},
				"down": {"uv": [14.01563, 7.42188, 15.53125, 16], "rotation": 180, "texture": "#0"}
			}
		},
		{
			"from": [3.14, 16.725, 15.45],
			"to": [3.265, 16.85, 16.7],
			"rotation": {"angle": -45, "axis": "z", "origin": [3.675, 17.5, 9]},
			"faces": {
				"north": {"uv": [14, 0, 16, 16], "rotation": 180, "texture": "#0"},
				"east": {"uv": [14, 0, 16, 16], "rotation": 180, "texture": "#0"},
				"south": {"uv": [14, 0, 16, 16], "rotation": 180, "texture": "#0"},
				"west": {"uv": [14, 0, 16, 16], "rotation": 180, "texture": "#0"},
				"up": {"uv": [14, 0, 16, 16], "rotation": 180, "texture": "#0"},
				"down": {"uv": [14, 0, 16, 16], "rotation": 180, "texture": "#0"}
			}
		},
		{
			"from": [2.838, 17.243, 15.45],
			"to": [3.651, 17.348, 16.7],
			"rotation": {"angle": 0, "axis": "y", "origin": [-9.5, 21.35, 1]},
			"faces": {
				"north": {"uv": [14, 0, 16, 16], "rotation": 180, "texture": "#0"},
				"east": {"uv": [14, 0, 16, 16], "rotation": 180, "texture": "#0"},
				"south": {"uv": [14, 0, 16, 16], "rotation": 180, "texture": "#0"},
				"west": {"uv": [14, 0, 16, 16], "rotation": 180, "texture": "#0"},
				"up": {"uv": [14, 0, 16, 16], "rotation": 180, "texture": "#0"},
				"down": {"uv": [14, 0, 16, 16], "rotation": 180, "texture": "#0"}
			}
		},
		{
			"from": [3.3423, 17.84978, 15.45],
			"to": [3.4673, 17.97478, 16.7],
			"rotation": {"angle": -45, "axis": "z", "origin": [2.825, 17.325, 9]},
			"faces": {
				"north": {"uv": [14, 0, 16, 16], "rotation": 180, "texture": "#0"},
				"east": {"uv": [14, 0, 16, 16], "rotation": 180, "texture": "#0"},
				"south": {"uv": [14, 0, 16, 16], "rotation": 180, "texture": "#0"},
				"west": {"uv": [14, 0, 16, 16], "rotation": 180, "texture": "#0"},
				"up": {"uv": [14, 0, 16, 16], "rotation": 180, "texture": "#0"},
				"down": {"uv": [14, 0, 16, 16], "rotation": 180, "texture": "#0"}
			}
		},
		{
			"from": [1.75, 16.55, 15.95],
			"to": [4.75, 16.8, 16.7],
			"rotation": {"angle": 0, "axis": "y", "origin": [-9.5, 22, 14.7]},
			"faces": {
				"north": {"uv": [12.67969, 0.64844, 15.67969, 2.14844], "rotation": 180, "texture": "#0"},
				"east": {"uv": [12.67969, 0.64844, 15.67969, 2.14844], "rotation": 180, "texture": "#0"},
				"south": {"uv": [12.67969, 0.64844, 15.67969, 2.14844], "rotation": 180, "texture": "#0"},
				"west": {"uv": [12.67969, 0.64844, 15.67969, 2.14844], "rotation": 180, "texture": "#0"},
				"up": {"uv": [12.67969, 0.64844, 15.67969, 2.14844], "rotation": 180, "texture": "#0"},
				"down": {"uv": [12.67969, 0.64844, 15.67969, 2.14844], "rotation": 180, "texture": "#0"}
			}
		},
		{
			"from": [2, 16.7, 16.2],
			"to": [2.25, 16.95, 16.45],
			"rotation": {"angle": 0, "axis": "y", "origin": [-9.5, 22, 14.7]},
			"faces": {
				"north": {"uv": [12.73438, 0.85156, 12.98438, 1.10156], "rotation": 180, "texture": "#0"},
				"east": {"uv": [12.73438, 0.85156, 12.98438, 1.10156], "rotation": 180, "texture": "#0"},
				"south": {"uv": [12.73438, 0.85156, 12.98438, 1.10156], "rotation": 180, "texture": "#0"},
				"west": {"uv": [12.73438, 0.85156, 12.98438, 1.10156], "rotation": 180, "texture": "#0"},
				"up": {"uv": [12.73438, 0.85156, 12.98438, 1.10156], "rotation": 180, "texture": "#0"},
				"down": {"uv": [12.73438, 0.85156, 12.98438, 1.10156], "rotation": 180, "texture": "#0"}
			}
		},
		{
			"from": [4.25, 16.7, 16.2],
			"to": [4.5, 16.95, 16.45],
			"rotation": {"angle": 0, "axis": "y", "origin": [-9.5, 22, 14.7]},
			"faces": {
				"north": {"uv": [12.67969, 1.14844, 12.92969, 1.39844], "rotation": 180, "texture": "#0"},
				"east": {"uv": [12.67969, 1.14844, 12.92969, 1.39844], "rotation": 180, "texture": "#0"},
				"south": {"uv": [12.67969, 1.14844, 12.92969, 1.39844], "rotation": 180, "texture": "#0"},
				"west": {"uv": [12.67969, 1.14844, 12.92969, 1.39844], "rotation": 180, "texture": "#0"},
				"up": {"uv": [12.67969, 1.14844, 12.92969, 1.39844], "rotation": 180, "texture": "#0"},
				"down": {"uv": [12.67969, 1.14844, 12.92969, 1.39844], "rotation": 180, "texture": "#0"}
			}
		},
		{
			"from": [4.25, 16.7, 16.2],
			"to": [4.5, 16.95, 16.45],
			"rotation": {"angle": 45, "axis": "y", "origin": [4.375, 17.05, 16.325]},
			"faces": {
				"north": {"uv": [12.67969, 1.14844, 12.92969, 1.39844], "rotation": 180, "texture": "#0"},
				"east": {"uv": [12.67969, 1.14844, 12.92969, 1.39844], "rotation": 180, "texture": "#0"},
				"south": {"uv": [12.67969, 1.14844, 12.92969, 1.39844], "rotation": 180, "texture": "#0"},
				"west": {"uv": [12.67969, 1.14844, 12.92969, 1.39844], "rotation": 180, "texture": "#0"},
				"up": {"uv": [12.67969, 1.14844, 12.92969, 1.39844], "rotation": 180, "texture": "#0"},
				"down": {"uv": [12.67969, 1.14844, 12.92969, 1.39844], "rotation": 180, "texture": "#0"}
			}
		},
		{
			"from": [2, 16.7, 16.2],
			"to": [2.25, 16.95, 16.45],
			"rotation": {"angle": -45, "axis": "y", "origin": [2.125, 17.05, 16.325]},
			"faces": {
				"north": {"uv": [12.73438, 0.85156, 12.98438, 1.10156], "rotation": 180, "texture": "#0"},
				"east": {"uv": [12.73438, 0.85156, 12.98438, 1.10156], "rotation": 180, "texture": "#0"},
				"south": {"uv": [12.73438, 0.85156, 12.98438, 1.10156], "rotation": 180, "texture": "#0"},
				"west": {"uv": [12.73438, 0.85156, 12.98438, 1.10156], "rotation": 180, "texture": "#0"},
				"up": {"uv": [12.73438, 0.85156, 12.98438, 1.10156], "rotation": 180, "texture": "#0"},
				"down": {"uv": [12.73438, 0.85156, 12.98438, 1.10156], "rotation": 180, "texture": "#0"}
			}
		},
		{
			"from": [4.25, 22, -0.775],
			"to": [4.5, 22.25, -0.525],
			"rotation": {"angle": 45, "axis": "x", "origin": [-1.5, 0, -0.075]},
			"faces": {
				"north": {"uv": [12.67969, 1.14844, 12.92969, 1.39844], "texture": "#0"},
				"east": {"uv": [12.67969, 1.14844, 12.92969, 1.39844], "rotation": 270, "texture": "#0"},
				"south": {"uv": [12.67969, 1.14844, 12.92969, 1.39844], "rotation": 180, "texture": "#0"},
				"west": {"uv": [12.67969, 1.14844, 12.92969, 1.39844], "rotation": 90, "texture": "#0"},
				"up": {"uv": [12.67969, 1.14844, 12.92969, 1.39844], "rotation": 180, "texture": "#0"},
				"down": {"uv": [12.67969, 1.14844, 12.92969, 1.39844], "texture": "#0"}
			}
		},
		{
			"from": [4.25, 22.75, -0.775],
			"to": [4.5, 23, -0.525],
			"rotation": {"angle": 45, "axis": "x", "origin": [-1.5, 0, -0.075]},
			"faces": {
				"north": {"uv": [12.67969, 1.14844, 12.92969, 1.39844], "texture": "#0"},
				"east": {"uv": [12.67969, 1.14844, 12.92969, 1.39844], "rotation": 270, "texture": "#0"},
				"south": {"uv": [12.67969, 1.14844, 12.92969, 1.39844], "rotation": 180, "texture": "#0"},
				"west": {"uv": [12.67969, 1.14844, 12.92969, 1.39844], "rotation": 90, "texture": "#0"},
				"up": {"uv": [12.67969, 1.14844, 12.92969, 1.39844], "rotation": 180, "texture": "#0"},
				"down": {"uv": [12.67969, 1.14844, 12.92969, 1.39844], "texture": "#0"}
			}
		},
		{
			"from": [1.75, 21.75, -0.625],
			"to": [4.75, 23.21, -0.375],
			"rotation": {"angle": 45, "axis": "x", "origin": [-1.5, 0, -0.075]},
			"faces": {
				"north": {"uv": [12.67969, 0.64844, 15.67969, 2.14844], "texture": "#0"},
				"east": {"uv": [12.67969, 0.64844, 15.67969, 2.14844], "rotation": 270, "texture": "#0"},
				"south": {"uv": [12.67969, 0.64844, 15.67969, 2.14844], "rotation": 180, "texture": "#0"},
				"west": {"uv": [12.67969, 0.64844, 15.67969, 2.14844], "rotation": 90, "texture": "#0"},
				"up": {"uv": [12.67969, 0.64844, 15.67969, 2.14844], "rotation": 180, "texture": "#0"},
				"down": {"uv": [12.67969, 0.64844, 15.67969, 2.14844], "texture": "#0"}
			}
		},
		{
			"from": [2, 22, -0.775],
			"to": [2.25, 22.25, -0.525],
			"rotation": {"angle": 45, "axis": "x", "origin": [-1.5, 0, -0.075]},
			"faces": {
				"north": {"uv": [12.73438, 0.85156, 12.98438, 1.10156], "texture": "#0"},
				"east": {"uv": [12.73438, 0.85156, 12.98438, 1.10156], "rotation": 270, "texture": "#0"},
				"south": {"uv": [12.73438, 0.85156, 12.98438, 1.10156], "rotation": 180, "texture": "#0"},
				"west": {"uv": [12.73438, 0.85156, 12.98438, 1.10156], "rotation": 90, "texture": "#0"},
				"up": {"uv": [12.73438, 0.85156, 12.98438, 1.10156], "rotation": 180, "texture": "#0"},
				"down": {"uv": [12.73438, 0.85156, 12.98438, 1.10156], "texture": "#0"}
			}
		},
		{
			"from": [2, 22.75, -0.775],
			"to": [2.25, 23, -0.525],
			"rotation": {"angle": 45, "axis": "x", "origin": [-1.5, 0, -0.075]},
			"faces": {
				"north": {"uv": [12.73438, 0.85156, 12.98438, 1.10156], "texture": "#0"},
				"east": {"uv": [12.73438, 0.85156, 12.98438, 1.10156], "rotation": 270, "texture": "#0"},
				"south": {"uv": [12.73438, 0.85156, 12.98438, 1.10156], "rotation": 180, "texture": "#0"},
				"west": {"uv": [12.73438, 0.85156, 12.98438, 1.10156], "rotation": 90, "texture": "#0"},
				"up": {"uv": [12.73438, 0.85156, 12.98438, 1.10156], "rotation": 180, "texture": "#0"},
				"down": {"uv": [12.73438, 0.85156, 12.98438, 1.10156], "texture": "#0"}
			}
		},
		{
			"from": [4.25, 18, -0.775],
			"to": [4.5, 18.25, -0.525],
			"rotation": {"angle": 45, "axis": "x", "origin": [-1.5, 0, -0.075]},
			"faces": {
				"north": {"uv": [12.67969, 1.14844, 12.92969, 1.39844], "texture": "#0"},
				"east": {"uv": [12.67969, 1.14844, 12.92969, 1.39844], "rotation": 270, "texture": "#0"},
				"south": {"uv": [12.67969, 1.14844, 12.92969, 1.39844], "rotation": 180, "texture": "#0"},
				"west": {"uv": [12.67969, 1.14844, 12.92969, 1.39844], "rotation": 90, "texture": "#0"},
				"up": {"uv": [12.67969, 1.14844, 12.92969, 1.39844], "rotation": 180, "texture": "#0"},
				"down": {"uv": [12.67969, 1.14844, 12.92969, 1.39844], "texture": "#0"}
			}
		},
		{
			"from": [4.25, 18.75, -0.775],
			"to": [4.5, 19, -0.525],
			"rotation": {"angle": 45, "axis": "x", "origin": [-1.5, 0, -0.075]},
			"faces": {
				"north": {"uv": [12.67969, 1.14844, 12.92969, 1.39844], "texture": "#0"},
				"east": {"uv": [12.67969, 1.14844, 12.92969, 1.39844], "rotation": 270, "texture": "#0"},
				"south": {"uv": [12.67969, 1.14844, 12.92969, 1.39844], "rotation": 180, "texture": "#0"},
				"west": {"uv": [12.67969, 1.14844, 12.92969, 1.39844], "rotation": 90, "texture": "#0"},
				"up": {"uv": [12.67969, 1.14844, 12.92969, 1.39844], "rotation": 180, "texture": "#0"},
				"down": {"uv": [12.67969, 1.14844, 12.92969, 1.39844], "texture": "#0"}
			}
		},
		{
			"from": [1.75, 17.75, -0.625],
			"to": [4.75, 19.25, -0.375],
			"rotation": {"angle": 45, "axis": "x", "origin": [-1.5, 0, -0.075]},
			"faces": {
				"north": {"uv": [12.67969, 0.64844, 15.67969, 2.14844], "texture": "#0"},
				"east": {"uv": [12.67969, 0.64844, 15.67969, 2.14844], "rotation": 270, "texture": "#0"},
				"south": {"uv": [12.67969, 0.64844, 15.67969, 2.14844], "rotation": 180, "texture": "#0"},
				"west": {"uv": [12.67969, 0.64844, 15.67969, 2.14844], "rotation": 90, "texture": "#0"},
				"up": {"uv": [12.67969, 0.64844, 15.67969, 2.14844], "rotation": 180, "texture": "#0"},
				"down": {"uv": [12.67969, 0.64844, 15.67969, 2.14844], "texture": "#0"}
			}
		},
		{
			"from": [2, 18, -0.775],
			"to": [2.25, 18.25, -0.525],
			"rotation": {"angle": 45, "axis": "x", "origin": [-1.5, 0, -0.075]},
			"faces": {
				"north": {"uv": [12.73438, 0.85156, 12.98438, 1.10156], "texture": "#0"},
				"east": {"uv": [12.73438, 0.85156, 12.98438, 1.10156], "rotation": 270, "texture": "#0"},
				"south": {"uv": [12.73438, 0.85156, 12.98438, 1.10156], "rotation": 180, "texture": "#0"},
				"west": {"uv": [12.73438, 0.85156, 12.98438, 1.10156], "rotation": 90, "texture": "#0"},
				"up": {"uv": [12.73438, 0.85156, 12.98438, 1.10156], "rotation": 180, "texture": "#0"},
				"down": {"uv": [12.73438, 0.85156, 12.98438, 1.10156], "texture": "#0"}
			}
		},
		{
			"from": [2, 18.75, -0.775],
			"to": [2.25, 19, -0.525],
			"rotation": {"angle": 45, "axis": "x", "origin": [-1.5, 0, -0.075]},
			"faces": {
				"north": {"uv": [12.73438, 0.85156, 12.98438, 1.10156], "texture": "#0"},
				"east": {"uv": [12.73438, 0.85156, 12.98438, 1.10156], "rotation": 270, "texture": "#0"},
				"south": {"uv": [12.73438, 0.85156, 12.98438, 1.10156], "rotation": 180, "texture": "#0"},
				"west": {"uv": [12.73438, 0.85156, 12.98438, 1.10156], "rotation": 90, "texture": "#0"},
				"up": {"uv": [12.73438, 0.85156, 12.98438, 1.10156], "rotation": 180, "texture": "#0"},
				"down": {"uv": [12.73438, 0.85156, 12.98438, 1.10156], "texture": "#0"}
			}
		},
		{
			"from": [2.75, 0.75, -1.805],
			"to": [3.738, 23.7, -1.15],
			"rotation": {"angle": 45, "axis": "x", "origin": [-1.5, 0, -0.075]},
			"faces": {
				"north": {"uv": [14.01563, 7.42188, 15.53125, 16], "texture": "#0"},
				"east": {"uv": [14.01563, 7.42188, 15.53125, 16], "rotation": 270, "texture": "#0"},
				"south": {"uv": [14.01563, 7.42188, 15.53125, 16], "rotation": 180, "texture": "#0"},
				"west": {"uv": [14.01563, 7.42188, 15.53125, 16], "rotation": 90, "texture": "#0"},
				"up": {"uv": [14.01563, 7.42188, 15.53125, 16], "rotation": 180, "texture": "#0"},
				"down": {"uv": [14.01563, 7.42188, 15.53125, 16], "texture": "#0"}
			}
		},
		{
			"from": [2.5, 0.5, -0.675],
			"to": [4, 23.225, -0.55],
			"rotation": {"angle": 45, "axis": "x", "origin": [-1.5, 0, -0.075]},
			"faces": {
				"north": {"uv": [14, 0, 16, 16], "texture": "#0"},
				"east": {"uv": [14, 0, 16, 16], "rotation": 270, "texture": "#0"},
				"south": {"uv": [14, 0, 16, 16], "rotation": 180, "texture": "#0"},
				"west": {"uv": [14, 0, 16, 16], "rotation": 90, "texture": "#0"},
				"up": {"uv": [14, 0, 16, 16], "rotation": 180, "texture": "#0"},
				"down": {"uv": [14, 0, 16, 16], "texture": "#0"}
			}
		},
		{
			"from": [3, 0.5, -1.175],
			"to": [3.5, 23.325, -0.675],
			"rotation": {"angle": 45, "axis": "x", "origin": [-1.5, 0, -0.075]},
			"faces": {
				"north": {"uv": [14, 0, 16, 16], "texture": "#0"},
				"east": {"uv": [14, 0, 16, 16], "rotation": 270, "texture": "#0"},
				"south": {"uv": [14, 0, 16, 16], "rotation": 180, "texture": "#0"},
				"west": {"uv": [14, 0, 16, 16], "rotation": 90, "texture": "#0"},
				"up": {"uv": [14, 0, 16, 16], "rotation": 180, "texture": "#0"},
				"down": {"uv": [14, 0, 16, 16], "texture": "#0"}
			}
		},
		{
			"from": [2.838, -5.4431, 14.75553],
			"to": [3.651, 17.5419, 14.86053],
			"rotation": {"angle": 45, "axis": "x", "origin": [-1.5, 17, 15.725]},
			"faces": {
				"north": {"uv": [13.24219, 7.32813, 13.64063, 16], "texture": "#0"},
				"east": {"uv": [14, 0, 16, 16], "rotation": 270, "texture": "#0"},
				"south": {"uv": [14, 0, 16, 16], "rotation": 180, "texture": "#0"},
				"west": {"uv": [14, 0, 16, 16], "rotation": 90, "texture": "#0"},
				"up": {"uv": [14, 0, 16, 16], "rotation": 180, "texture": "#0"},
				"down": {"uv": [14, 0, 16, 16], "texture": "#0"}
			}
		},
		{
			"from": [2.838, 0.75, -1.173],
			"to": [3.651, 24.275, -1.068],
			"rotation": {"angle": 45, "axis": "x", "origin": [-1.5, 0, -0.075]},
			"faces": {
				"north": {"uv": [14, 0, 16, 16], "texture": "#0"},
				"east": {"uv": [14, 0, 16, 16], "rotation": 270, "texture": "#0"},
				"south": {"uv": [14, 0, 16, 16], "rotation": 180, "texture": "#0"},
				"west": {"uv": [14, 0, 16, 16], "rotation": 90, "texture": "#0"},
				"up": {"uv": [14, 0, 16, 16], "rotation": 180, "texture": "#0"},
				"down": {"uv": [14, 0, 16, 16], "texture": "#0"}
			}
		},
		{
			"from": [1.75, 13.75, -0.625],
			"to": [4.75, 15.25, -0.375],
			"rotation": {"angle": 45, "axis": "x", "origin": [-1.5, 0, -0.075]},
			"faces": {
				"north": {"uv": [12.67969, 0.64844, 15.67969, 2.14844], "texture": "#0"},
				"east": {"uv": [12.67969, 0.64844, 15.67969, 2.14844], "rotation": 270, "texture": "#0"},
				"south": {"uv": [12.67969, 0.64844, 15.67969, 2.14844], "rotation": 180, "texture": "#0"},
				"west": {"uv": [12.67969, 0.64844, 15.67969, 2.14844], "rotation": 90, "texture": "#0"},
				"up": {"uv": [12.67969, 0.64844, 15.67969, 2.14844], "rotation": 180, "texture": "#0"},
				"down": {"uv": [12.67969, 0.64844, 15.67969, 2.14844], "texture": "#0"}
			}
		},
		{
			"from": [2, 14, -0.775],
			"to": [2.25, 14.25, -0.525],
			"rotation": {"angle": 45, "axis": "x", "origin": [-1.5, 0, -0.075]},
			"faces": {
				"north": {"uv": [12.73438, 0.85156, 12.98438, 1.10156], "texture": "#0"},
				"east": {"uv": [12.73438, 0.85156, 12.98438, 1.10156], "rotation": 270, "texture": "#0"},
				"south": {"uv": [12.73438, 0.85156, 12.98438, 1.10156], "rotation": 180, "texture": "#0"},
				"west": {"uv": [12.73438, 0.85156, 12.98438, 1.10156], "rotation": 90, "texture": "#0"},
				"up": {"uv": [12.73438, 0.85156, 12.98438, 1.10156], "rotation": 180, "texture": "#0"},
				"down": {"uv": [12.73438, 0.85156, 12.98438, 1.10156], "texture": "#0"}
			}
		},
		{
			"from": [4.25, 14, -0.775],
			"to": [4.5, 14.25, -0.525],
			"rotation": {"angle": 45, "axis": "x", "origin": [-1.5, 0, -0.075]},
			"faces": {
				"north": {"uv": [12.67969, 1.14844, 12.92969, 1.39844], "texture": "#0"},
				"east": {"uv": [12.67969, 1.14844, 12.92969, 1.39844], "rotation": 270, "texture": "#0"},
				"south": {"uv": [12.67969, 1.14844, 12.92969, 1.39844], "rotation": 180, "texture": "#0"},
				"west": {"uv": [12.67969, 1.14844, 12.92969, 1.39844], "rotation": 90, "texture": "#0"},
				"up": {"uv": [12.67969, 1.14844, 12.92969, 1.39844], "rotation": 180, "texture": "#0"},
				"down": {"uv": [12.67969, 1.14844, 12.92969, 1.39844], "texture": "#0"}
			}
		},
		{
			"from": [4.25, 14.75, -0.775],
			"to": [4.5, 15, -0.525],
			"rotation": {"angle": 45, "axis": "x", "origin": [-1.5, 0, -0.075]},
			"faces": {
				"north": {"uv": [12.67969, 1.14844, 12.92969, 1.39844], "texture": "#0"},
				"east": {"uv": [12.67969, 1.14844, 12.92969, 1.39844], "rotation": 270, "texture": "#0"},
				"south": {"uv": [12.67969, 1.14844, 12.92969, 1.39844], "rotation": 180, "texture": "#0"},
				"west": {"uv": [12.67969, 1.14844, 12.92969, 1.39844], "rotation": 90, "texture": "#0"},
				"up": {"uv": [12.67969, 1.14844, 12.92969, 1.39844], "rotation": 180, "texture": "#0"},
				"down": {"uv": [12.67969, 1.14844, 12.92969, 1.39844], "texture": "#0"}
			}
		},
		{
			"from": [2, 14.75, -0.775],
			"to": [2.25, 15, -0.525],
			"rotation": {"angle": 45, "axis": "x", "origin": [-1.5, 0, -0.075]},
			"faces": {
				"north": {"uv": [12.73438, 0.85156, 12.98438, 1.10156], "texture": "#0"},
				"east": {"uv": [12.73438, 0.85156, 12.98438, 1.10156], "rotation": 270, "texture": "#0"},
				"south": {"uv": [12.73438, 0.85156, 12.98438, 1.10156], "rotation": 180, "texture": "#0"},
				"west": {"uv": [12.73438, 0.85156, 12.98438, 1.10156], "rotation": 90, "texture": "#0"},
				"up": {"uv": [12.73438, 0.85156, 12.98438, 1.10156], "rotation": 180, "texture": "#0"},
				"down": {"uv": [12.73438, 0.85156, 12.98438, 1.10156], "texture": "#0"}
			}
		},
		{
			"from": [1.75, 9.75, -0.625],
			"to": [4.75, 11.25, -0.375],
			"rotation": {"angle": 45, "axis": "x", "origin": [-1.5, 0, -0.075]},
			"faces": {
				"north": {"uv": [12.75781, 0.30469, 15.75781, 1.80469], "texture": "#0"},
				"east": {"uv": [12.75781, 0.30469, 15.75781, 1.80469], "rotation": 270, "texture": "#0"},
				"south": {"uv": [12.75781, 0.30469, 15.75781, 1.80469], "rotation": 180, "texture": "#0"},
				"west": {"uv": [12.75781, 0.30469, 15.75781, 1.80469], "rotation": 90, "texture": "#0"},
				"up": {"uv": [12.75781, 0.30469, 15.75781, 1.80469], "rotation": 180, "texture": "#0"},
				"down": {"uv": [12.75781, 0.30469, 15.75781, 1.80469], "texture": "#0"}
			}
		},
		{
			"from": [2, 10, -0.775],
			"to": [2.25, 10.25, -0.525],
			"rotation": {"angle": 45, "axis": "x", "origin": [-1.5, 0, -0.075]},
			"faces": {
				"north": {"uv": [12.70313, 1.36719, 12.95313, 1.61719], "texture": "#0"},
				"east": {"uv": [12.70313, 1.36719, 12.95313, 1.61719], "rotation": 270, "texture": "#0"},
				"south": {"uv": [12.70313, 1.36719, 12.95313, 1.61719], "rotation": 180, "texture": "#0"},
				"west": {"uv": [12.70313, 1.36719, 12.95313, 1.61719], "rotation": 90, "texture": "#0"},
				"up": {"uv": [12.70313, 1.36719, 12.95313, 1.61719], "rotation": 180, "texture": "#0"},
				"down": {"uv": [12.70313, 1.36719, 12.95313, 1.61719], "texture": "#0"}
			}
		},
		{
			"from": [4.25, 10, -0.775],
			"to": [4.5, 10.25, -0.525],
			"rotation": {"angle": 45, "axis": "x", "origin": [-1.5, 0, -0.075]},
			"faces": {
				"north": {"uv": [12.67969, 1.14844, 12.92969, 1.39844], "texture": "#0"},
				"east": {"uv": [12.67969, 1.14844, 12.92969, 1.39844], "rotation": 270, "texture": "#0"},
				"south": {"uv": [12.67969, 1.14844, 12.92969, 1.39844], "rotation": 180, "texture": "#0"},
				"west": {"uv": [12.67969, 1.14844, 12.92969, 1.39844], "rotation": 90, "texture": "#0"},
				"up": {"uv": [12.67969, 1.14844, 12.92969, 1.39844], "rotation": 180, "texture": "#0"},
				"down": {"uv": [12.67969, 1.14844, 12.92969, 1.39844], "texture": "#0"}
			}
		},
		{
			"from": [4.25, 10.75, -0.775],
			"to": [4.5, 11, -0.525],
			"rotation": {"angle": 45, "axis": "x", "origin": [-1.5, 0, -0.075]},
			"faces": {
				"north": {"uv": [12.67969, 1.14844, 12.92969, 1.39844], "texture": "#0"},
				"east": {"uv": [12.67969, 1.14844, 12.92969, 1.39844], "rotation": 270, "texture": "#0"},
				"south": {"uv": [12.67969, 1.14844, 12.92969, 1.39844], "rotation": 180, "texture": "#0"},
				"west": {"uv": [12.67969, 1.14844, 12.92969, 1.39844], "rotation": 90, "texture": "#0"},
				"up": {"uv": [12.67969, 1.14844, 12.92969, 1.39844], "rotation": 180, "texture": "#0"},
				"down": {"uv": [12.67969, 1.14844, 12.92969, 1.39844], "texture": "#0"}
			}
		},
		{
			"from": [2, 10.75, -0.775],
			"to": [2.25, 11, -0.525],
			"rotation": {"angle": 45, "axis": "x", "origin": [-1.5, 0, -0.075]},
			"faces": {
				"north": {"uv": [12.70313, 1.36719, 12.95313, 1.61719], "texture": "#0"},
				"east": {"uv": [12.70313, 1.36719, 12.95313, 1.61719], "rotation": 270, "texture": "#0"},
				"south": {"uv": [12.70313, 1.36719, 12.95313, 1.61719], "rotation": 180, "texture": "#0"},
				"west": {"uv": [12.70313, 1.36719, 12.95313, 1.61719], "rotation": 90, "texture": "#0"},
				"up": {"uv": [12.70313, 1.36719, 12.95313, 1.61719], "rotation": 180, "texture": "#0"},
				"down": {"uv": [12.70313, 1.36719, 12.95313, 1.61719], "texture": "#0"}
			}
		},
		{
			"from": [1.75, 5.75, -0.625],
			"to": [4.75, 7.25, -0.375],
			"rotation": {"angle": 45, "axis": "x", "origin": [-1.5, 0, -0.075]},
			"faces": {
				"north": {"uv": [12.67969, 0.64844, 15.67969, 2.14844], "texture": "#0"},
				"east": {"uv": [12.67969, 0.64844, 15.67969, 2.14844], "rotation": 270, "texture": "#0"},
				"south": {"uv": [12.67969, 0.64844, 15.67969, 2.14844], "rotation": 180, "texture": "#0"},
				"west": {"uv": [12.67969, 0.64844, 15.67969, 2.14844], "rotation": 90, "texture": "#0"},
				"up": {"uv": [12.67969, 0.64844, 15.67969, 2.14844], "rotation": 180, "texture": "#0"},
				"down": {"uv": [12.67969, 0.64844, 15.67969, 2.14844], "texture": "#0"}
			}
		},
		{
			"from": [2, 6, -0.775],
			"to": [2.25, 6.25, -0.525],
			"rotation": {"angle": 45, "axis": "x", "origin": [-1.5, 0, -0.075]},
			"faces": {
				"north": {"uv": [12.70313, 1.36719, 12.95313, 1.61719], "texture": "#0"},
				"east": {"uv": [12.70313, 1.36719, 12.95313, 1.61719], "rotation": 270, "texture": "#0"},
				"south": {"uv": [12.70313, 1.36719, 12.95313, 1.61719], "rotation": 180, "texture": "#0"},
				"west": {"uv": [12.70313, 1.36719, 12.95313, 1.61719], "rotation": 90, "texture": "#0"},
				"up": {"uv": [12.70313, 1.36719, 12.95313, 1.61719], "rotation": 180, "texture": "#0"},
				"down": {"uv": [12.70313, 1.36719, 12.95313, 1.61719], "texture": "#0"}
			}
		},
		{
			"from": [4.25, 6, -0.775],
			"to": [4.5, 6.25, -0.525],
			"rotation": {"angle": 45, "axis": "x", "origin": [-1.5, 0, -0.075]},
			"faces": {
				"north": {"uv": [12.67969, 1.14844, 12.92969, 1.39844], "texture": "#0"},
				"east": {"uv": [12.67969, 1.14844, 12.92969, 1.39844], "rotation": 270, "texture": "#0"},
				"south": {"uv": [12.67969, 1.14844, 12.92969, 1.39844], "rotation": 180, "texture": "#0"},
				"west": {"uv": [12.67969, 1.14844, 12.92969, 1.39844], "rotation": 90, "texture": "#0"},
				"up": {"uv": [12.67969, 1.14844, 12.92969, 1.39844], "rotation": 180, "texture": "#0"},
				"down": {"uv": [12.67969, 1.14844, 12.92969, 1.39844], "texture": "#0"}
			}
		},
		{
			"from": [4.25, 6.75, -0.775],
			"to": [4.5, 7, -0.525],
			"rotation": {"angle": 45, "axis": "x", "origin": [-1.5, 0, -0.075]},
			"faces": {
				"north": {"uv": [12.67969, 1.14844, 12.92969, 1.39844], "texture": "#0"},
				"east": {"uv": [12.67969, 1.14844, 12.92969, 1.39844], "rotation": 270, "texture": "#0"},
				"south": {"uv": [12.67969, 1.14844, 12.92969, 1.39844], "rotation": 180, "texture": "#0"},
				"west": {"uv": [12.67969, 1.14844, 12.92969, 1.39844], "rotation": 90, "texture": "#0"},
				"up": {"uv": [12.67969, 1.14844, 12.92969, 1.39844], "rotation": 180, "texture": "#0"},
				"down": {"uv": [12.67969, 1.14844, 12.92969, 1.39844], "texture": "#0"}
			}
		},
		{
			"from": [2, 6.75, -0.775],
			"to": [2.25, 7, -0.525],
			"rotation": {"angle": 45, "axis": "x", "origin": [-1.5, 0, -0.075]},
			"faces": {
				"north": {"uv": [12.70313, 1.36719, 12.95313, 1.61719], "texture": "#0"},
				"east": {"uv": [12.70313, 1.36719, 12.95313, 1.61719], "rotation": 270, "texture": "#0"},
				"south": {"uv": [12.70313, 1.36719, 12.95313, 1.61719], "rotation": 180, "texture": "#0"},
				"west": {"uv": [12.70313, 1.36719, 12.95313, 1.61719], "rotation": 90, "texture": "#0"},
				"up": {"uv": [12.70313, 1.36719, 12.95313, 1.61719], "rotation": 180, "texture": "#0"},
				"down": {"uv": [12.70313, 1.36719, 12.95313, 1.61719], "texture": "#0"}
			}
		},
		{
			"from": [4.25, 2, -0.775],
			"to": [4.5, 2.25, -0.525],
			"rotation": {"angle": 45, "axis": "x", "origin": [-1.5, 0, -0.075]},
			"faces": {
				"north": {"uv": [12.73438, 1.34375, 12.98438, 1.59375], "texture": "#0"},
				"east": {"uv": [12.73438, 1.34375, 12.98438, 1.59375], "rotation": 270, "texture": "#0"},
				"south": {"uv": [12.73438, 1.34375, 12.98438, 1.59375], "rotation": 180, "texture": "#0"},
				"west": {"uv": [12.73438, 1.34375, 12.98438, 1.59375], "rotation": 90, "texture": "#0"},
				"up": {"uv": [12.73438, 1.34375, 12.98438, 1.59375], "rotation": 180, "texture": "#0"},
				"down": {"uv": [12.73438, 1.34375, 12.98438, 1.59375], "texture": "#0"}
			}
		},
		{
			"from": [4.25, 2.75, -0.775],
			"to": [4.5, 3, -0.525],
			"rotation": {"angle": 45, "axis": "x", "origin": [-1.5, 0, -0.075]},
			"faces": {
				"north": {"uv": [12.70313, 1.44531, 12.95313, 1.69531], "texture": "#0"},
				"east": {"uv": [12.70313, 1.44531, 12.95313, 1.69531], "rotation": 270, "texture": "#0"},
				"south": {"uv": [12.70313, 1.44531, 12.95313, 1.69531], "rotation": 180, "texture": "#0"},
				"west": {"uv": [12.70313, 1.44531, 12.95313, 1.69531], "rotation": 90, "texture": "#0"},
				"up": {"uv": [12.70313, 1.44531, 12.95313, 1.69531], "rotation": 180, "texture": "#0"},
				"down": {"uv": [12.70313, 1.44531, 12.95313, 1.69531], "texture": "#0"}
			}
		},
		{
			"from": [2, 2.75, -0.775],
			"to": [2.25, 3, -0.525],
			"rotation": {"angle": 45, "axis": "x", "origin": [-1.5, 0, -0.075]},
			"faces": {
				"north": {"uv": [12.70313, 1.36719, 12.95313, 1.61719], "texture": "#0"},
				"east": {"uv": [12.70313, 1.36719, 12.95313, 1.61719], "rotation": 270, "texture": "#0"},
				"south": {"uv": [12.70313, 1.36719, 12.95313, 1.61719], "rotation": 180, "texture": "#0"},
				"west": {"uv": [12.70313, 1.36719, 12.95313, 1.61719], "rotation": 90, "texture": "#0"},
				"up": {"uv": [12.70313, 1.36719, 12.95313, 1.61719], "rotation": 180, "texture": "#0"},
				"down": {"uv": [12.70313, 1.36719, 12.95313, 1.61719], "texture": "#0"}
			}
		},
		{
			"from": [2, 2, -0.775],
			"to": [2.25, 2.25, -0.525],
			"rotation": {"angle": 45, "axis": "x", "origin": [-1.5, 0, -0.075]},
			"faces": {
				"north": {"uv": [12.70313, 1.36719, 12.95313, 1.61719], "texture": "#0"},
				"east": {"uv": [12.70313, 1.36719, 12.95313, 1.61719], "rotation": 270, "texture": "#0"},
				"south": {"uv": [12.70313, 1.36719, 12.95313, 1.61719], "rotation": 180, "texture": "#0"},
				"west": {"uv": [12.70313, 1.36719, 12.95313, 1.61719], "rotation": 90, "texture": "#0"},
				"up": {"uv": [12.70313, 1.36719, 12.95313, 1.61719], "rotation": 180, "texture": "#0"},
				"down": {"uv": [12.70313, 1.36719, 12.95313, 1.61719], "texture": "#0"}
			}
		},
		{
			"from": [1.75, 1.75, -0.625],
			"to": [4.75, 3.25, -0.375],
			"rotation": {"angle": 45, "axis": "x", "origin": [-1.5, 0, -0.075]},
			"faces": {
				"north": {"uv": [12.67969, 0.64844, 15.67969, 2.14844], "texture": "#0"},
				"east": {"uv": [12.67969, 0.64844, 15.67969, 2.14844], "rotation": 270, "texture": "#0"},
				"south": {"uv": [12.67969, 0.64844, 15.67969, 2.14844], "rotation": 180, "texture": "#0"},
				"west": {"uv": [12.67969, 0.64844, 15.67969, 2.14844], "rotation": 90, "texture": "#0"},
				"up": {"uv": [12.67969, 0.64844, 15.67969, 2.14844], "rotation": 180, "texture": "#0"},
				"down": {"uv": [12.67969, 0.64844, 15.67969, 2.14844], "texture": "#0"}
			}
		},
		{
			"from": [1, 13.5, -0.575],
			"to": [15, 15.5, 0.175],
			"rotation": {"angle": 45, "axis": "x", "origin": [8, 0, -0.075]},
			"faces": {
				"north": {"uv": [0, 0, 2, 14], "rotation": 270, "texture": "#0"},
				"east": {"uv": [0, 0, 2, 14], "rotation": 180, "texture": "#0"},
				"south": {"uv": [0, 0, 2, 14], "rotation": 90, "texture": "#0"},
				"west": {"uv": [0, 0, 2, 14], "texture": "#0"},
				"up": {"uv": [0, 0, 2, 14], "rotation": 90, "texture": "#0"},
				"down": {"uv": [0, 0, 2, 14], "rotation": 270, "texture": "#0"}
			}
		},
		{
			"from": [1, 17.5, -0.575],
			"to": [15, 19.5, 0.175],
			"rotation": {"angle": 45, "axis": "x", "origin": [8, 0, -0.075]},
			"faces": {
				"north": {"uv": [0, 0, 2, 14], "rotation": 270, "texture": "#0"},
				"east": {"uv": [0, 0, 2, 14], "rotation": 180, "texture": "#0"},
				"south": {"uv": [0, 0, 2, 14], "rotation": 90, "texture": "#0"},
				"west": {"uv": [0, 0, 2, 14], "texture": "#0"},
				"up": {"uv": [0, 0, 2, 14], "rotation": 90, "texture": "#0"},
				"down": {"uv": [0, 0, 2, 14], "rotation": 270, "texture": "#0"}
			}
		},
		{
			"from": [1, 16, 15.975],
			"to": [15, 16.75, 17.05],
			"rotation": {"angle": 0, "axis": "x", "origin": [8, 0, -0.075]},
			"faces": {
				"north": {"uv": [0, 0, 2, 14], "rotation": 90, "texture": "#0"},
				"east": {"uv": [0, 0, 2, 14], "rotation": 90, "texture": "#0"},
				"south": {"uv": [0, 0, 2, 14], "rotation": 90, "texture": "#0"},
				"west": {"uv": [0, 0, 2, 14], "rotation": 90, "texture": "#0"},
				"up": {"uv": [0, 0, 2, 14], "rotation": 90, "texture": "#0"},
				"down": {"uv": [0, 0, 2, 14], "rotation": 90, "texture": "#0"}
			}
		},
		{
			"from": [1, -0.05, -1.1],
			"to": [15, 0.7, 0.225],
			"rotation": {"angle": 0, "axis": "y", "origin": [8, 0, -0.075]},
			"faces": {
				"north": {"uv": [0, 0, 2, 14], "rotation": 90, "texture": "#0"},
				"east": {"uv": [0, 0, 2, 14], "rotation": 90, "texture": "#0"},
				"south": {"uv": [0, 0, 2, 14], "rotation": 90, "texture": "#0"},
				"west": {"uv": [0, 0, 2, 14], "rotation": 90, "texture": "#0"},
				"up": {"uv": [0, 0, 2, 14], "rotation": 90, "texture": "#0"},
				"down": {"uv": [0, 0, 2, 14], "rotation": 90, "texture": "#0"}
			}
		},
		{
			"from": [1, 21.5, -0.575],
			"to": [15, 23.2, 0.175],
			"rotation": {"angle": 45, "axis": "x", "origin": [8, 0, -0.075]},
			"faces": {
				"north": {"uv": [0, 0, 2, 14], "rotation": 270, "texture": "#0"},
				"east": {"uv": [0, 0, 2, 14], "rotation": 180, "texture": "#0"},
				"south": {"uv": [0, 0, 2, 14], "rotation": 90, "texture": "#0"},
				"west": {"uv": [0, 0, 2, 14], "texture": "#0"},
				"up": {"uv": [0, 0, 2, 14], "rotation": 90, "texture": "#0"},
				"down": {"uv": [0, 0, 2, 14], "rotation": 270, "texture": "#0"}
			}
		},
		{
			"from": [1, 9.5, -0.575],
			"to": [15, 11.5, 0.175],
			"rotation": {"angle": 45, "axis": "x", "origin": [8, 0, -0.075]},
			"faces": {
				"north": {"uv": [0, 0, 2, 14], "rotation": 270, "texture": "#0"},
				"east": {"uv": [0, 0, 2, 14], "rotation": 180, "texture": "#0"},
				"south": {"uv": [0, 0, 2, 14], "rotation": 90, "texture": "#0"},
				"west": {"uv": [0, 0, 2, 14], "texture": "#0"},
				"up": {"uv": [0, 0, 2, 14], "rotation": 90, "texture": "#0"},
				"down": {"uv": [0, 0, 2, 14], "rotation": 270, "texture": "#0"}
			}
		},
		{
			"from": [1, 5.5, -0.575],
			"to": [15, 7.5, 0.175],
			"rotation": {"angle": 45, "axis": "x", "origin": [8, 0, -0.075]},
			"faces": {
				"north": {"uv": [0, 0, 2, 14], "rotation": 270, "texture": "#0"},
				"east": {"uv": [0, 0, 2, 14], "rotation": 180, "texture": "#0"},
				"south": {"uv": [0, 0, 2, 14], "rotation": 90, "texture": "#0"},
				"west": {"uv": [0, 0, 2, 14], "texture": "#0"},
				"up": {"uv": [0, 0, 2, 14], "rotation": 90, "texture": "#0"},
				"down": {"uv": [0, 0, 2, 14], "rotation": 270, "texture": "#0"}
			}
		},
		{
			"from": [1, 0.175, -0.575],
			"to": [15, 3.5, 0.175],
			"rotation": {"angle": 45, "axis": "x", "origin": [8, 0, -0.075]},
			"faces": {
				"north": {"uv": [0, 0, 1, 14], "rotation": 270, "texture": "#0"},
				"east": {"uv": [0, 0, 1, 14], "rotation": 180, "texture": "#0"},
				"south": {"uv": [0, 0, 1, 14], "rotation": 90, "texture": "#0"},
				"west": {"uv": [0, 0, 1, 14], "texture": "#0"},
				"up": {"uv": [0, 0, 1, 14], "rotation": 90, "texture": "#0"},
				"down": {"uv": [0, 0, 1, 14], "rotation": 270, "texture": "#0"}
			}
		},
		{
			"from": [12.25, 0.75, -1.805],
			"to": [13.238, 23.7, -1.15],
			"rotation": {"angle": 45, "axis": "x", "origin": [8, 0, -0.075]},
			"faces": {
				"north": {"uv": [14.01563, 7.42188, 15.53125, 16], "texture": "#0"},
				"east": {"uv": [14.01563, 7.42188, 15.53125, 16], "rotation": 270, "texture": "#0"},
				"south": {"uv": [14.01563, 7.42188, 15.53125, 16], "rotation": 180, "texture": "#0"},
				"west": {"uv": [14.01563, 7.42188, 15.53125, 16], "rotation": 90, "texture": "#0"},
				"up": {"uv": [14.01563, 7.42188, 15.53125, 16], "rotation": 180, "texture": "#0"},
				"down": {"uv": [14.01563, 7.42188, 15.53125, 16], "texture": "#0"}
			}
		}
	],
	"groups": [
		0,
		1,
		2,
		3,
		4,
		5,
		6,
		7,
		8,
		9,
		10,
		11,
		12,
		13,
		14,
		15,
		16,
		17,
		18,
		19,
		20,
		21,
		22,
		23,
		24,
		25,
		26,
		27,
		28,
		29,
		30,
		31,
		32,
		33,
		34,
		35,
		36,
		37,
		38,
		39,
		40,
		41,
		42,
		43,
		44,
		45,
		46,
		47,
		48,
		49,
		50,
		51,
		52,
		53,
		54,
		55,
		56,
		57,
		58,
		59,
		60,
		61,
		62,
		63,
		64,
		65,
		66,
		67,
		68,
		69,
		70,
		71,
		72,
		73,
		74,
		75,
		76,
		77,
		78,
		79,
		80,
		81,
		82,
		83,
		84,
		85,
		86,
		87,
		88,
		89,
		90,
		91,
		92,
		93,
		94,
		95,
		96,
		97,
		98,
		99,
		100,
		101,
		102,
		103,
		104,
		105,
		106,
		107,
		108,
		109,
		110,
		111,
		112,
		113,
		114,
		115,
		116,
		117,
		118,
		119,
		120,
		121,
		122,
		123,
		124,
		125,
		{
			"name": "group",
			"origin": [8, 0, 0],
			"color": 0,
			"children": []
		}
	]
}